va	mangled	size	code	class	name
00401000	__setargv	16	1		__setargv
00401010	?ProgressRect@@YAXHHHHI@Z	224	1		ProgressRect
004010F0	?ProgressCB@@YAXPBDH@Z	240	1		ProgressCB
004011E0	?Main@@YAHXZ	1200	1		Main
00401690	?InitDirectDraw@@YAXXZ	64	1		InitDirectDraw
004016D0	?MainPhase@@YAX_NH@Z	816	1		MainPhase
00401A00	?GameLoop@@YAX_N@Z	160	1		GameLoop
00401AA0	?BeginPhase@@YAX_N@Z	816	1		BeginPhase
00401DD0	?GetLoadScreenName@@YAXPBD@Z	160	1		GetLoadScreenName
00401E70	?InitAudioManager@@YAX_N@Z	336	1		InitAudioManager
00401FC0	?EndPhase@@YAXXZ	256	1		EndPhase
004020C0	?KillAudioManager@@YAXXZ	48	1		KillAudioManager
004020F0	?RestoreFocus@@YAXXZ	144	1		RestoreFocus
00402180	?CreateGameMutex@@YAXPBD@Z	80	1		CreateGameMutex
004021D0	?CheckGlobalMemory@@YAXXZ	128	1		CheckGlobalMemory
00402250	?CheckDiskSpace@@YAXXZ	96	1		CheckDiskSpace
004022B0	?ExceptMain@@YAHXZ	144	1		ExceptMain
00402340	?ArchInit@@YAXHPAPAD@Z	16	1		ArchInit
00402350	?ageProcessEvents@@YAXXZ	16	1		ageProcessEvents
00402360	_main	624	1		_main
004025D0	nullsub_267	16	1		nullsub_267
004025E0	nullsub_268	16	1		nullsub_268
004025F0	nullsub_269	16	1		nullsub_269
00402600	??_H@YGXPAXIHP6EX0@Z@Z	48	1		`vector constructor iterator'
00402630	?ageDebug@@YAXHPBDZZ	16	1		ageDebug
00402640	ImmDestroyContext	6	1		ImmDestroyContext
00402646	ImmAssociateContext	6	1		ImmAssociateContext
0040264C	ImmGetContext	6	1		ImmGetContext
00402652	GetSystemDefaultLangID	6	1		GetSystemDefaultLangID
00402658	WaitForSingleObject	6	1		WaitForSingleObject
0040265E	CreateMutexA	6	1		CreateMutexA
00402664	GlobalMemoryStatus	6	1		GlobalMemoryStatus
0040266A	GetDiskFreeSpaceA	6	1		GetDiskFreeSpaceA
00402670	OutputDebugStringA	6	1		OutputDebugStringA
00402676	GetProcAddress	6	1		GetProcAddress
0040267C	LoadLibraryA	6	1		LoadLibraryA
00402682	MessageBoxA	6	1		MessageBoxA
00402688	EnumDisplaySettingsA	6	1		EnumDisplaySettingsA
0040268E	SetFocus	6	1		SetFocus
00402694	ChangeDisplaySettingsA	6	1		ChangeDisplaySettingsA
0040269A	ShellExecuteA	6	1		ShellExecuteA
004026A0	?FirstRunEula@@YA_NXZ	224	1		FirstRunEula
00402780	?ebolaPlayMovie@@YAXPAD@Z	608	1		ebolaPlayMovie
004029E0	??0mmGameManager@@QAE@XZ	1104	1	mmGameManager	mmGameManager
00402E30	?Reset@mmGameManager@@UAEXXZ	16	1	mmGameManager	Reset
00402E40	??1mmGameManager@@UAE@XZ	352	1	mmGameManager	~mmGameManager
00402FA0	?BeDone@mmGameManager@@QAEXXZ	16	1	mmGameManager	BeDone
00402FB0	?ForcePopupUI@mmGameManager@@QAEXXZ	48	1	mmGameManager	ForcePopupUI
00402FE0	?ForceReplayUI@mmGameManager@@QAEXXZ	32	1	mmGameManager	ForceReplayUI
00403000	?Update@mmGameManager@@UAEXXZ	464	1	mmGameManager	Update
004031D0	?Cull@mmGameManager@@UAEXXZ	304	1	mmGameManager	Cull
00403300	??_GmmGameManager@@UAEPAXI@Z	48	1	mmGameManager	`scalar deleting destructor'
00403330	?FileIO@asNode@@UAEXAAVdatParser@@@Z	16	1	asNode	FileIO
00403340	?AfterLoad@asNode@@UAEXXZ	16	1	asNode	AfterLoad
00403350	?BeforeSave@asNode@@UAEXXZ	16	1	asNode	BeforeSave
00403360	?GetClassNameA@asNode@@UAEPADXZ	16	1	asNode	GetClassNameA
00403370	??_EphSleep@@QAEPAXI@Z	96	1	phSleep	`vector deleting destructor'
004033D0	??0mmPlayer@@QAE@XZ	1072	1	mmPlayer	mmPlayer
00403800	??1mmPlayer@@UAE@XZ	400	1	mmPlayer	~mmPlayer
00403990	?BeforeSave@mmPlayer@@UAEXXZ	16	1	mmPlayer	BeforeSave
004039A0	?AfterLoad@mmPlayer@@UAEXXZ	16	1	mmPlayer	AfterLoad
004039B0	?ReInit@mmPlayer@@QAEXPAD@Z	368	1	mmPlayer	ReInit
00403B20	?Init@mmPlayer@@QAEXPAD0PAVmmGame@@@Z	1424	1	mmPlayer	Init
004040B0	?InitSpeechAudio@mmPlayer@@AAEXPAD@Z	336	1	mmPlayer	InitSpeechAudio
00404200	?SetGameCallback@mmPlayer@@QAEXVdatCallback@@@Z	32	1	mmPlayer	SetGameCallback
00404220	?ImpactCallback@mmPlayer@@QAEXPAX0@Z	48	1	mmPlayer	ImpactCallback
00404250	?SetPreRaceCam@mmPlayer@@QAEXXZ	256	1	mmPlayer	SetPreRaceCam
00404350	?SetPostRaceCam@mmPlayer@@QAEXXZ	272	1	mmPlayer	SetPostRaceCam
00404460	?SetMPPostCam@mmPlayer@@QAEXPAVMatrix34@@M@Z	240	1	mmPlayer	SetMPPostCam
00404550	?IsPOV@mmPlayer@@QAEHXZ	48	1	mmPlayer	IsPOV
00404580	?SetWideFOV@mmPlayer@@QAEXH@Z	304	1	mmPlayer	SetWideFOV
004046B0	?GetNextCycleCamIndex@mmPlayer@@IAEHXZ	32	1	mmPlayer	GetNextCycleCamIndex
004046D0	?GetNextCycleXCamIndex@mmPlayer@@IAEHXZ	32	1	mmPlayer	GetNextCycleXCamIndex
004046F0	?GetCurrentGameCamIndex@mmPlayer@@IAEHXZ	16	1	mmPlayer	GetCurrentGameCamIndex
00404700	?GetCurrentXCamIndex@mmPlayer@@IAEHXZ	16	1	mmPlayer	GetCurrentXCamIndex
00404710	?SetCamera@mmPlayer@@IAEXHH@Z	384	1	mmPlayer	SetCamera
00404890	?GetCamera@mmPlayer@@IAEXAAH0@Z	80	1	mmPlayer	GetCamera
004048E0	?GetCurrentCameraPtr@mmPlayer@@AAEPAVcamCarCS@@XZ	64	1	mmPlayer	GetCurrentCameraPtr
00404920	?UpdateHOG@mmPlayer@@QAEXXZ	320	1	mmPlayer	UpdateHOG
00404A60	?Reset@mmPlayer@@UAEXXZ	384	1	mmPlayer	Reset
00404BE0	?ResetFF@mmPlayer@@QAEXXZ	112	1	mmPlayer	ResetFF
00404C50	?SetSteering@mmPlayer@@QAEXM@Z	32	1	mmPlayer	SetSteering
00404C70	?playerFilterSteering@@YAMM@Z	32	1		playerFilterSteering
00404C90	?FilterSteering@mmPlayer@@QAEMM@Z	1712	1	mmPlayer	FilterSteering
00405340	?UpdateFF@mmPlayer@@QAEXXZ	1056	1	mmPlayer	UpdateFF
00405760	?Update@mmPlayer@@UAEXXZ	2416	1	mmPlayer	Update
004060D0	?SetCamInterest@mmPlayer@@QAEXPAVphInertialCS@@@Z	112	1	mmPlayer	SetCamInterest
00406140	?IsMaxDamaged@mmPlayer@@QAEHXZ	32	1	mmPlayer	IsMaxDamaged
00406160	?EnableRegen@mmPlayer@@QAEXH@Z	32	1	mmPlayer	EnableRegen
00406180	?ResetDamage@mmPlayer@@QAEXXZ	32	1	mmPlayer	ResetDamage
004061A0	?UpdateRegen@mmPlayer@@QAEXXZ	160	1	mmPlayer	UpdateRegen
00406240	?FFImpactCallback@mmPlayer@@QAEXM@Z	224	1	mmPlayer	FFImpactCallback
00406320	?FileIO@mmPlayer@@UAEXAAVdatParser@@@Z	1200	1	mmPlayer	FileIO
004067D0	??_GmmPlayer@@UAEPAXI@Z	48	1	mmPlayer	`scalar deleting destructor'
00406800	??1camPolarCS@@UAE@XZ	16	1	camPolarCS	~camPolarCS
00406810	??1camAICS@@UAE@XZ	16	1	camAICS	~camAICS
00406820	??1camPointCS@@UAE@XZ	16	1	camPointCS	~camPointCS
00406830	??1camPreCS@@UAE@XZ	16	1	camPreCS	~camPreCS
00406840	??1camPostCS@@UAE@XZ	16	1	camPostCS	~camPostCS
00406850	?AddValue@datParser@@QAEXPBDPAMPAVdatCallback@@@Z	32	1	datParser	AddValue
00406870	??0mmReplayManager@@QAE@XZ	176	1	mmReplayManager	mmReplayManager
00406920	LogRandomCall	16	1		LogRandomCall
00406930	??1mmReplayManager@@UAE@XZ	96	1	mmReplayManager	~mmReplayManager
00406990	?Reset@mmReplayManager@@UAEXXZ	80	1	mmReplayManager	Reset
004069E0	?Update@mmReplayManager@@UAEXXZ	1040	1	mmReplayManager	Update
00406DF0	?Cull@mmReplayManager@@UAEXXZ	16	1	mmReplayManager	Cull
00406E00	?ProcessCam@mmReplayManager@@AAEXXZ	128	1	mmReplayManager	ProcessCam
00406E80	?StartReplay@mmReplayManager@@AAEXXZ	112	1	mmReplayManager	StartReplay
00406EF0	?SetReplayDesc@mmReplayManager@@QAEXPAD@Z	64	1	mmReplayManager	SetReplayDesc
00406F30	?LoadReplayDesc@mmReplayManager@@QAEHPAD@Z	208	1	mmReplayManager	LoadReplayDesc
00407000	?LoadReplay@mmReplayManager@@QAEXPAD@Z	304	1	mmReplayManager	LoadReplay
00407130	?EndOfReplay@mmReplayManager@@QAE_NXZ	32	1	mmReplayManager	EndOfReplay
00407150	?SaveReplayDesc@mmReplayManager@@QAEXPAD@Z	144	1	mmReplayManager	SaveReplayDesc
004071E0	?SaveReplay@mmReplayManager@@QAEXPAD@Z	240	1	mmReplayManager	SaveReplay
004072D0	?GetBrakes@mmReplayManager@@QAEMXZ	48	1	mmReplayManager	GetBrakes
00407300	?GetHandBrakes@mmReplayManager@@QAEMXZ	48	1	mmReplayManager	GetHandBrakes
00407330	?GetSteering@mmReplayManager@@QAEMXZ	48	1	mmReplayManager	GetSteering
00407360	?GetThrottle@mmReplayManager@@QAEMXZ	48	1	mmReplayManager	GetThrottle
00407390	?GetData@mmReplayManager@@QAEXPAHPA_N@Z	64	1	mmReplayManager	GetData
004073D0	?SetData@mmReplayManager@@QAEXH_N@Z	64	1	mmReplayManager	SetData
00407410	?GetReplayInfo@mmReplayManager@@AAEXXZ	400	1	mmReplayManager	GetReplayInfo
004075A0	?SetReplayInfo@mmReplayManager@@AAEXXZ	384	1	mmReplayManager	SetReplayInfo
00407720	?WriteReplayInfo@mmReplayManager@@AAEXPAVStream@@@Z	512	1	mmReplayManager	WriteReplayInfo
00407920	?ReadReplayInfo@mmReplayManager@@AAEXPAVStream@@@Z	496	1	mmReplayManager	ReadReplayInfo
00407B10	??_GmmReplayManager@@UAEPAXI@Z	48	1	mmReplayManager	`scalar deleting destructor'
00407B40	?GetClassName@asNode@@UAEPADXZ	16	1	asNode	GetClassName
00407B50	?IsStock@@YAHPAD@Z	48	1		IsStock
00407B80	?GetHostCars@@YAXAAVstring@@@Z	256	1		GetHostCars
00407C80	??0mmInterface@@QAE@XZ	5040	1	mmInterface	mmInterface
00409030	?InitPlayerInfo@mmInterface@@QAEXXZ	1168	1	mmInterface	InitPlayerInfo
004094C0	??1mmInterface@@UAE@XZ	288	1	mmInterface	~mmInterface
004095E0	?MessageCallback@mmInterface@@QAEXPAX0@Z	1872	1	mmInterface	MessageCallback
00409D30	?MessageCallback2@mmInterface@@QAEXPAX0@Z	1024	1	mmInterface	MessageCallback2
0040A130	?Reset@mmInterface@@UAEXXZ	16	1	mmInterface	Reset
0040A140	?ShowMain@mmInterface@@QAEXH@Z	912	1	mmInterface	ShowMain
0040A4D0	?GetReplayDescCB@mmInterface@@AAEXXZ	192	1	mmInterface	GetReplayDescCB
0040A590	?ShowLockedVehicleMessage@mmInterface@@QAEXXZ	32	1	mmInterface	ShowLockedVehicleMessage
0040A5B0	?BeDone@mmInterface@@QAEXXZ	272	1	mmInterface	BeDone
0040A6C0	?Update@mmInterface@@UAEXXZ	6560	1	mmInterface	Update
0040C060	mmInterface_IsAutodialEnabled	128	1		mmInterface_IsAutodialEnabled
0040C0E0	?NetJoinCB@mmInterface@@AAEXXZ	96	1	mmInterface	NetJoinCB
0040C140	?NetNameCB@mmInterface@@AAEXXZ	48	1	mmInterface	NetNameCB
0040C170	?JoinGame@mmInterface@@AAEXXZ	64	1	mmInterface	JoinGame
0040C1B0	?JoinLobbyGame@mmInterface@@AAEXXZ	32	1	mmInterface	JoinLobbyGame
0040C1D0	?JoinLAN@mmInterface@@AAEXXZ	144	1	mmInterface	JoinLAN
0040C260	?JoinSerial@mmInterface@@AAEHXZ	192	1	mmInterface	JoinSerial
0040C320	?JoinModem@mmInterface@@AAEHXZ	272	1	mmInterface	JoinModem
0040C430	?UpdateLobby@mmInterface@@QAEXXZ	2912	1	mmInterface	UpdateLobby
0040CF90	?Switch@mmInterface@@QAEXHH@Z	1232	1	mmInterface	Switch
0040D460	?LobbySwitch@mmInterface@@QAEXHH@Z	896	1	mmInterface	LobbySwitch
0040D7E0	?GetUnlockedCar@mmInterface@@AAEXXZ	80	1	mmInterface	GetUnlockedCar
0040D830	?GetUnlockedColor@mmInterface@@AAEXXZ	16	1	mmInterface	GetUnlockedColor
0040D840	?RequestProverb@mmInterface@@AAEXXZ	336	1	mmInterface	RequestProverb
0040D990	?LimitToHostCars@mmInterface@@AAEXVstring@@@Z	336	1	mmInterface	LimitToHostCars
0040DAE0	?PlayerRemoveCB@mmInterface@@AAEXXZ	48	1	mmInterface	PlayerRemoveCB
0040DB10	?PlayerRemove@mmInterface@@AAEXPAD@Z	496	1	mmInterface	PlayerRemove
0040DD00	?PlayerCreateCB@mmInterface@@AAEXXZ	80	1	mmInterface	PlayerCreateCB
0040DD50	?PlayerCreate@mmInterface@@AAEHPAD@Z	480	1	mmInterface	PlayerCreate
0040DF30	?PlayerLoadCB@mmInterface@@AAEXXZ	48	1	mmInterface	PlayerLoadCB
0040DF60	?PlayerGraphicsCB@mmInterface@@AAEXXZ	128	1	mmInterface	PlayerGraphicsCB
0040DFE0	?PlayerLoad@mmInterface@@AAEXPAD@Z	320	1	mmInterface	PlayerLoad
0040E120	?PlayerSwitchCityCB@mmInterface@@AAEXXZ	48	1	mmInterface	PlayerSwitchCityCB
0040E150	?PlayerSetState@mmInterface@@AAEXXZ	560	1	mmInterface	PlayerSetState
0040E380	?CitySetupCB@mmInterface@@AAEXXZ	512	1	mmInterface	CitySetupCB
0040E580	?GetTimeString@mmInterface@@AAEXMPAD@Z	96	1	mmInterface	GetTimeString
0040E5E0	?GetScoreString@mmInterface@@AAEXHPAD@Z	64	1	mmInterface	GetScoreString
0040E620	?GetRaceString@mmInterface@@AAEXHPAD@Z	96	1	mmInterface	GetRaceString
0040E680	?GetRaceName@mmInterface@@AAEPADW4dgGameMode@@HPAD@Z	416	1	mmInterface	GetRaceName
0040E820	?HOFInitRecords@mmInterface@@AAEXHPAD@	208	1	mmInterface	HOFInitRecords
0040E8F0	?HOFCB@mmInterface@@AAEXXZ	48	1	mmInterface	HOFCB
0040E920	?HOFFillRecords@mmInterface@@AAEXPAD@Z	2704	1	mmInterface	HOFFillRecords
0040F3B0	?PlayerInitStats@mmInterface@@AAEXPAD@Z	176	1	mmInterface	PlayerInitStats
0040F460	?PlayerFillStats@mmInterface@@AAEXXZ	448	1	mmInterface	PlayerFillStats
0040F620	?PlayerFillRecords@mmInterface@@AAEXPAD@Z	1200	1	mmInterface	PlayerFillRecords
0040FAD0	?PlayerFillCrashRecords@mmInterface@@AAEXPAD@Z	208	1	mmInterface	PlayerFillCrashRecords
0040FBA0	?PlayerResolveScore@mmInterface@@AAEXXZ	640	1	mmInterface	PlayerResolveScore
0040FE20	?PlayerResolveCars@mmInterface@@AAEXXZ	96	1	mmInterface	PlayerResolveCars
0040FE80	?PlayerReadState@mmInterface@@AAEXXZ	32	1	mmInterface	PlayerReadState
0040FEA0	?RefreshDriverList@mmInterface@@AAEXXZ	176	1	mmInterface	RefreshDriverList
0040FF50	?SetStateRace@mmInterface@@AAEXH@Z	16	1	mmInterface	SetStateRace
0040FF60	?SetStateDefaults@mmInterface@@AAEXXZ	32	1	mmInterface	SetStateDefaults
0040FF80	?InitNetwork@mmInterface@@AAEXXZ	272	1	mmInterface	InitNetwork
00410090	?InitLobby@mmInterface@@QAEXXZ	288	1	mmInterface	InitLobby
004101B0	?InitProtocols@mmInterface@@AAEXXZ	32	1	mmInterface	InitProtocols
004101D0	?ShowSessions@mmInterface@@AAEXXZ	464	1	mmInterface	ShowSessions
004103A0	?ClearSessions@mmInterface@@AAEXXZ	32	1	mmInterface	ClearSessions
004103C0	?RefreshSessions@mmInterface@@AAEXXZ	48	1	mmInterface	RefreshSessions
004103F0	?JoinSession@mmInterface@@AAEHH@Z	480	1	mmInterface	JoinSession
004105D0	?JoinPasswordSession@mmInterface@@AAEHH@Z	384	1	mmInterface	JoinPasswordSession
00410750	?MultiAllReady@mmInterface@@AAE_NXZ	96	1	mmInterface	MultiAllReady
004107B0	?MultiStartGame@mmInterface@@AAEXXZ	256	1	mmInterface	MultiStartGame
004108B0	?MultiFillRoster@mmInterface@@AAEXXZ	128	1	mmInterface	MultiFillRoster
00410930	?SetHostProtocol@mmInterface@@AAEXXZ	160	1	mmInterface	SetHostProtocol
004109D0	?SetProtocol@mmInterface@@AAEXXZ	192	1	mmInterface	SetProtocol
00410A90	?SetProtocol2@mmInterface@@AAEHXZ	80	1	mmInterface	SetProtocol2
00410AE0	?CreatePlayer@mmInterface@@AAEHH@Z	640	1	mmInterface	CreatePlayer
00410D60	?GetHostPlayerData@mmInterface@@AAEHAAUmmPlayerInfo@@@Z	80	1	mmInterface	GetHostPlayerData
00410DB0	?GetUniquePlayerName@mmInterface@@AAEXXZ	224	1	mmInterface	GetUniquePlayerName
00410E90	?ChangePlayerData@mmInterface@@AAEXH@Z	720	1	mmInterface	ChangePlayerData
00411160	?RefreshPlayers@mmInterface@@AAEXXZ	704	1	mmInterface	RefreshPlayers
00411420	?GetSessionData@mmInterface@@AAEXUNETSESSION_DESC@@@Z	592	1	mmInterface	GetSessionData
00411670	?CreateSession@mmInterface@@AAEHXZ	384	1	mmInterface	CreateSession
004117F0	?SetSessionData@mmInterface@@AAEXPAUNETSESSION_DESC@@@Z	432	1	mmInterface	SetSessionData
004119A0	?SetCRStateData@mmInterface@@AAEXXZ	112	1	mmInterface	SetCRStateData
00411A10	?LobbyCreate@mmInterface@@AAEHXZ	880	1	mmInterface	LobbyCreate
00411D80	?SendChatMessage@mmInterface@@AAEXPAX@Z	224	1	mmInterface	SendChatMessage
00411E60	?SendMsg@mmInterface@@AAEXHH@Z	32	1	mmInterface	SendMsg
00411E80	?SendStartMsg@mmInterface@@AAEXXZ	112	1	mmInterface	SendStartMsg
00411EF0	?BootPlayerCB@mmInterface@@AAEXPAX0@Z	48	1	mmInterface	BootPlayerCB
00411F20	?SendBootMsg@mmInterface@@AAEXK@Z	32	1	mmInterface	SendBootMsg
00411F40	?SendReadyStatus@mmInterface@@AAEXXZ	48	1	mmInterface	SendReadyStatus
00411F70	?SendReadyReq@mmInterface@@AAEXXZ	32	1	mmInterface	SendReadyReq
00411F90	?SendHostCars@mmInterface@@AAEXK@Z	128	1	mmInterface	SendHostCars
00412010	?SetupArchiveTest@mmInterface@@QAEXAAH@Z	624	1	mmInterface	SetupArchiveTest
00412280	?PlayUIMusic@mmInterface@@AAEXXZ	192	1	mmInterface	PlayUIMusic
00412340	?RefreshMe@mmInterface@@AAEXXZ	400	1	mmInterface	RefreshMe
004124D0	??_EmmInterface@@UAEPAXI@Z	48	1	mmInterface	`vector deleting destructor'
00412500	?Init@string@@QAEXH@Z	80	1	string	Init
00412550	??0mmGame@@QAE@XZ	448	1	mmGame	mmGame
00412710	?Init@mmGame@@UAEHXZ	2816	1	mmGame	Init
00413210	?InitGizmos@mmGame@@IAEXXZ	352	1	mmGame	InitGizmos
00413370	?InitWeather@mmGame@@IAEXXZ	128	1	mmGame	InitWeather
004133F0	?InitOtherPlayers@mmGame@@UAEXXZ	304	1	mmGame	InitOtherPlayers
00413520	?CollideAIOpponents@mmGame@@QAEXXZ	304	1	mmGame	CollideAIOpponents
00413650	?InitGameStrings@mmGame@@UAEXXZ	752	1	mmGame	InitGameStrings
00413940	??1mmGame@@UAE@XZ	560	1	mmGame	~mmGame
00413B70	?RespawnXYZ@mmGame@@IAEXAAVVector3@@AAM_N22@Z	448	1	mmGame	RespawnXYZ
00413D30	?IsPopupEnabled@mmGame@@QAEHXZ	16	1	mmGame	IsPopupEnabled
00413D40	?Reset@mmGame@@UAEXXZ	176	1	mmGame	Reset
00413DF0	?StartMusic@mmGame@@QAEXXZ	160	1	mmGame	StartMusic
00413E90	?Update@mmGame@@UAEXXZ	864	1	mmGame	Update
004141F0	?UpdateDMusic@mmGame@@QAEXXZ	144	1	mmGame	UpdateDMusic
00414280	?DropThruCityHandler@mmGame@@UAEXXZ	16	1	mmGame	DropThruCityHandler
00414290	?HitWaterHandler@mmGame@@UAEXXZ	16	1	mmGame	HitWaterHandler
004142A0	?UpdateDebugInput@mmGame@@QAE_NXZ	512	1	mmGame	UpdateDebugInput
004144A0	?UpdatePaused@mmGame@@UAEXXZ	272	1	mmGame	UpdatePaused
004145B0	?UpdateHorn@mmGame@@QAEX_N@Z	176	1	mmGame	UpdateHorn
00414660	?UpdateGameInput@mmGame@@QAEXXZ	928	1	mmGame	UpdateGameInput
00414A00	?UpdateSteeringBrakes@mmGame@@QAEXXZ	432	1	mmGame	UpdateSteeringBrakes
00414BB0	?SetIconsState@mmGame@@QAEXXZ	32	1	mmGame	SetIconsState
00414BD0	?PlayerSetState@mmGame@@QAEXXZ	352	1	mmGame	PlayerSetState
00414D30	?BeDone@mmGame@@UAEXH@Z	208	1	mmGame	BeDone
00414E00	?CalculateRaceScore@mmGame@@IAEHHH@Z	80	1	mmGame	CalculateRaceScore
00414E50	?SendChatMessage@mmGame@@UAEXPAD@Z	112	1	mmGame	SendChatMessage
00414EC0	?FarClipCB@mmGame@@QAEXXZ	48	1	mmGame	FarClipCB
00414EF0	?SetLevelGraphics@mmGame@@QAEXXZ	128	1	mmGame	SetLevelGraphics
00414F70	?CycleCam@mmGame@@QAEXXZ	16	1	mmGame	CycleCam
00414F80	?NetHost@mmGame@@QAEHXZ	32	1	mmGame	NetHost
00414FA0	?FindGroundPos@mmGame@@QAEXAAVVector3@@0@Z	592	1	mmGame	FindGroundPos
004151F0	??_GmmGame@@UAEPAXI@Z	48	1	mmGame	`scalar deleting destructor'
00415220	??0phIntersectionPoint@@QAE@XZ	16	1	phIntersectionPoint	phIntersectionPoint
00415230	??0phIntersection@@QAE@XZ	16	1	phIntersection	phIntersection
00415240	?init_gizmo_mgr@@YAPAVgizSailboatMgr@@PAVmmGame@@PBD1@Z	448	1		init_gizmo_mgr
00415400	?init_gizmo_mgr@@YAPAVgizBridgeMgr@@PAVmmGame@@PBD1@Z	448	1		init_gizmo_mgr
004155C0	?init_gizmo_mgr@@YAPAVgizTrainMgr@@PAVmmGame@@PBD1@Z	448	1		init_gizmo_mgr
00415780	?init_gizmo_mgr@@YAPAVgizFerryMgr@@PAVmmGame@@PBD1@Z	448	1		init_gizmo_mgr
00415940	?init_gizmo_mgr@@YAPAVgizParkedCarMgr@@PAVmmGame@@PBD1@Z	448	1		init_gizmo_mgr
00415B00	??0mmSingleStunt@@QAE@XZ	192	1	mmSingleStunt	mmSingleStunt
00415BC0	??1mmSingleStunt@@UAE@XZ	128	1	mmSingleStunt	~mmSingleStunt
00415C40	?Init@mmSingleStunt@@UAEHXZ	256	1	mmSingleStunt	Init
00415D40	?InitMyPlayer@mmSingleStunt@@UAEXXZ	112	1	mmSingleStunt	InitMyPlayer
00415DB0	?InitHUD@mmSingleStunt@@UAEXXZ	704	1	mmSingleStunt	InitHUD
00416070	?LoadEventFile@mmSingleStunt@@AAE_NPAD@Z	672	1	mmSingleStunt	LoadEventFile
00416310	?InitNewEvent@mmSingleStunt@@QAEXXZ	320	1	mmSingleStunt	InitNewEvent
00416450	?InitGameObjects@mmSingleStunt@@UAEXXZ	720	1	mmSingleStunt	InitGameObjects
00416720	?InitOtherPlayers@mmSingleStunt@@UAEXXZ	64	1	mmSingleStunt	InitOtherPlayers
00416760	?Reset@mmSingleStunt@@UAEXXZ	192	1	mmSingleStunt	Reset
00416820	?EnableRacers@mmSingleStunt@@QAEXXZ	224	1	mmSingleStunt	EnableRacers
00416900	?GetOpponentIndex@mmSingleStunt@@AAEHXZ	32	1	mmSingleStunt	GetOpponentIndex
00416920	?HitWaterHandler@mmSingleStunt@@UAEXXZ	80	1	mmSingleStunt	HitWaterHandler
00416970	?Update@mmSingleStunt@@UAEXXZ	16	1	mmSingleStunt	Update
00416980	?UpdateGameInput@mmSingleStunt@@UAEXH@Z	16	1	mmSingleStunt	UpdateGameInput
00416990	?UpdateGame@mmSingleStunt@@UAEXXZ	192	1	mmSingleStunt	UpdateGame
00416A50	?UpdateEvade@mmSingleStunt@@AAEXXZ	1504	1	mmSingleStunt	UpdateEvade
00417030	?UpdateAccel@mmSingleStunt@@AAEXXZ	1168	1	mmSingleStunt	UpdateAccel
004174C0	?UpdateJump@mmSingleStunt@@AAEXXZ	1616	1	mmSingleStunt	UpdateJump
00417B10	?UpdateChase@mmSingleStunt@@AAEXXZ	1504	1	mmSingleStunt	UpdateChase
004180F0	?UpdateFrogger@mmSingleStunt@@AAEXXZ	1712	1	mmSingleStunt	UpdateFrogger
004187A0	?UpdateCorner@mmSingleStunt@@AAEXXZ	2160	1	mmSingleStunt	UpdateCorner
00419010	?UpdateBlitz@mmSingleStunt@@AAEXXZ	1504	1	mmSingleStunt	UpdateBlitz
004195F0	?UpdateStop@mmSingleStunt@@AAEXXZ	1696	1	mmSingleStunt	UpdateStop
00419C90	?UpdateCollide@mmSingleStunt@@AAEXXZ	1184	1	mmSingleStunt	UpdateCollide
0041A130	?CheckTimeUp@mmSingleStunt@@AAE_NXZ	128	1	mmSingleStunt	CheckTimeUp
0041A1B0	?CheckCopPursuit@mmSingleStunt@@AAE_NXZ	352	1	mmSingleStunt	CheckCopPursuit
0041A310	?HUDMessage@mmSingleStunt@@AAEXH@Z	48	1	mmSingleStunt	HUDMessage
0041A340	?EventSoundCtrl@mmSingleStunt@@QAEX_NH@Z	80	1	mmSingleStunt	EventSoundCtrl
0041A390	?PlayTimerWarning@mmSingleStunt@@AAEXM@Z	208	1	mmSingleStunt	PlayTimerWarning
0041A460	?SwitchState@mmSingleStunt@@UAEXH@Z	16	1	mmSingleStunt	SwitchState
0041A470	?NextRaceAvailable@mmSingleStunt@@AAE_NXZ	32	1	mmSingleStunt	NextRaceAvailable
0041A490	?NextRace@mmSingleStunt@@UAEXXZ	608	1	mmSingleStunt	NextRace
0041A6F0	?RegisterFinish@mmSingleStunt@@QAEHH@Z	848	1	mmSingleStunt	RegisterFinish
0041AA40	??_EmmSingleStunt@@UAEPAXI@Z	48	1	mmSingleStunt	`vector deleting destructor'
0041AA70	??0mmPlayerRecord@@QAE@ABV0@@Z	128	1	mmPlayerRecord	mmPlayerRecord
0041AAF0	??_GBase@@UAEPAXI@Z	48	1	Base	`scalar deleting destructor'
0041AB20	??_GmmPlayerRecord@@UAEPAXI@Z	48	1	mmPlayerRecord	`scalar deleting destructor'
0041AB50	?FileIO@mmInfoBase@@UAEXAAVdatParser@@@Z	16	1	mmInfoBase	FileIO
0041AB60	??_GmmInfoBase@@UAEPAXI@Z	48	1	mmInfoBase	`scalar deleting destructor'
0041AB90	??1mmInfoBase@@UAE@XZ	16	1	mmInfoBase	~mmInfoBase
0041ABA0	?GetWaypoints@mmGameSingle@@UAEPAVmmWaypoints@@XZ	32	1	mmGameSingle	GetWaypoints
0041ABC0	??0mmCCData@@QAE@XZ	32	1	mmCCData	mmCCData
0041ABE0	??1mmCCData@@QAE@XZ	16	1	mmCCData	~mmCCData
0041ABF0	?UpdateDebugKeyInput@mmSingleStunt@@UAEXH@Z	16	1	mmSingleStunt	UpdateDebugKeyInput
0041AC00	??0mmSingleBlitz@@QAE@XZ	112	1	mmSingleBlitz	mmSingleBlitz
0041AC70	??1mmSingleBlitz@@UAE@XZ	192	1	mmSingleBlitz	~mmSingleBlitz
0041AD30	?Init@mmSingleBlitz@@UAEHXZ	288	1	mmSingleBlitz	Init
0041AE50	?InitMyPlayer@mmSingleBlitz@@UAEXXZ	112	1	mmSingleBlitz	InitMyPlayer
0041AEC0	?InitHUD@mmSingleBlitz@@UAEXXZ	528	1	mmSingleBlitz	InitHUD
0041B0D0	?InitGameObjects@mmSingleBlitz@@UAEXXZ	656	1	mmSingleBlitz	InitGameObjects
0041B360	?InitOtherPlayers@mmSingleBlitz@@UAEXXZ	16	1	mmSingleBlitz	InitOtherPlayers
0041B370	?Reset@mmSingleBlitz@@UAEXXZ	144	1	mmSingleBlitz	Reset
0041B400	?HitWaterHandler@mmSingleBlitz@@UAEXXZ	96	1	mmSingleBlitz	HitWaterHandler
0041B460	?Update@mmSingleBlitz@@UAEXXZ	304	1	mmSingleBlitz	Update
0041B590	?UpdateGameInput@mmSingleBlitz@@UAEXH@Z	64	1	mmSingleBlitz	UpdateGameInput
0041B5D0	?UpdateGame@mmSingleBlitz@@UAEXXZ	2016	1	mmSingleBlitz	UpdateGame
0041BDB0	?SwitchState@mmSingleBlitz@@UAEXH@Z	16	1	mmSingleBlitz	SwitchState
0041BDC0	?RegisterFinish@mmSingleBlitz@@AAEHXZ	480	1	mmSingleBlitz	RegisterFinish
0041BFA0	?FinishMessage@mmSingleBlitz@@AAEXH@Z	48	1	mmSingleBlitz	FinishMessage
0041BFD0	?ProgressCheck@mmSingleBlitz@@AAEHHH@Z	176	1	mmSingleBlitz	ProgressCheck
0041C080	?NextRace@mmSingleBlitz@@UAEXXZ	480	1	mmSingleBlitz	NextRace
0041C260	?PlayTimerWarning@mmSingleBlitz@@QAEXM@Z	496	1	mmSingleBlitz	PlayTimerWarning
0041C450	??_GmmSingleBlitz@@UAEPAXI@Z	48	1	mmSingleBlitz	`scalar deleting destructor'
0041C480	?UpdateDebugKeyInput@mmSingleBlitz@@UAEXH@Z	16	1	mmSingleBlitz	UpdateDebugKeyInput
0041C490	?GetWaypoints@mmSingleBlitz@@UAEPAVmmWaypoints@@XZ	16	1	mmSingleBlitz	GetWaypoints
0041C4A0	??0mmSingleCircuit@@QAE@XZ	64	1	mmSingleCircuit	mmSingleCircuit
0041C4E0	??1mmSingleCircuit@@UAE@XZ	176	1	mmSingleCircuit	~mmSingleCircuit
0041C590	?Init@mmSingleCircuit@@UAEHXZ	288	1	mmSingleCircuit	Init
0041C6B0	?InitMyPlayer@mmSingleCircuit@@UAEXXZ	112	1	mmSingleCircuit	InitMyPlayer
0041C720	?InitHUD@mmSingleCircuit@@UAEXXZ	80	1	mmSingleCircuit	InitHUD
0041C770	?InitGameObjects@mmSingleCircuit@@UAEXXZ	720	1	mmSingleCircuit	InitGameObjects
0041CA40	?InitOtherPlayers@mmSingleCircuit@@UAEXXZ	16	1	mmSingleCircuit	InitOtherPlayers
0041CA50	?Reset@mmSingleCircuit@@UAEXXZ	80	1	mmSingleCircuit	Reset
0041CAA0	?HitWaterHandler@mmSingleCircuit@@UAEXXZ	224	1	mmSingleCircuit	HitWaterHandler
0041CB80	?Update@mmSingleCircuit@@UAEXXZ	16	1	mmSingleCircuit	Update
0041CB90	?UpdateGameInput@mmSingleCircuit@@UAEXH@Z	16	1	mmSingleCircuit	UpdateGameInput
0041CBA0	?UpdateScore@mmSingleCircuit@@QAEXXZ	832	1	mmSingleCircuit	UpdateScore
0041CEE0	?UpdateGame@mmSingleCircuit@@UAEXXZ	1440	1	mmSingleCircuit	UpdateGame
0041D480	?UpdateOpponentStatus@mmSingleCircuit@@QAEXXZ	528	1	mmSingleCircuit	UpdateOpponentStatus
0041D690	?SwitchState@mmSingleCircuit@@UAEXH@Z	16	1	mmSingleCircuit	SwitchState
0041D6A0	?FinishMessage@mmSingleCircuit@@AAEXHH@Z	416	1	mmSingleCircuit	FinishMessage
0041D840	?RegisterLap@mmSingleCircuit@@AAEHXZ	96	1	mmSingleCircuit	RegisterLap
0041D8A0	?RegisterFinish@mmSingleCircuit@@AAEHXZ	736	1	mmSingleCircuit	RegisterFinish
0041DB80	?ProgressCheck@mmSingleCircuit@@AAEHHH@Z	64	1	mmSingleCircuit	ProgressCheck
0041DBC0	?NextRace@mmSingleCircuit@@UAEXXZ	800	1	mmSingleCircuit	NextRace
0041DEE0	??_EmmSingleCircuit@@UAEPAXI@Z	48	1	mmSingleCircuit	`vector deleting destructor'
0041DF10	?UpdateDebugKeyInput@mmSingleCircuit@@UAEXH@Z	16	1	mmSingleCircuit	UpdateDebugKeyInput
0041DF20	?GetWaypoints@mmSingleCircuit@@UAEPAVmmWaypoints@@XZ	16	1	mmSingleCircuit	GetWaypoints
0041DF30	??0mmSingleRace@@QAE@XZ	48	1	mmSingleRace	mmSingleRace
0041DF60	??1mmSingleRace@@UAE@XZ	176	1	mmSingleRace	~mmSingleRace
0041E010	?Init@mmSingleRace@@UAEHXZ	288	1	mmSingleRace	Init
0041E130	?InitMyPlayer@mmSingleRace@@UAEXXZ	112	1	mmSingleRace	InitMyPlayer
0041E1A0	?InitHUD@mmSingleRace@@UAEXXZ	96	1	mmSingleRace	InitHUD
0041E200	?InitGameObjects@mmSingleRace@@UAEXXZ	736	1	mmSingleRace	InitGameObjects
0041E4E0	?InitOtherPlayers@mmSingleRace@@UAEXXZ	16	1	mmSingleRace	InitOtherPlayers
0041E4F0	?Reset@mmSingleRace@@UAEXXZ	64	1	mmSingleRace	Reset
0041E530	?HitWaterHandler@mmSingleRace@@UAEXXZ	112	1	mmSingleRace	HitWaterHandler
0041E5A0	?Update@mmSingleRace@@UAEXXZ	16	1	mmSingleRace	Update
0041E5B0	?UpdateGameInput@mmSingleRace@@UAEXH@Z	64	1	mmSingleRace	UpdateGameInput
0041E5F0	?UpdateGame@mmSingleRace@@UAEXXZ	1456	1	mmSingleRace	UpdateGame
0041EBA0	?UpdateOpponentStatus@mmSingleRace@@QAEXXZ	528	1	mmSingleRace	UpdateOpponentStatus
0041EDB0	?SwitchState@mmSingleRace@@UAEXH@Z	16	1	mmSingleRace	SwitchState
0041EDC0	?UpdateScore@mmSingleRace@@QAEXXZ	832	1	mmSingleRace	UpdateScore
0041F100	?NextRaceAvailable@mmSingleRace@@AAEHXZ	112	1	mmSingleRace	NextRaceAvailable
0041F170	?FinishMessage@mmSingleRace@@AAEXHH@Z	416	1	mmSingleRace	FinishMessage
0041F310	?RegisterFinish@mmSingleRace@@AAEHXZ	640	1	mmSingleRace	RegisterFinish
0041F590	?ProgressCheck@mmSingleRace@@AAEHHH@Z	112	1	mmSingleRace	ProgressCheck
0041F600	?NextRace@mmSingleRace@@UAEXXZ	832	1	mmSingleRace	NextRace
0041F940	??_GmmSingleRace@@UAEPAXI@Z	48	1	mmSingleRace	`scalar deleting destructor'
0041F970	?UpdateDebugKeyInput@mmSingleRace@@UAEXH@Z	16	1	mmSingleRace	UpdateDebugKeyInput
0041F980	?GetWaypoints@mmSingleRace@@UAEPAVmmWaypoints@@XZ	16	1	mmSingleRace	GetWaypoints
0041F990	??0mmSingleRoam@@QAE@XZ	48	1	mmSingleRoam	mmSingleRoam
0041F9C0	??1mmSingleRoam@@UAE@XZ	112	1	mmSingleRoam	~mmSingleRoam
0041FA30	?Init@mmSingleRoam@@UAEHXZ	112	1	mmSingleRoam	Init
0041FAA0	?InitMyPlayer@mmSingleRoam@@UAEXXZ	112	1	mmSingleRoam	InitMyPlayer
0041FB10	?InitHUD@mmSingleRoam@@UAEXXZ	48	1	mmSingleRoam	InitHUD
0041FB40	?InitGameObjects@mmSingleRoam@@UAEXXZ	256	1	mmSingleRoam	InitGameObjects
0041FC40	?InitOtherPlayers@mmSingleRoam@@UAEXXZ	80	1	mmSingleRoam	InitOtherPlayers
0041FC90	?Reset@mmSingleRoam@@UAEXXZ	64	1	mmSingleRoam	Reset
0041FCD0	?HitWaterHandler@mmSingleRoam@@UAEXXZ	16	1	mmSingleRoam	HitWaterHandler
0041FCE0	?Update@mmSingleRoam@@UAEXXZ	16	1	mmSingleRoam	Update
0041FCF0	?UpdateGameInput@mmSingleRoam@@UAEXH@Z	16	1	mmSingleRoam	UpdateGameInput
0041FD00	?UpdateGame@mmSingleRoam@@UAEXXZ	144	1	mmSingleRoam	UpdateGame
0041FD90	?SwitchState@mmSingleRoam@@UAEXH@Z	16	1	mmSingleRoam	SwitchState
0041FDA0	?NextRace@mmSingleRoam@@UAEXXZ	320	1	mmSingleRoam	NextRace
0041FEE0	??_GmmSingleRoam@@UAEPAXI@Z	64	1	mmSingleRoam	`scalar deleting destructor'
0041FF20	?UpdateDebugKeyInput@mmSingleRoam@@UAEXH@Z	16	1	mmSingleRoam	UpdateDebugKeyInput
0041FF30	??0mmMultiBlitz@@QAE@XZ	48	1	mmMultiBlitz	mmMultiBlitz
0041FF60	??1mmMultiBlitz@@UAE@XZ	160	1	mmMultiBlitz	~mmMultiBlitz
00420000	?Init@mmMultiBlitz@@UAEHXZ	304	1	mmMultiBlitz	Init
00420130	?InitMyPlayer@mmMultiBlitz@@UAEXXZ	112	1	mmMultiBlitz	InitMyPlayer
004201A0	?InitHUD@mmMultiBlitz@@UAEXXZ	128	1	mmMultiBlitz	InitHUD
00420220	?InitGameObjects@mmMultiBlitz@@UAEXXZ	656	1	mmMultiBlitz	InitGameObjects
004204B0	?InitNetworkPlayers@mmMultiBlitz@@UAEXXZ	976	1	mmMultiBlitz	InitNetworkPlayers
00420880	?Reset@mmMultiBlitz@@UAEXXZ	192	1	mmMultiBlitz	Reset
00420940	?UpdateGameInput@mmMultiBlitz@@UAEXH@Z	64	1	mmMultiBlitz	UpdateGameInput
00420980	?UpdateGame@mmMultiBlitz@@UAEXXZ	2256	1	mmMultiBlitz	UpdateGame
00421250	?SwitchState@mmMultiBlitz@@UAEXH@Z	16	1	mmMultiBlitz	SwitchState
00421260	?SystemMessage@mmMultiBlitz@@UAEXPAUNETSYS_MSG@@@Z	272	1	mmMultiBlitz	SystemMessage
00421370	?GameMessage@mmMultiBlitz@@UAEXPAUNET_RCXHEAD@@@Z	1472	1	mmMultiBlitz	GameMessage
00421930	?PlayTimerWarning@mmMultiBlitz@@QAEXM@Z	528	1	mmMultiBlitz	PlayTimerWarning
00421B40	??_GmmMultiBlitz@@UAEPAXI@Z	48	1	mmMultiBlitz	`scalar deleting destructor'
00421B70	?NextRace@mmGameMulti@@UAEXXZ	16	1	mmGameMulti	NextRace
00421B80	?GetWaypoints@mmMultiBlitz@@UAEPAVmmWaypoints@@XZ	16	1	mmMultiBlitz	GetWaypoints
00421B90	??0mmMultiCircuit@@QAE@XZ	48	1	mmMultiCircuit	mmMultiCircuit
00421BC0	??1mmMultiCircuit@@UAE@XZ	160	1	mmMultiCircuit	~mmMultiCircuit
00421C60	?Init@mmMultiCircuit@@UAEHXZ	368	1	mmMultiCircuit	Init
00421DD0	?InitMyPlayer@mmMultiCircuit@@UAEXXZ	112	1	mmMultiCircuit	InitMyPlayer
00421E40	?InitHUD@mmMultiCircuit@@UAEXXZ	80	1	mmMultiCircuit	InitHUD
00421E90	?InitGameObjects@mmMultiCircuit@@UAEXXZ	528	1	mmMultiCircuit	InitGameObjects
004220A0	?InitNetworkPlayers@mmMultiCircuit@@UAEXXZ	976	1	mmMultiCircuit	InitNetworkPlayers
00422470	?Reset@mmMultiCircuit@@UAEXXZ	192	1	mmMultiCircuit	Reset
00422530	?UpdateGameInput@mmMultiCircuit@@UAEXH@Z	64	1	mmMultiCircuit	UpdateGameInput
00422570	?UpdateGame@mmMultiCircuit@@UAEXXZ	2080	1	mmMultiCircuit	UpdateGame
00422D90	?SwitchState@mmMultiCircuit@@UAEXH@Z	16	1	mmMultiCircuit	SwitchState
00422DA0	?UpdateDebugKeyInput@mmMultiCircuit@@UAEXH@Z	16	1	mmMultiCircuit	UpdateDebugKeyInput
00422DB0	?SystemMessage@mmMultiCircuit@@UAEXPAUNETSYS_MSG@@@Z	272	1	mmMultiCircuit	SystemMessage
00422EC0	?GameMessage@mmMultiCircuit@@UAEXPAUNET_RCXHEAD@@@Z	2016	1	mmMultiCircuit	GameMessage
004236A0	?GetWaypoints@mmMultiCircuit@@UAEPAVmmWaypoints@@XZ	64	1	mmMultiCircuit	GetWaypoints
004236E0	??0mmMultiCR@@QAE@XZ	224	1	mmMultiCR	mmMultiCR
004237C0	??1mmMultiCR@@UAE@XZ	176	1	mmMultiCR	~mmMultiCR
00423870	?Init@mmMultiCR@@UAEHXZ	384	1	mmMultiCR	Init
004239F0	?InitMyPlayer@mmMultiCR@@UAEXXZ	272	1	mmMultiCR	InitMyPlayer
00423B00	?InitHUD@mmMultiCR@@UAEXXZ	384	1	mmMultiCR	InitHUD
00423C80	?InitGameObjects@mmMultiCR@@UAEXXZ	1040	1	mmMultiCR	InitGameObjects
00424090	?InitNetworkPlayers@mmMultiCR@@UAEXXZ	944	1	mmMultiCR	InitNetworkPlayers
00424440	?Reset@mmMultiCR@@UAEXXZ	512	1	mmMultiCR	Reset
00424640	?LoadSets@mmMultiCR@@QAEHPAD@Z	576	1	mmMultiCR	LoadSets
00424880	?LoadCSV@mmMultiCR@@QAEHPAD@Z	128	1	mmMultiCR	LoadCSV
00424900	?ImpactCallback@mmMultiCR@@QAEXPAX0@Z	256	1	mmMultiCR	ImpactCallback
00424A00	?FondleCarMass@mmMultiCR@@QAEXPAVvehCar@@M@Z	208	1	mmMultiCR	FondleCarMass
00424AD0	?GetNewSet@mmMultiCR@@AAEXXZ	288	1	mmMultiCR	GetNewSet
00424BF0	?GetRandomPoints@mmMultiCR@@AAEXAAVVector3@@00@Z	560	1	mmMultiCR	GetRandomPoints
00424E20	?GetRandomIndex@mmMultiCR@@AAEHXZ	32	1	mmMultiCR	GetRandomIndex
00424E40	?ResetPositions@mmMultiCR@@QAEXH@Z	304	1	mmMultiCR	ResetPositions
00424F70	?SelectTeams@mmMultiCR@@AAEHXZ	16	1	mmMultiCR	SelectTeams
00424F80	?UpdateGameInput@mmMultiCR@@UAEXH@Z	16	1	mmMultiCR	UpdateGameInput
00424F90	?UpdateGame@mmMultiCR@@UAEXXZ	1024	1	mmMultiCR	UpdateGame
00425390	?SwitchState@mmMultiCR@@UAEXH@Z	16	1	mmMultiCR	SwitchState
004253A0	?HitWaterHandler@mmMultiCR@@UAEXXZ	192	1	mmMultiCR	HitWaterHandler
00425460	?DropThruCityHandler@mmMultiCR@@UAEXXZ	192	1	mmMultiCR	DropThruCityHandler
00425520	?StealGold@mmMultiCR@@AAEXPAVvehCar@@@Z	64	1	mmMultiCR	StealGold
00425560	?OppStealGold@mmMultiCR@@AAEXH@Z	112	1	mmMultiCR	OppStealGold
004255D0	?FindGround@mmMultiCR@@AAEXVVector3@@AAV2@@Z	208	1	mmMultiCR	FindGround
004256A0	?DropGold@mmMultiCR@@AAEXVVector3@@HH@Z	400	1	mmMultiCR	DropGold
00425830	?UpdateGold@mmMultiCR@@AAEXXZ	544	1	mmMultiCR	UpdateGold
00425A50	?UpdateHideout@mmMultiCR@@AAEXXZ	336	1	mmMultiCR	UpdateHideout
00425BA0	?UpdateBank@mmMultiCR@@AAEXXZ	336	1	mmMultiCR	UpdateBank
00425CF0	?UpdateLimit@mmMultiCR@@AAEXXZ	496	1	mmMultiCR	UpdateLimit
00425EE0	?FillResults@mmMultiCR@@AAEXXZ	720	1	mmMultiCR	FillResults
004261B0	?SystemMessage@mmMultiCR@@UAEXPAUNETSYS_MSG@@@Z	400	1	mmMultiCR	SystemMessage
00426340	?GameMessage@mmMultiCR@@UAEXPAUNET_RCXHEAD@@@Z	2512	1	mmMultiCR	GameMessage
00426D10	?UpdateTimeWarning@mmMultiCR@@AAEXXZ	368	1	mmMultiCR	UpdateTimeWarning
00426E80	?DisplayTimeWarning@mmMultiCR@@AAEXH@Z	144	1	mmMultiCR	DisplayTimeWarning
00426F10	?SendGameState@mmMultiCR@@AAEXK@Z	224	1	mmMultiCR	SendGameState
00426FF0	?SendSetup@mmMultiCR@@AAEXK@Z	16	1	mmMultiCR	SendSetup
00427000	?SendGoldDrop@mmMultiCR@@AAEXVVector3@@@Z	64	1	mmMultiCR	SendGoldDrop
00427040	?SendGoldAck@mmMultiCR@@AAEXK@Z	64	1	mmMultiCR	SendGoldAck
00427080	?SendGoldDeliver@mmMultiCR@@AAEXXZ	32	1	mmMultiCR	SendGoldDeliver
004270A0	?SendChangeSet@mmMultiCR@@AAEXH@Z	128	1	mmMultiCR	SendChangeSet
00427120	?SendLimitReached@mmMultiCR@@AAEXH@Z	48	1	mmMultiCR	SendLimitReached
00427150	?SendTimeWarning@mmMultiCR@@AAEXH@Z	48	1	mmMultiCR	SendTimeWarning
00427180	?UpdateHUD@mmMultiCR@@AAEXXZ	288	1	mmMultiCR	UpdateHUD
004272A0	?Score@mmMultiCR@@AAEXH@Z	48	1	mmMultiCR	Score
004272D0	?UpdateDebugKeyInput@mmMultiCR@@UAEXH@Z	16	1	mmMultiCR	UpdateDebugKeyInput
004272E0	?CycleInterest@mmMultiCR@@AAEXH@Z	96	1	mmMultiCR	CycleInterest
00427340	?SendLobbyResults@mmMultiCR@@QAEXKHH@Z	416	1	mmMultiCR	SendLobbyResults
004274E0	??_GmmMultiCR@@UAEPAXI@Z	48	1	mmMultiCR	`scalar deleting destructor'
00427510	?GetWaypoints@mmMultiCR@@UAEPAVmmWaypoints@@XZ	16	1	mmMultiCR	GetWaypoints
00427520	??1netScoreInfo@@QAE@XZ	16	1	netScoreInfo	~netScoreInfo
00427530	??0mmMultiRoam@@QAE@XZ	48	1	mmMultiRoam	mmMultiRoam
00427560	??1mmMultiRoam@@UAE@XZ	160	1	mmMultiRoam	~mmMultiRoam
00427600	?Init@mmMultiRoam@@UAEHXZ	256	1	mmMultiRoam	Init
00427700	?InitMyPlayer@mmMultiRoam@@UAEXXZ	112	1	mmMultiRoam	InitMyPlayer
00427770	?InitHUD@mmMultiRoam@@UAEXXZ	48	1	mmMultiRoam	InitHUD
004277A0	?InitGameObjects@mmMultiRoam@@UAEXXZ	224	1	mmMultiRoam	InitGameObjects
00427880	?InitNetworkPlayers@mmMultiRoam@@UAEXXZ	976	1	mmMultiRoam	InitNetworkPlayers
00427C50	?Reset@mmMultiRoam@@UAEXXZ	112	1	mmMultiRoam	Reset
00427CC0	?UpdateGameInput@mmMultiRoam@@UAEXH@Z	16	1	mmMultiRoam	UpdateGameInput
00427CD0	?UpdateGame@mmMultiRoam@@UAEXXZ	480	1	mmMultiRoam	UpdateGame
00427EB0	?SwitchState@mmMultiRoam@@UAEXH@Z	16	1	mmMultiRoam	SwitchState
00427EC0	?SystemMessage@mmMultiRoam@@UAEXPAUNETSYS_MSG@@@Z	400	1	mmMultiRoam	SystemMessage
00428050	?GameMessage@mmMultiRoam@@UAEXPAUNET_RCXHEAD@@@Z	464	1	mmMultiRoam	GameMessage
00428220	??_GmmMultiRoam@@UAEPAXI@Z	48	1	mmMultiRoam	`scalar deleting destructor'
00428250	?GetWaypoints@mmMultiRoam@@UAEPAVmmWaypoints@@XZ	16	1	mmMultiRoam	GetWaypoints
00428260	??0mmMultiRace@@QAE@XZ	64	1	mmMultiRace	mmMultiRace
004282A0	??1mmMultiRace@@UAE@XZ	160	1	mmMultiRace	~mmMultiRace
00428340	?Init@mmMultiRace@@UAEHXZ	240	1	mmMultiRace	Init
00428430	?InitMyPlayer@mmMultiRace@@UAEXXZ	112	1	mmMultiRace	InitMyPlayer
004284A0	?InitHUD@mmMultiRace@@UAEXXZ	80	1	mmMultiRace	InitHUD
004284F0	?InitGameObjects@mmMultiRace@@UAEXXZ	528	1	mmMultiRace	InitGameObjects
00428700	?InitNetworkPlayers@mmMultiRace@@UAEXXZ	976	1	mmMultiRace	InitNetworkPlayers
00428AD0	?Reset@mmMultiRace@@UAEXXZ	208	1	mmMultiRace	Reset
00428BA0	?UpdateGameInput@mmMultiRace@@UAEXH@Z	64	1	mmMultiRace	UpdateGameInput
00428BE0	?UpdateGame@mmMultiRace@@UAEXXZ	2144	1	mmMultiRace	UpdateGame
00429440	?SwitchState@mmMultiRace@@UAEXH@Z	16	1	mmMultiRace	SwitchState
00429450	?SystemMessage@mmMultiRace@@UAEXPAUNETSYS_MSG@@@Z	272	1	mmMultiRace	SystemMessage
00429560	?GameMessage@mmMultiRace@@UAEXPAUNET_RCXHEAD@@@Z	1664	1	mmMultiRace	GameMessage
00429BE0	?SetTimeoutOn@mmMultiRace@@QAEXXZ	48	1	mmMultiRace	SetTimeoutOn
00429C10	?SetTimeoutOff@mmMultiRace@@QAEXXZ	320	1	mmMultiRace	SetTimeoutOff
00429D50	??_GmmMultiRace@@UAEPAXI@Z	48	1	mmMultiRace	`scalar deleting destructor'
00429D80	?GetWaypoints@mmMultiRace@@UAEPAVmmWaypoints@@XZ	16	1	mmMultiRace	GetWaypoints
00429D90	??0mmPopup@@QAE@PAVmmGame@@MMMM@Z	1248	1	mmPopup	mmPopup
0042A270	??1mmPopup@@UAE@XZ	16	1	mmPopup	~mmPopup
0042A280	?IsEnabled@mmPopup@@QAEHXZ	16	1	mmPopup	IsEnabled
0042A290	?DisablePU@mmPopup@@QAEXH@Z	144	1	mmPopup	DisablePU
0042A320	?ProcessEscape@mmPopup@@QAEXH@Z	224	1	mmPopup	ProcessEscape
0042A400	?ProcessChat@mmPopup@@QAEXXZ	176	1	mmPopup	ProcessChat
0042A4B0	?ProcessKeymap@mmPopup@@QAEXH@Z	304	1	mmPopup	ProcessKeymap
0042A5E0	?ShowResults@mmPopup@@QAEXH@Z	240	1	mmPopup	ShowResults
0042A6D0	?ShowRoster@mmPopup@@QAEXXZ	144	1	mmPopup	ShowRoster
0042A760	?ShowReplay@mmPopup@@QAEXXZ	64	1	mmPopup	ShowReplay
0042A7A0	?ForceRoster@mmPopup@@QAEXXZ	144	1	mmPopup	ForceRoster
0042A830	?Update@mmPopup@@UAEXXZ	3072	1	mmPopup	Update
0042B430	?Reset@mmPopup@@UAEXXZ	32	1	mmPopup	Reset
0042B450	?GetComment@mmPopup@@QAEPADXZ	16	1	mmPopup	GetComment
0042B460	?SetComment@mmPopup@@QAEXPAD@Z	32	1	mmPopup	SetComment
0042B480	?SaveReplay@mmPopup@@QAEXXZ	112	1	mmPopup	SaveReplay
0042B4F0	?Lock@mmPopup@@QAEXXZ	16	1	mmPopup	Lock
0042B500	?Unlock@mmPopup@@QAEXXZ	16	1	mmPopup	Unlock
0042B510	?ChatCB@mmPopup@@QAEXXZ	96	1	mmPopup	ChatCB
0042B570	?PlayPauseMusic@mmPopup@@QAEXXZ	64	1	mmPopup	PlayPauseMusic
0042B5B0	?PlayReturnMusic@mmPopup@@QAEXXZ	368	1	mmPopup	PlayReturnMusic
0042B720	??_GmmPopup@@UAEPAXI@Z	48	1	mmPopup	`scalar deleting destructor'
0042B750	??0mmMirror@@QAE@XZ	80	1	mmMirror	mmMirror
0042B7A0	??1mmMirror@@UAE@XZ	32	1	mmMirror	~mmMirror
0042B7C0	?Init@mmMirror@@QAEXXZ	128	1	mmMirror	Init
0042B840	?Reset@mmMirror@@UAEXXZ	112	1	mmMirror	Reset
0042B8B0	?Update@mmMirror@@UAEXXZ	16	1	mmMirror	Update
0042B8C0	?Cull@mmMirror@@UAEXXZ	288	1	mmMirror	Cull
0042B9E0	?FileIO@mmMirror@@UAEXAAVdatParser@@@Z	208	1	mmMirror	FileIO
0042BAB0	??0vehCar@@QAE@H@Z	528	1	vehCar	vehCar
0042BCC0	??1vehCar@@UAE@XZ	336	1	vehCar	~vehCar
0042BE10	?Init@vehCar@@QAEXPBDHH_N@Z	960	1	vehCar	Init
0042C1D0	?SetColliderID@vehCar@@QAEXH@Z	16	1	vehCar	SetColliderID
0042C1E0	?SetAudio@vehCar@@QAEXPAVvehCarAudioContainer@@@Z	16	1	vehCar	SetAudio
0042C1F0	?InitAudio@vehCar@@QAEXPBDH@Z	160	1	vehCar	InitAudio
0042C290	?SetInput@vehCar@@QAEXPAVvehInput@@@Z	16	1	vehCar	SetInput
0042C2A0	?GetInput@vehCar@@QAEPAVvehInput@@XZ	16	1	vehCar	GetInput
0042C2B0	?SetDriver@vehCar@@QAEXPAVvehDriver@@@Z	16	1	vehCar	SetDriver
0042C2C0	?SetDrivable@vehCar@@QAEXHH@Z	112	1	vehCar	SetDrivable
0042C330	?Reset@vehCar@@QAEXXZ	288	1	vehCar	Reset
0042C450	?ClearDamage@vehCar@@QAEXXZ	48	1	vehCar	ClearDamage
0042C480	?PreUpdate@vehCar@@UAEXXZ	240	1	vehCar	PreUpdate
0042C570	?UpdateTrack@vehCar@@AAEXAAVlvlTrackManager@@ABVvehWheel@@@Z	112	1	vehCar	UpdateTrack
0042C5E0	?DrawTracks@vehCar@@QAEXXZ	176	1	vehCar	DrawTracks
0042C690	?Update@vehCar@@UAEXXZ	512	1	vehCar	Update
0042C890	?IsPlayer@vehCar@@QAEHXZ	32	1	vehCar	IsPlayer
0042C8B0	?PostUpdate@vehCar@@UAEXXZ	448	1	vehCar	PostUpdate
0042CA70	?GetICS@vehCar@@UAEPAVphInertialCS@@XZ	16	1	vehCar	GetICS
0042CA80	?GetInst@vehCar@@UAEPAVlvlInstance@@XZ	16	1	vehCar	GetInst
0042CA90	?RequiresTerrainCollision@vehCar@@UAE_NXZ	272	1	vehCar	RequiresTerrainCollision
0042CBA0	??_GmmMirror@@UAEPAXI@Z	48	1	mmMirror	`scalar deleting destructor'
0042CBD0	?GetClassName@mmMirror@@UAEPADXZ	16	1	mmMirror	GetClassName
0042CBE0	?PreUpdate@dgPhysEntity@@UAEXXZ	16	1	dgPhysEntity	PreUpdate
0042CBF0	?GetCollider@dgPhysEntity@@UAEPAVphCollider@@XZ	16	1	dgPhysEntity	GetCollider
0042CC00	?DetachMe@dgPhysEntity@@UAEXXZ	16	1	dgPhysEntity	DetachMe
0042CC10	?RequiresTerrainCollision@dgPhysEntity@@UAE_NXZ	16	1	dgPhysEntity	RequiresTerrainCollision
0042CC20	?FirstImpactCallback@dgPhysEntity@@UAEXXZ	16	1	dgPhysEntity	FirstImpactCallback
0042CC30	??_GvehCar@@UAEPAXI@Z	48	1	vehCar	`scalar deleting destructor'
0042CC60	??1dgPhysEntity@@UAE@XZ	16	1	dgPhysEntity	~dgPhysEntity
0042CC70	??_GdgPhysEntity@@UAEPAXI@Z	48	1	dgPhysEntity	`scalar deleting destructor'
0042CCA0	?GetInstance@lvlMaterialMgr@@SAAAV1@XZ	176	1	lvlMaterialMgr	GetInstance
0042CD50	??0mmHUD@@QAE@XZ	1328	1	mmHUD	mmHUD
0042D280	?PostChatMessage@mmHUD@@QAEXPAD@Z	96	1	mmHUD	PostChatMessage
0042D2E0	?ResChange@mmHUD@@UAEXHH@Z	224	1	mmHUD	ResChange
0042D3C0	??1mmHUD@@UAE@XZ	416	1	mmHUD	~mmHUD
0042D560	?StartTimers@mmHUD@@QAEXXZ	32	1	mmHUD	StartTimers
0042D580	?StopTimers@mmHUD@@QAEXXZ	32	1	mmHUD	StopTimers
0042D5A0	?ResetTimers@mmHUD@@QAEXXZ	64	1	mmHUD	ResetTimers
0042D5E0	?Init@mmHUD@@QAEXPADPAVmmPlayer@@H@Z	816	1	mmHUD	Init
0042D910	?Enable@mmHUD@@QAEXXZ	96	1	mmHUD	Enable
0042D970	?Disable@mmHUD@@QAEXH@Z	96	1	mmHUD	Disable
0042D9D0	?Toggle@mmHUD@@QAEXXZ	32	1	mmHUD	Toggle
0042D9F0	?ToggleExternalView@mmHUD@@QAEXXZ	160	1	mmHUD	ToggleExternalView
0042DA90	?SetDash@mmHUD@@QAEXH@Z	32	1	mmHUD	SetDash
0042DAB0	?ActivateDash@mmHUD@@QAEXXZ	48	1	mmHUD	ActivateDash
0042DAE0	?DeactivateDash@mmHUD@@QAEXXZ	48	1	mmHUD	DeactivateDash
0042DB10	?IsDashActive@mmHUD@@QAEHXZ	16	1	mmHUD	IsDashActive
0042DB20	?Reset@mmHUD@@UAEXXZ	64	1	mmHUD	Reset
0042DB60	?SetTransparency@mmHUD@@QAEX_N@Z	16	1	mmHUD	SetTransparency
0042DB70	?PostUpdate@mmHUD@@QAEXXZ	80	1	mmHUD	PostUpdate
0042DBC0	?Update@mmHUD@@UAEXXZ	848	1	mmHUD	Update
0042DF10	?UpdatePaused@mmHUD@@UAEXXZ	48	1	mmHUD	UpdatePaused
0042DF40	?Cull@mmHUD@@UAEXXZ	256	1	mmHUD	Cull
0042E040	?ShowSplitTime@mmHUD@@QAEXXZ	96	1	mmHUD	ShowSplitTime
0042E0A0	?SetStandings@mmHUD@@QAEXHH@Z	64	1	mmHUD	SetStandings
0042E0E0	?PostLapTime@mmHUD@@QAEX_N@Z	96	1	mmHUD	PostLapTime
0042E140	?SetLapTime@mmHUD@@QAEXHH_N@Z	144	1	mmHUD	SetLapTime
0042E1D0	?SetWPCleared@mmHUD@@QAEXHH@Z	32	1	mmHUD	SetWPCleared
0042E1F0	?SetMessage@mmHUD@@QAEXPAULocString@@MH@Z	80	1	mmHUD	SetMessage
0042E240	?SetMessage2@mmHUD@@QAEXPAULocString@@@Z	48	1	mmHUD	SetMessage2
0042E270	?SetScore@mmHUD@@QAEXPAD@Z	32	1	mmHUD	SetScore
0042E290	?AddPlayer@mmHUD@@QAEXPBDKHH@Z	48	1	mmHUD	AddPlayer
0042E2C0	?SetScore@mmHUD@@QAEXKH@Z	32	1	mmHUD	SetScore
0042E2E0	?RemovePlayer@mmHUD@@QAEXK@Z	32	1	mmHUD	RemovePlayer
0042E300	?ActivateGold@mmHUD@@QAEXXZ	16	1	mmHUD	ActivateGold
0042E310	?DeactivateGold@mmHUD@@QAEXXZ	16	1	mmHUD	DeactivateGold
0042E320	?GetTime@mmHUD@@QAEXPADM@Z	32	1	mmHUD	GetTime
0042E340	?PlayNetAlert@mmHUD@@QAEXXZ	32	1	mmHUD	PlayNetAlert
0042E360	?TogglePositionDisplay@mmHUD@@QAEXH@Z	96	1	mmHUD	TogglePositionDisplay
0042E3C0	?GetPosHdg@mmHUD@@QAEXAAVVector4@@@Z	96	1	mmHUD	GetPosHdg
0042E420	??0mmTimer@@QAE@XZ	96	1	mmTimer	mmTimer
0042E480	??1mmTimer@@UAE@XZ	16	1	mmTimer	~mmTimer
0042E490	?Init@mmTimer@@QAEXHMH@Z	48	1	mmTimer	Init
0042E4C0	?GetTime@mmTimer@@QAEMXZ	16	1	mmTimer	GetTime
0042E4D0	?Update@mmTimer@@UAEXXZ	288	1	mmTimer	Update
0042E5F0	?Reset@mmTimer@@UAEXXZ	32	1	mmTimer	Reset
0042E610	?Start@mmTimer@@QAEXXZ	32	1	mmTimer	Start
0042E630	?Stop@mmTimer@@QAEXXZ	16	1	mmTimer	Stop
0042E640	?StartStop@mmTimer@@QAEXXZ	16	1	mmTimer	StartStop
0042E650	??0mmArrow@@QAE@XZ	192	1	mmArrow	mmArrow
0042E710	??1mmArrow@@UAE@XZ	96	1	mmArrow	~mmArrow
0042E770	?Init@mmArrow@@QAEXPAVMatrix34@@@Z	16	1	mmArrow	Init
0042E780	?Reset@mmArrow@@UAEXXZ	16	1	mmArrow	Reset
0042E790	?SetInterest@mmArrow@@QAEXPAVVector3@@@Z	16	1	mmArrow	SetInterest
0042E7A0	?ReColorArrow@mmArrow@@AAEXH@Z	80	1	mmArrow	ReColorArrow
0042E7F0	?Update@mmArrow@@UAEXXZ	608	1	mmArrow	Update
0042EA50	??_GmmHUD@@UAEPAXI@Z	48	1	mmHUD	`scalar deleting destructor'
0042EA80	??1mmExternalView@@UAE@XZ	96	1	mmExternalView	~mmExternalView
0042EAE0	??_GmmTimer@@UAEPAXI@Z	48	1	mmTimer	`scalar deleting destructor'
0042EB10	??_GmmArrow@@UAEPAXI@Z	48	1	mmArrow	`scalar deleting destructor'
0042EB40	?Scale@Vector3@@QAEXM@Z	32	1	Vector3	Scale
0042EB60	??0mmHudMap@@QAE@XZ	272	1	mmHudMap	mmHudMap
0042EC70	??1mmHudMap@@UAE@XZ	16	1	mmHudMap	~mmHudMap
0042EC80	?Init@mmHudMap@@QAEXPAVMatrix34@@PAVmmGame@@PAD@Z	528	1	mmHudMap	Init
0042EE90	?Reset@mmHudMap@@UAEXXZ	16	1	mmHudMap	Reset
0042EEA0	?RegisterOpponents@mmHudMap@@QAEXPAUOppIconInfo@@H@Z	32	1	mmHudMap	RegisterOpponents
0042EEC0	?RegisterCopsnRobbers@mmHudMap@@QAEXPAPAVVector3@@@Z	32	1	mmHudMap	RegisterCopsnRobbers
0042EEE0	?Activate@mmHudMap@@QAEXXZ	16	1	mmHudMap	Activate
0042EEF0	?Deactivate@mmHudMap@@QAEXXZ	16	1	mmHudMap	Deactivate
0042EF00	?GetNextMapMode@mmHudMap@@IAEHXZ	32	1	mmHudMap	GetNextMapMode
0042EF20	?GetCurrentMapMode@mmHudMap@@IAEHXZ	16	1	mmHudMap	GetCurrentMapMode
0042EF30	?SetMapMode@mmHudMap@@IAEXH@Z	624	1	mmHudMap	SetMapMode
0042F1A0	?Update@mmHudMap@@UAEXXZ	16	1	mmHudMap	Update
0042F1B0	?Cull@mmHudMap@@UAEXXZ	976	1	mmHudMap	Cull
0042F580	?DrawIcon@mmHudMap@@AAEXW4IconType@1@ABVMatrix34@@@Z	128	1	mmHudMap	DrawIcon
0042F600	?DrawColoredTri@@YAXIABVMatrix34@@@Z	144	1		DrawColoredTri
0042F690	?DrawPlayer@mmHudMap@@AAEXXZ	96	1	mmHudMap	DrawPlayer
0042F6F0	?DrawIndicator@mmHudMap@@AAEXW4IndicatorType@1@ABVVector3@@@Z	224	1	mmHudMap	DrawIndicator
0042F7D0	?DrawOpponents@mmHudMap@@AAEXXZ	96	1	mmHudMap	DrawOpponents
0042F830	?DrawCops@mmHudMap@@AAEXXZ	96	1	mmHudMap	DrawCops
0042F890	?DrawWaypoints@mmHudMap@@AAEXXZ	272	1	mmHudMap	DrawWaypoints
0042F9A0	?DrawCopsnRobbers@mmHudMap@@AAEXXZ	96	1	mmHudMap	DrawCopsnRobbers
0042FA00	?ToggleMapRes@mmHudMap@@QAEXXZ	16	1	mmHudMap	ToggleMapRes
0042FA10	?ToggleMapOrient@mmHudMap@@QAEXXZ	16	1	mmHudMap	ToggleMapOrient
0042FA20	?SetZoomIn@mmHudMap@@QAEX_N@Z	16	1	mmHudMap	SetZoomIn
0042FA30	?GetZoomIn@mmHudMap@@QAE_NXZ	16	1	mmHudMap	GetZoomIn
0042FA40	?SetOrient@mmHudMap@@QAEX_N@Z	16	1	mmHudMap	SetOrient
0042FA50	?GetOrient@mmHudMap@@QAE_NXZ	16	1	mmHudMap	GetOrient
0042FA60	?FileIO@mmHudMap@@UAEXAAVdatParser@@@Z	608	1	mmHudMap	FileIO
0042FCC0	??_GmmHudMap@@UAEPAXI@Z	48	1	mmHudMap	`scalar deleting destructor'
0042FCF0	?Convert@@YAAAVMatrix44@@AAV1@ABVMatrix34@@@Z	112	1		Convert
0042FD60	?GetClassName@mmHudMap@@UAEPADXZ	16	1	mmHudMap	GetClassName
0042FD70	??0mmCarRoadFF@@QAE@XZ	64	1	mmCarRoadFF	mmCarRoadFF
0042FDB0	??1mmCarRoadFF@@UAE@XZ	96	1	mmCarRoadFF	~mmCarRoadFF
0042FE10	?AssignProperties@mmCarRoadFF@@QAEXMH@Z	16	1	mmCarRoadFF	AssignProperties
0042FE20	?SetFGVals@mmCarRoadFF@@QAEXMMM@Z	240	1	mmCarRoadFF	SetFGVals
0042FF10	?Start@mmCarRoadFF@@QAEXXZ	32	1	mmCarRoadFF	Start
0042FF30	?Stop@mmCarRoadFF@@QAEXXZ	16	1	mmCarRoadFF	Stop
0042FF40	?Reset@mmCarRoadFF@@UAEXXZ	48	1	mmCarRoadFF	Reset
0042FF70	?IsPlaying@mmCarRoadFF@@QAEHXZ	16	1	mmCarRoadFF	IsPlaying
0042FF80	?Update@mmCarRoadFF@@UAEXXZ	80	1	mmCarRoadFF	Update
0042FFD0	?UpdateVals@mmCarRoadFF@@QAEXXZ	80	1	mmCarRoadFF	UpdateVals
00430020	??_GmmCarRoadFF@@UAEPAXI@Z	48	1	mmCarRoadFF	`scalar deleting destructor'
00430050	??0mmRainAudio@@QAE@XZ	464	1	mmRainAudio	mmRainAudio
00430220	??1mmRainAudio@@QAE@XZ	64	1	mmRainAudio	~mmRainAudio
00430260	?SetInterior@mmRainAudio@@QAEXE@Z	144	1	mmRainAudio	SetInterior
004302F0	?ShelterOn@mmRainAudio@@QAEXXZ	96	1	mmRainAudio	ShelterOn
00430350	?ShelterOff@mmRainAudio@@QAEXXZ	112	1	mmRainAudio	ShelterOff
004303C0	?Update@mmRainAudio@@QAEXXZ	592	1	mmRainAudio	Update
00430610	??0mmDashView@@QAE@XZ	416	1	mmDashView	mmDashView
004307B0	??1mmDashView@@UAE@XZ	224	1	mmDashView	~mmDashView
00430890	?Init@mmDashView@@QAEXPADPAVmmPlayer@@@Z	512	1	mmDashView	Init
00430A90	?LoadPkg@mmDashView@@AAEXPAD@Z	416	1	mmDashView	LoadPkg
00430C30	?LoadPivotInfo@mmDashView@@AAEXPAD@Z	352	1	mmDashView	LoadPivotInfo
00430D90	?Reset@mmDashView@@UAEXXZ	16	1	mmDashView	Reset
00430DA0	?BeforeSave@mmDashView@@UAEXXZ	96	1	mmDashView	BeforeSave
00430E00	?AfterLoad@mmDashView@@UAEXXZ	96	1	mmDashView	AfterLoad
00430E60	?ActivateUntilTransitionIsOver@mmDashView@@QAEXXZ	32	1	mmDashView	ActivateUntilTransitionIsOver
00430E80	?Activate@mmDashView@@QAEXXZ	32	1	mmDashView	Activate
00430EA0	?Deactivate@mmDashView@@QAEXXZ	32	1	mmDashView	Deactivate
00430EC0	?TempDeactivate@mmDashView@@QAEXXZ	16	1	mmDashView	TempDeactivate
00430ED0	?Update@mmDashView@@UAEXXZ	224	1	mmDashView	Update
00430FB0	?Cull@mmDashView@@UAEXXZ	1568	1	mmDashView	Cull
004315D0	?FileIO@mmDashView@@EAEXAAVdatParser@@@Z	480	1	mmDashView	FileIO
004317B0	??0mmExternalView@@QAE@XZ	144	1	mmExternalView	mmExternalView
00431840	?Init@mmExternalView@@QAEXPAVmmPlayer@@@Z	64	1	mmExternalView	Init
00431880	?ResChange@mmExternalView@@UAEXHH@Z	336	1	mmExternalView	ResChange
004319D0	?Reset@mmExternalView@@UAEXXZ	16	1	mmExternalView	Reset
004319E0	?Update@mmExternalView@@UAEXXZ	16	1	mmExternalView	Update
004319F0	?Cull@mmExternalView@@UAEXXZ	352	1	mmExternalView	Cull
00431B50	??_GmmDashView@@UAEPAXI@Z	48	1	mmDashView	`scalar deleting destructor'
00431B80	??1asLinearCS@@UAE@XZ	16	1	asLinearCS	~asLinearCS
00431B90	??1RadialGauge@@UAE@XZ	80	1	RadialGauge	~RadialGauge
00431BE0	??_GmmExternalView@@UAEPAXI@Z	48	1	mmExternalView	`scalar deleting destructor'
00431C10	??1mmSlidingGauge@@QAE@XZ	16	1	mmSlidingGauge	~mmSlidingGauge
00431C20	?GetClassNameA@mmExternalView@@UAEPADXZ	16	1	mmExternalView	GetClassNameA
00431C30	?GetClassNameA@mmDashView@@UAEPADXZ	16	1	mmDashView	GetClassNameA
00431C40	??0mmViewMgr@@QAE@XZ	32	1	mmViewMgr	mmViewMgr
00431C60	??1mmViewMgr@@UAE@XZ	32	1	mmViewMgr	~mmViewMgr
00431C80	?Init@mmViewMgr@@QAEXPAVmmHUD@@PAVmmHudMap@@PAVmmPlayer@@@Z	144	1	mmViewMgr	Init
00431D10	?SetViewSetting@mmViewMgr@@QAEXH@Z	1008	1	mmViewMgr	SetViewSetting
00432100	?Update@mmViewMgr@@UAEXXZ	16	1	mmViewMgr	Update
00432110	??_GmmViewMgr@@UAEPAXI@Z	48	1	mmViewMgr	`scalar deleting destructor'
00432140	??0mmIcons@@QAE@XZ	208	1	mmIcons	mmIcons
00432210	??1mmIcons@@UAE@XZ	128	1	mmIcons	~mmIcons
00432290	?Init@mmIcons@@QAEXPAVMatrix34@@MMH@Z	96	1	mmIcons	Init
004322F0	?RegisterOpponents@mmIcons@@QAEXPAUOppIconInfo@@HPAX@Z	160	1	mmIcons	RegisterOpponents
00432390	?Update@mmIcons@@UAEXXZ	64	1	mmIcons	Update
004323D0	?Cull@mmIcons@@UAEXXZ	2112	1	mmIcons	Cull
00432C10	??_GmmIcons@@UAEPAXI@Z	48	1	mmIcons	`scalar deleting destructor'
00432C40	??0mmAmbientAudio@@QAE@PAVmmPlayer@@@Z	192	1	mmAmbientAudio	mmAmbientAudio
00432D00	??1mmAmbientAudio@@QAE@XZ	16	1	mmAmbientAudio	~mmAmbientAudio
00432D10	?Update@mmAmbientAudio@@QAEXXZ	608	1	mmAmbientAudio	Update
00432F70	??0mmCDPlayer@@QAE@XZ	144	1	mmCDPlayer	mmCDPlayer
00433000	?Init@mmCDPlayer@@QAEXPAVmmHUD@@@Z	240	1	mmCDPlayer	Init
004330F0	?Reset@mmCDPlayer@@UAEXXZ	16	1	mmCDPlayer	Reset
00433100	?Update@mmCDPlayer@@UAEXXZ	112	1	mmCDPlayer	Update
00433170	?Cull@mmCDPlayer@@UAEXXZ	512	1	mmCDPlayer	Cull
00433370	?PlayStop@mmCDPlayer@@QAEXXZ	128	1	mmCDPlayer	PlayStop
004333F0	?NextTrack@mmCDPlayer@@QAEXXZ	112	1	mmCDPlayer	NextTrack
00433460	?PrevTrack@mmCDPlayer@@QAEXXZ	112	1	mmCDPlayer	PrevTrack
004334D0	?Toggle@mmCDPlayer@@QAEXXZ	368	1	mmCDPlayer	Toggle
00433640	??_GmmCDPlayer@@UAEPAXI@Z	48	1	mmCDPlayer	`scalar deleting destructor'
00433670	??1mmCDPlayer@@UAE@XZ	96	1	mmCDPlayer	~mmCDPlayer
004336D0	?LoadMusic@mmSingleRaceMusicData@@UAE_NPAD@Z	448	1	mmSingleRaceMusicData	LoadMusic
00433890	?LoadMusicSegments@mmSingleRaceMusicData@@AAE_NPAVStream@@F@Z	464	1	mmSingleRaceMusicData	LoadMusicSegments
00433A60	??0mmGameSingle@@QAE@XZ	48	1	mmGameSingle	mmGameSingle
00433A90	??1mmGameSingle@@UAE@XZ	16	1	mmGameSingle	~mmGameSingle
00433AA0	?Init@mmGameSingle@@UAEHXZ	16	1	mmGameSingle	Init
00433AB0	?InitOtherPlayers@mmGameSingle@@UAEXXZ	16	1	mmGameSingle	InitOtherPlayers
00433AC0	?Reset@mmGameSingle@@UAEXXZ	144	1	mmGameSingle	Reset
00433B50	?EnableRacers@mmGameSingle@@IAEXXZ	176	1	mmGameSingle	EnableRacers
00433C00	?DisableRacers@mmGameSingle@@IAEXXZ	112	1	mmGameSingle	DisableRacers
00433C70	?HitWaterHandler@mmGameSingle@@UAEXXZ	16	1	mmGameSingle	HitWaterHandler
00433C80	?Update@mmGameSingle@@UAEXXZ	16	1	mmGameSingle	Update
00433C90	?UpdateGameInput@mmGameSingle@@UAEXH@Z	16	1	mmGameSingle	UpdateGameInput
00433CA0	?UpdateGame@mmGameSingle@@UAEXXZ	16	1	mmGameSingle	UpdateGame
00433CB0	?UpdateRewards@mmGameSingle@@IAE_NXZ	576	1	mmGameSingle	UpdateRewards
00433EF0	??_GmmGameSingle@@UAEPAXI@Z	48	1	mmGameSingle	`scalar deleting destructor'
00433F20	?UpdateDebugKeyInput@mmGameSingle@@UAEXH@Z	16	1	mmGameSingle	UpdateDebugKeyInput
00433F30	??1mmRewardRecord@@QAE@XZ	16	1	mmRewardRecord	~mmRewardRecord
00433F40	?Load@mmGameMusicData@@QAE_NPAD0@Z	112	1	mmGameMusicData	Load
00433FB0	?GetNumDMusicChoiceGroups@mmGameMusicData@@QAEFPAVStream@@@Z	80	1	mmGameMusicData	GetNumDMusicChoiceGroups
00434000	?RandomizeNumber@mmGameMusicData@@QAEFF@Z	96	1	mmGameMusicData	RandomizeNumber
00434060	?LoadAmbientSFX@mmGameMusicData@@AAE_NPAD@Z	304	1	mmGameMusicData	LoadAmbientSFX
00434190	?LoadAmbientSFXSegments@mmGameMusicData@@AAE_NPAVStream@@F@Z	192	1	mmGameMusicData	LoadAmbientSFXSegments
00434250	?LoadMusic@mmGameMusicData@@UAE_NPAD@Z	16	1	mmGameMusicData	LoadMusic
00434260	??0mmWaypoints@@QAE@XZ	272	1	mmWaypoints	mmWaypoints
00434370	??1mmWaypoints@@UAE@XZ	192	1	mmWaypoints	~mmWaypoints
00434430	?Init@mmWaypoints@@QAEHPAVmmPlayer@@PADHHHHI@Z	272	1	mmWaypoints	Init
00434540	?InitStatic@mmWaypoints@@QAEXPAVmmPlayer@@HI@Z	448	1	mmWaypoints	InitStatic
00434700	?ReInit@mmWaypoints@@QAEXHPADI@Z	608	1	mmWaypoints	ReInit
00434960	?GetStartAngle@mmWaypoints@@QAEMXZ	32	1	mmWaypoints	GetStartAngle
00434980	?SaveCSV@mmWaypoints@@QAEHPAD@Z	240	1	mmWaypoints	SaveCSV
00434A70	?LoadCSV@mmWaypoints@@QAEHPADH@Z	2000	1	mmWaypoints	LoadCSV
00435240	?Cull@mmWaypoints@@UAEXXZ	64	1	mmWaypoints	Cull
00435280	?Update@mmWaypoints@@UAEXXZ	1360	1	mmWaypoints	Update
004357D0	?DeactivateFinish@mmWaypoints@@QAEXXZ	16	1	mmWaypoints	DeactivateFinish
004357E0	?Reset@mmWaypoints@@UAEXXZ	272	1	mmWaypoints	Reset
004358F0	?GetStart@mmWaypoints@@QAEXAAVVector3@@@Z	64	1	mmWaypoints	GetStart
00435930	?GetWaypoint@mmWaypoints@@QAEXHAAVVector3@@@Z	64	1	mmWaypoints	GetWaypoint
00435970	?GetHeading@mmWaypoints@@QAEMH@Z	48	1	mmWaypoints	GetHeading
004359A0	?GenerateHitRooms@mmWaypoints@@IAEXXZ	96	1	mmWaypoints	GenerateHitRooms
00435A00	?GetHitRoom@mmWaypoints@@QAEHH@Z	32	1	mmWaypoints	GetHitRoom
00435A20	?SetArrow@mmWaypoints@@QAEXXZ	48	1	mmWaypoints	SetArrow
00435A50	?GetCurrentDistance@mmWaypoints@@QAEMXZ	80	1	mmWaypoints	GetCurrentDistance
00435AA0	?ResetAllTags@mmWaypoints@@QAEXXZ	112	1	mmWaypoints	ResetAllTags
00435B10	?GetClosestWaypoint@mmWaypoints@@QAEXXZ	192	1	mmWaypoints	GetClosestWaypoint
00435BD0	?CycleCurrentWaypoint@mmWaypoints@@IAEXH@Z	112	1	mmWaypoints	CycleCurrentWaypoint
00435C40	?GetNextWaypoint@mmWaypoints@@QAEXXZ	16	1	mmWaypoints	GetNextWaypoint
00435C50	?GetLastWaypoint@mmWaypoints@@QAEXXZ	16	1	mmWaypoints	GetLastWaypoint
00435C60	?SetCurrentGoals@mmWaypoints@@IAEXH@Z	64	1	mmWaypoints	SetCurrentGoals
00435CA0	?AnyDrawn@mmWaypoints@@QAEHXZ	64	1	mmWaypoints	AnyDrawn
00435CE0	?AIWPHit@mmWaypoints@@QAEHHHVMatrix34@@VVector3@@M@Z	256	1	mmWaypoints	AIWPHit
00435DE0	?AnyWPHits@mmWaypoints@@QAEHH@Z	384	1	mmWaypoints	AnyWPHits
00435F60	?ClearWaypoint@mmWaypoints@@IAEXH@Z	352	1	mmWaypoints	ClearWaypoint
004360C0	?DisplayHUDMessage@mmWaypoints@@QAEXH@Z	736	1	mmWaypoints	DisplayHUDMessage
004363A0	??_GmmWaypoints@@UAEPAXI@Z	48	1	mmWaypoints	`scalar deleting destructor'
004363D0	??0mmWPHUD@@QAE@XZ	256	1	mmWPHUD	mmWPHUD
004364D0	??1mmWPHUD@@UAE@XZ	176	1	mmWPHUD	~mmWPHUD
00436580	?SetWPCleared@mmWPHUD@@QAEXXZ	64	1	mmWPHUD	SetWPCleared
004365C0	?SetStandings@mmWPHUD@@QAEXHH@Z	64	1	mmWPHUD	SetStandings
00436600	?Init@mmWPHUD@@QAEXHPAH0H@Z	720	1	mmWPHUD	Init
004368D0	?Reset@mmWPHUD@@UAEXXZ	80	1	mmWPHUD	Reset
00436920	?Update@mmWPHUD@@UAEXXZ	48	1	mmWPHUD	Update
00436950	?Cull@mmWPHUD@@UAEXXZ	16	1	mmWPHUD	Cull
00436960	??0mmCircuitHUD@@QAE@XZ	256	1	mmCircuitHUD	mmCircuitHUD
00436A60	??1mmCircuitHUD@@UAE@XZ	240	1	mmCircuitHUD	~mmCircuitHUD
00436B50	?Init@mmCircuitHUD@@QAEXXZ	1408	1	mmCircuitHUD	Init
004370D0	?Update@mmCircuitHUD@@UAEXXZ	16	1	mmCircuitHUD	Update
004370E0	?SetStandings@mmCircuitHUD@@QAEXHH@Z	64	1	mmCircuitHUD	SetStandings
00437120	?SetLapTime@mmCircuitHUD@@QAEXHMPADH@Z	160	1	mmCircuitHUD	SetLapTime
004371C0	?SetWPCleared@mmCircuitHUD@@QAEXHH@Z	64	1	mmCircuitHUD	SetWPCleared
00437200	?Reset@mmCircuitHUD@@UAEXXZ	160	1	mmCircuitHUD	Reset
004372A0	??0mmCRHUD@@QAE@XZ	400	1	mmCRHUD	mmCRHUD
00437430	??1mmCRHUD@@UAE@XZ	304	1	mmCRHUD	~mmCRHUD
00437560	?Init@mmCRHUD@@QAEXPAVMatrix34@@PADW4mmCRGameClass@@@Z	2016	1	mmCRHUD	Init
00437D40	?ToggleScores@mmCRHUD@@QAEXXZ	48	1	mmCRHUD	ToggleScores
00437D70	?AddPlayer@mmCRHUD@@QAEXPBDKHI@Z	336	1	mmCRHUD	AddPlayer
00437EC0	?UnPackColor@mmCRHUD@@QAEXIAAVVector4@@@Z	128	1	mmCRHUD	UnPackColor
00437F40	?SetScore@mmCRHUD@@QAEXPAD@Z	32	1	mmCRHUD	SetScore
00437F60	?SetName@mmCRHUD@@QAEXPADH@Z	128	1	mmCRHUD	SetName
00437FE0	?SetScore@mmCRHUD@@QAEXKH@Z	112	1	mmCRHUD	SetScore
00438050	?RemovePlayer@mmCRHUD@@QAEXK@Z	400	1	mmCRHUD	RemovePlayer
004381E0	?ActivateGold@mmCRHUD@@QAEXXZ	16	1	mmCRHUD	ActivateGold
004381F0	?DeactivateGold@mmCRHUD@@QAEXXZ	16	1	mmCRHUD	DeactivateGold
00438200	?ActivateRosterGold@mmCRHUD@@QAEXK@Z	64	1	mmCRHUD	ActivateRosterGold
00438240	?DeactivateRosterGold@mmCRHUD@@QAEXXZ	48	1	mmCRHUD	DeactivateRosterGold
00438270	?UpdateGold@mmCRHUD@@QAEXXZ	112	1	mmCRHUD	UpdateGold
004382E0	?PostUpdate@mmCRHUD@@UAEXXZ	32	1	mmCRHUD	PostUpdate
00438300	?Update@mmCRHUD@@UAEXXZ	16	1	mmCRHUD	Update
00438310	?Reset@mmCRHUD@@UAEXXZ	16	1	mmCRHUD	Reset
00438320	?SetBlueScore@mmCRHUD@@QAEXH@Z	64	1	mmCRHUD	SetBlueScore
00438360	?SetRedScore@mmCRHUD@@QAEXH@Z	64	1	mmCRHUD	SetRedScore
004383A0	??0mmCollideHUD@@QAE@XZ	48	1	mmCollideHUD	mmCollideHUD
004383D0	??1mmCollideHUD@@UAE@XZ	144	1	mmCollideHUD	~mmCollideHUD
00438460	?Init@mmCollideHUD@@QAEXHPAH0H@Z	656	1	mmCollideHUD	Init
004386F0	?Update@mmCollideHUD@@UAEXXZ	16	1	mmCollideHUD	Update
00438700	?Reset@mmCollideHUD@@UAEXXZ	32	1	mmCollideHUD	Reset
00438720	?SetBangerCount@mmCollideHUD@@QAEXH@Z	64	1	mmCollideHUD	SetBangerCount
00438760	?SetVehicleCount@mmCollideHUD@@QAEXH@Z	64	1	mmCollideHUD	SetVehicleCount
004387A0	??_GmmWPHUD@@UAEPAXI@Z	48	1	mmWPHUD	`scalar deleting destructor'
004387D0	??_GmmCircuitHUD@@UAEPAXI@Z	48	1	mmCircuitHUD	`scalar deleting destructor'
00438800	??_EmmNumber@@UAEPAXI@Z	96	1	mmNumber	`vector deleting destructor'
00438860	??_EmmTextNode@@UAEPAXI@Z	96	1	mmTextNode	`vector deleting destructor'
004388C0	??_GmmCRHUD@@UAEPAXI@Z	48	1	mmCRHUD	`scalar deleting destructor'
004388F0	??_GmmCollideHUD@@UAEPAXI@Z	48	1	mmCollideHUD	`scalar deleting destructor'
00438920	??1mmGameHUD@@UAE@XZ	16	1	mmGameHUD	~mmGameHUD
00438930	??_GmmGameHUD@@UAEPAXI@Z	48	1	mmGameHUD	`scalar deleting destructor'
00438960	?PostUpdate@mmWPHUD@@UAEXXZ	16	1	mmWPHUD	PostUpdate
00438970	?PostUpdate@mmCircuitHUD@@UAEXXZ	16	1	mmCircuitHUD	PostUpdate
00438980	?LoadMusic@mmSingleRoamMusicData@@UAE_NPAD@Z	384	1	mmSingleRoamMusicData	LoadMusic
00438B00	?LoadMusicSegments@mmSingleRoamMusicData@@AAE_NPAVStream@@F@Z	448	1	mmSingleRoamMusicData	LoadMusicSegments
00438CC0	??0mmGameMulti@@QAE@XZ	416	1	mmGameMulti	mmGameMulti
00438E60	??1mmGameMulti@@UAE@XZ	224	1	mmGameMulti	~mmGameMulti
00438F40	?Init@mmGameMulti@@UAEHXZ	496	1	mmGameMulti	Init
00439130	?HitWaterHandler@mmGameMulti@@UAEXXZ	256	1	mmGameMulti	HitWaterHandler
00439230	?DropThruCityHandler@mmGameMulti@@UAEXXZ	16	1	mmGameMulti	DropThruCityHandler
00439240	?InitGameStrings@mmGameMulti@@UAEXXZ	560	1	mmGameMulti	InitGameStrings
00439470	?SetFinishCam@mmGameMulti@@QAEXXZ	112	1	mmGameMulti	SetFinishCam
004394E0	?StartXYZ@mmGameMulti@@IAEXHAAVVector3@@0MM@Z	560	1	mmGameMulti	StartXYZ
00439710	?SystemMessageCB@mmGameMulti@@QAEXPAX0@Z	992	1	mmGameMulti	SystemMessageCB
00439AF0	?GameMessageCB@mmGameMulti@@QAEXPAX0@Z	2240	1	mmGameMulti	GameMessageCB
0043A3B0	?BootStrapCars@mmGameMulti@@QAEXXZ	288	1	mmGameMulti	BootStrapCars
0043A4D0	?BeDone@mmGameMulti@@UAEXH@Z	256	1	mmGameMulti	BeDone
0043A5D0	?Reset@mmGameMulti@@UAEXXZ	272	1	mmGameMulti	Reset
0043A6E0	?ClearNetObjects@mmGameMulti@@QAEXXZ	64	1	mmGameMulti	ClearNetObjects
0043A720	?InitOtherPlayers@mmGameMulti@@UAEXXZ	48	1	mmGameMulti	InitOtherPlayers
0043A750	?InitRoster@mmGameMulti@@UAEXXZ	160	1	mmGameMulti	InitRoster
0043A7F0	?SendPosition@mmGameMulti@@QAEXXZ	272	1	mmGameMulti	SendPosition
0043A900	?Update@mmGameMulti@@UAEXXZ	128	1	mmGameMulti	Update
0043A980	?UpdateGame@mmGameMulti@@UAEXXZ	48	1	mmGameMulti	UpdateGame
0043A9B0	?UpdateScore@mmGameMulti@@QAEXXZ	1008	1	mmGameMulti	UpdateScore
0043ADA0	?ClearRank@mmGameMulti@@QAEXXZ	32	1	mmGameMulti	ClearRank
0043ADC0	?UpdateDebugKeyInput@mmGameMulti@@UAEXH@Z	16	1	mmGameMulti	UpdateDebugKeyInput
0043ADD0	?RegisterMapNetObjects@mmGameMulti@@QAEXH@Z	288	1	mmGameMulti	RegisterMapNetObjects
0043AEF0	?DeactivateMapNetObject@mmGameMulti@@QAEXH@Z	48	1	mmGameMulti	DeactivateMapNetObject
0043AF20	?ActivateMapNetObject@mmGameMulti@@QAEXH@Z	64	1	mmGameMulti	ActivateMapNetObject
0043AF60	?GetInactiveNetObject@mmGameMulti@@QAEPAVmmNetObject@@XZ	48	1	mmGameMulti	GetInactiveNetObject
0043AF90	?GetInactiveNetObjectIndex@mmGameMulti@@QAEHXZ	32	1	mmGameMulti	GetInactiveNetObjectIndex
0043AFB0	?GetNetObject@mmGameMulti@@QAEPAVmmNetObject@@KH@Z	64	1	mmGameMulti	GetNetObject
0043AFF0	?GetNetObjectIndex@mmGameMulti@@QAEHKH@Z	80	1	mmGameMulti	GetNetObjectIndex
0043B040	?EnableRacers@mmGameMulti@@IAEXXZ	160	1	mmGameMulti	EnableRacers
0043B0E0	?DisableRacers@mmGameMulti@@IAEXXZ	96	1	mmGameMulti	DisableRacers
0043B140	?QuitNetwork@mmGameMulti@@QAEXXZ	48	1	mmGameMulti	QuitNetwork
0043B170	?PlayerFinishedLoading@mmGameMulti@@QAEXXZ	96	1	mmGameMulti	PlayerFinishedLoading
0043B1D0	?PlayerClearLoaded@mmGameMulti@@QAEXXZ	80	1	mmGameMulti	PlayerClearLoaded
0043B220	?ParseChatMessage@mmGameMulti@@QAEHPADH@Z	240	1	mmGameMulti	ParseChatMessage
0043B310	?SortResults@mmGameMulti@@IAE_NKMH@Z	128	1	mmGameMulti	SortResults
0043B390	?UpdateResults@mmGameMulti@@IAEXH@Z	304	1	mmGameMulti	UpdateResults
0043B4C0	?BroadCastCarTuning@mmGameMulti@@QAEXH@Z	112	1	mmGameMulti	BroadCastCarTuning
0043B530	?SendChatMessage@mmGameMulti@@UAEXPAD@Z	112	1	mmGameMulti	SendChatMessage
0043B5A0	?SendToChatMessage@mmGameMulti@@QAEXPADK@Z	112	1	mmGameMulti	SendToChatMessage
0043B610	?SendTimeMsg@mmGameMulti@@QAEXK@Z	32	1	mmGameMulti	SendTimeMsg
0043B630	?SendCarTuning@mmGameMulti@@QAEXPBDK@Z	16	1	mmGameMulti	SendCarTuning
0043B640	?SendHostCars@mmGameMulti@@QAEXK@Z	128	1	mmGameMulti	SendHostCars
0043B6C0	?FinishMessage@mmGameMulti@@QAEXH@Z	192	1	mmGameMulti	FinishMessage
0043B780	?BootPlayerCB@mmGameMulti@@QAEXPAX0@Z	64	1	mmGameMulti	BootPlayerCB
0043B7C0	?UpdateNetWorkAudio@mmGameMulti@@QAEXXZ	16	1	mmGameMulti	UpdateNetWorkAudio
0043B7D0	?SendLobbyResults@mmGameMulti@@QAEXHIM@Z	160	1	mmGameMulti	SendLobbyResults
0043B870	?GetCarCRC@mmGameMulti@@IAEKPAD@Z	64	1	mmGameMulti	GetCarCRC
0043B8B0	?SendMsg@mmGameMulti@@QAEXH@Z	32	1	mmGameMulti	SendMsg
0043B8D0	?SendBootMsg@mmGameMulti@@QAEXK@Z	32	1	mmGameMulti	SendBootMsg
0043B8F0	?SendFinishAck@mmGameMulti@@IAEXKMH@Z	64	1	mmGameMulti	SendFinishAck
0043B930	?SendFinishReq@mmGameMulti@@IAEXMH@Z	64	1	mmGameMulti	SendFinishReq
0043B970	?SendRaceReady@mmGameMulti@@IAEXXZ	64	1	mmGameMulti	SendRaceReady
0043B9B0	?SendGameSet@mmGameMulti@@IAEXXZ	48	1	mmGameMulti	SendGameSet
0043B9E0	?SendCheater@mmGameMulti@@IAEXK@Z	64	1	mmGameMulti	SendCheater
0043BA20	?SendHitWater@mmGameMulti@@IAEXXZ	352	1	mmGameMulti	SendHitWater
0043BB80	??_GmmGameMulti@@UAEPAXI@Z	48	1	mmGameMulti	`scalar deleting destructor'
0043BBB0	?Dot@Vector3@@QAEXABV1@ABVMatrix34@@@Z	96	1	Vector3	Dot
0043BC10	?Init@mmAccelCompute@@QAEHVVector3@@0@Z	80	1	mmAccelCompute	Init
0043BC60	?SetLatest@mmAccelCompute@@QAEXVVector3@@M@Z	272	1	mmAccelCompute	SetLatest
0043BD70	??0mmNetPath@@QAE@XZ	64	1	mmNetPath	mmNetPath
0043BDB0	??1mmNetPath@@QAE@XZ	16	1	mmNetPath	~mmNetPath
0043BDC0	?Reset@mmNetPath@@QAEXXZ	48	1	mmNetPath	Reset
0043BDF0	?Compute@mmNetPath@@QAEXAAVVector3@@000@Z	496	1	mmNetPath	Compute
0043BFE0	?Solve@mmNetPath@@QAEXAAVVector3@@0M@Z	160	1	mmNetPath	Solve
0043C080	??0mmNetObject@@QAE@XZ	448	1	mmNetObject	mmNetObject
0043C240	??1mmNetObject@@UAE@XZ	32	1	mmNetObject	~mmNetObject
0043C260	?ResetValues@mmNetObject@@QAEXXZ	272	1	mmNetObject	ResetValues
0043C370	?Clear@mmNetObject@@QAEXXZ	272	1	mmNetObject	Clear
0043C480	?Activate@mmNetObject@@QAEXXZ	48	1	mmNetObject	Activate
0043C4B0	?Deactivate@mmNetObject@@QAEXXZ	48	1	mmNetObject	Deactivate
0043C4E0	?Init@mmNetObject@@QAEXPAVvehCar@@PADMHK1_N@Z	240	1	mmNetObject	Init
0043C5D0	?ReInit@mmNetObject@@QAEXPAVvehCar@@PADMHK1_N@Z	368	1	mmNetObject	ReInit
0043C740	?SetCar@mmNetObject@@QAEXPAVvehCar@@@Z	16	1	mmNetObject	SetCar
0043C750	?Set@mmNetObject@@QAEXH@Z	16	1	mmNetObject	Set
0043C760	?SetActive@mmNetObject@@QAEXH@Z	32	1	mmNetObject	SetActive
0043C780	?SetScore@mmNetObject@@QAEXH@Z	16	1	mmNetObject	SetScore
0043C790	?SetInputData@mmNetObject@@QAEXXZ	144	1	mmNetObject	SetInputData
0043C820	?SetPositionData@mmNetObject@@QAEHK@Z	1136	1	mmNetObject	SetPositionData
0043CC90	?InputUpdate@mmNetObject@@QAEXPAUNET_INPUTDATA@@M@Z	128	1	mmNetObject	InputUpdate
0043CD10	?PositionUpdate@mmNetObject@@QAEXPAUNET_POSDATA@@M@Z	2544	1	mmNetObject	PositionUpdate
0043D700	?GetPositionApproach@mmNetObject@@QAEMABVVector3@@0@Z	80	1	mmNetObject	GetPositionApproach
0043D750	?GetAngleApproach@mmNetObject@@QAEMMM@Z	16	1	mmNetObject	GetAngleApproach
0043D760	?Predict@mmNetObject@@QAEXXZ	240	1	mmNetObject	Predict
0043D850	?Update@mmNetObject@@UAEXXZ	304	1	mmNetObject	Update
0043D980	?Cull@mmNetObject@@UAEXXZ	896	1	mmNetObject	Cull
0043DD00	??_GmmNetObject@@UAEPAXI@Z	80	1	mmNetObject	`scalar deleting destructor'
0043DD50	??XVector3@@QAEXABV0@@Z	48	1	Vector3	operator*=
0043DD80	?Set@Vector4@@QAEXMMMM@Z	32	1	Vector4	Set
0043DDA0	?Dot@Vector4@@QBEMABV1@@Z	64	1	Vector4	Dot
0043DDE0	nullsub_224	16	1		nullsub_224
0043DDF0	?wpmin@@YAMMM@Z	32	1		wpmin
0043DE10	?wpmax@@YAMMM@Z	32	1		wpmax
0043DE30	??0mmWaypointObject@@QAE@AAVVector4@@PADHMHM@Z	480	1	mmWaypointObject	mmWaypointObject
0043E010	??1mmWaypointObject@@UAE@XZ	16	1	mmWaypointObject	~mmWaypointObject
0043E020	?Reset@mmWaypointObject@@UAEXXZ	64	1	mmWaypointObject	Reset
0043E060	?Update@mmWaypointObject@@UAEXXZ	96	1	mmWaypointObject	Update
0043E0C0	?Activate@mmWaypointObject@@QAEXXZ	16	1	mmWaypointObject	Activate
0043E0D0	?Deactivate@mmWaypointObject@@QAEXXZ	16	1	mmWaypointObject	Deactivate
0043E0E0	?SetHeading@mmWaypointObject@@QAEXM@Z	96	1	mmWaypointObject	SetHeading
0043E140	?SetPos@mmWaypointObject@@QAEXVVector3@@@Z	32	1	mmWaypointObject	SetPos
0043E160	?SetHeadingType@mmWaypointObject@@QAEXH@Z	16	1	mmWaypointObject	SetHeadingType
0043E170	?SetRadius@mmWaypointObject@@QAEXM@Z	32	1	mmWaypointObject	SetRadius
0043E190	?CalculateGatePoints@mmWaypointObject@@QAEXXZ	128	1	mmWaypointObject	CalculateGatePoints
0043E210	?PlaneHit@mmWaypointObject@@QAEHVMatrix34@@VVector2@@1VVector3@@@Z	416	1	mmWaypointObject	PlaneHit
0043E3B0	?RadiusHit@mmWaypointObject@@QAEHVVector3@@@Z	80	1	mmWaypointObject	RadiusHit
0043E400	?LineIntersect@mmWaypointObject@@QAEHVVector2@@000M@Z	480	1	mmWaypointObject	LineIntersect
0043E5E0	?GetDrawFlag@mmWaypointObject@@QAEHXZ	16	1	mmWaypointObject	GetDrawFlag
0043E5F0	?Move@mmWaypointObject@@QAEXXZ	208	1	mmWaypointObject	Move
0043E6C0	?GetHitFlag@mmWaypointObject@@QAEHXZ	16	1	mmWaypointObject	GetHitFlag
0043E6D0	?SetHitFlag@mmWaypointObject@@QAEXH@Z	16	1	mmWaypointObject	SetHitFlag
0043E6E0	??_GmmWaypointObject@@UAEPAXI@Z	48	1	mmWaypointObject	`scalar deleting destructor'
0043E710	??0RadialGauge@@QAE@XZ	144	1	RadialGauge	RadialGauge
0043E7A0	?Init@RadialGauge@@QAEXPAVmodStatic@@PAPAVmodShader@@VVector3@@PBM3M@Z	128	1	RadialGauge	Init
0043E820	?Update@RadialGauge@@UAEXXZ	288	1	RadialGauge	Update
0043E940	?Cull@RadialGauge@@UAEXXZ	176	1	RadialGauge	Cull
0043E9F0	?Cull@RadialGauge@@QAEXPBVMatrix34@@@Z	864	1	RadialGauge	Cull
0043ED50	?GetArrowAngle@RadialGauge@@AAEMXZ	240	1	RadialGauge	GetArrowAngle
0043EE40	??0mmLinearGauge@@QAE@XZ	32	1	mmLinearGauge	mmLinearGauge
0043EE60	??1mmLinearGauge@@QAE@XZ	16	1	mmLinearGauge	~mmLinearGauge
0043EE70	?Init@mmLinearGauge@@QAEXPADPAM1HPAVmmExternalView@@@Z	96	1	mmLinearGauge	Init
0043EED0	?InitOverlay@mmLinearGauge@@QAEXPAD@Z	32	1	mmLinearGauge	InitOverlay
0043EEF0	?Draw@mmLinearGauge@@QAEXXZ	192	1	mmLinearGauge	Draw
0043EFB0	?Init@mmSlidingGauge@@QAEXPADPAM1HPAVmmExternalView@@H@Z	48	1	mmSlidingGauge	Init
0043EFE0	?Draw@mmSlidingGauge@@QAEXXZ	192	1	mmSlidingGauge	Draw
0043F0A0	??0mmGearIndicator@@QAE@XZ	32	1	mmGearIndicator	mmGearIndicator
0043F0C0	?Init@mmGearIndicator@@QAEXPAVmmExternalView@@PAVmmPlayer@@@Z	304	1	mmGearIndicator	Init
0043F1F0	?Draw@mmGearIndicator@@QAEXXZ	112	1	mmGearIndicator	Draw
0043F260	??0mmSpeedIndicator@@QAE@XZ	32	1	mmSpeedIndicator	mmSpeedIndicator
0043F280	?Init@mmSpeedIndicator@@QAEXPAVmmExternalView@@PAVvehCarSim@@@Z	176	1	mmSpeedIndicator	Init
0043F330	?Draw@mmSpeedIndicator@@QAEXXZ	288	1	mmSpeedIndicator	Draw
0043F450	??_GRadialGauge@@UAEPAXI@Z	48	1	RadialGauge	`scalar deleting destructor'
0043F480	?CheckSet@gfxRenderState@@AAEXAAEE@Z	32	1	gfxRenderState	CheckSet
0043F4A0	??0mmWaypointInstance@@QAE@XZ	112	1	mmWaypointInstance	mmWaypointInstance
0043F510	??1mmWaypointInstance@@QAE@XZ	16	1	mmWaypointInstance	~mmWaypointInstance
0043F520	?GetPosition@mmWaypointInstance@@UAEABVVector3@@XZ	16	1	mmWaypointInstance	GetPosition
0043F530	?GetMatrix@mmWaypointInstance@@UAEABVMatrix34@@AAV2@@Z	32	1	mmWaypointInstance	GetMatrix
0043F550	?SetMatrix@mmWaypointInstance@@UAEXABVMatrix34@@@Z	32	1	mmWaypointInstance	SetMatrix
0043F570	?MakeVisible@mmWaypointInstance@@QAEXXZ	16	1	mmWaypointInstance	MakeVisible
0043F580	?MakeInvisible@mmWaypointInstance@@QAEXXZ	16	1	mmWaypointInstance	MakeInvisible
0043F590	??0mmCheckpointInstance@@QAE@XZ	96	1	mmCheckpointInstance	mmCheckpointInstance
0043F5F0	??1mmCheckpointInstance@@QAE@XZ	16	1	mmCheckpointInstance	~mmCheckpointInstance
0043F600	?Init@mmCheckpointInstance@@UAEXPADVVector3@@@Z	80	1	mmCheckpointInstance	Init
0043F650	?Draw@mmCheckpointInstance@@UAEXH@Z	336	1	mmCheckpointInstance	Draw
0043F7A0	?SizeOf@mmCheckpointInstance@@UAEIXZ	16	1	mmCheckpointInstance	SizeOf
0043F7B0	??0mmBillInstance@@QAE@XZ	96	1	mmBillInstance	mmBillInstance
0043F810	??1mmBillInstance@@QAE@XZ	16	1	mmBillInstance	~mmBillInstance
0043F820	?Init@mmBillInstance@@UAEXPADVVector3@@@Z	64	1	mmBillInstance	Init
0043F860	?Draw@mmBillInstance@@UAEXH@Z	432	1	mmBillInstance	Draw
0043FA10	?SizeOf@mmBillInstance@@UAEIXZ	16	1	mmBillInstance	SizeOf
0043FA20	??0mmPowerupInstance@@QAE@XZ	96	1	mmPowerupInstance	mmPowerupInstance
0043FA80	??1mmPowerupInstance@@QAE@XZ	16	1	mmPowerupInstance	~mmPowerupInstance
0043FA90	?Init@mmPowerupInstance@@UAEXPADVVector3@@@Z	64	1	mmPowerupInstance	Init
0043FAD0	?Draw@mmPowerupInstance@@UAEXH@Z	336	1	mmPowerupInstance	Draw
0043FC20	?SizeOf@mmPowerupInstance@@UAEIXZ	16	1	mmPowerupInstance	SizeOf
0043FC30	?Detach@lvlInstance@@UAEXXZ	16	1	lvlInstance	Detach
0043FC40	?IsCollidable@lvlInstance@@UAE_NXZ	16	1	lvlInstance	IsCollidable
0043FC50	?IsTerrainCollidable@lvlInstance@@UAE_NXZ	16	1	lvlInstance	IsTerrainCollidable
0043FC60	?SetVariant@mmWaypointInstance@@UAEXH@Z	16	1	mmWaypointInstance	SetVariant
0043FC70	??0dgBangerActive@@QAE@XZ	208	1	dgBangerActive	dgBangerActive
0043FD40	??1dgBangerActive@@UAE@XZ	112	1	dgBangerActive	~dgBangerActive
0043FDB0	?GetInst@dgBangerActive@@UAEPAVlvlInstance@@XZ	16	1	dgBangerActive	GetInst
0043FDC0	?Attach@dgBangerActive@@QAEXPAVdgBangerInstance@@@Z	560	1	dgBangerActive	Attach
0043FFF0	?Detach@dgBangerActive@@QAEXXZ	64	1	dgBangerActive	Detach
00440030	?DetachMe@dgBangerActive@@UAEXXZ	32	1	dgBangerActive	DetachMe
00440050	?Update@dgBangerActive@@UAEXXZ	144	1	dgBangerActive	Update
004400E0	?PostUpdate@dgBangerActive@@UAEXXZ	144	1	dgBangerActive	PostUpdate
00440170	??0dgBangerActiveManager@@QAE@XZ	176	1	dgBangerActiveManager	dgBangerActiveManager
00440220	??1dgBangerActiveManager@@UAE@XZ	112	1	dgBangerActiveManager	~dgBangerActiveManager
00440290	?GetActive@dgBangerActiveManager@@QAEPAVdgBangerActive@@PAVdgBangerInstance@@@Z	48	1	dgBangerActiveManager	GetActive
004402C0	?Attach@dgBangerActiveManager@@QAEPAVdgBangerActive@@PAVdgBangerInstance@@@Z	144	1	dgBangerActiveManager	Attach
00440350	?Detach@dgBangerActiveManager@@QAEXPAVdgBangerActive@@@Z	80	1	dgBangerActiveManager	Detach
004403A0	?Update@dgBangerActiveManager@@UAEXXZ	352	1	dgBangerActiveManager	Update
00440500	?Reset@dgBangerActiveManager@@UAEXXZ	96	1	dgBangerActiveManager	Reset
00440560	??_GdgBangerActive@@UAEPAXI@Z	48	1	dgBangerActive	`scalar deleting destructor'
00440590	??_GdgBangerActiveManager@@UAEPAXI@Z	48	1	dgBangerActiveManager	`scalar deleting destructor'
004405C0	?GetICS@dgBangerActive@@UAEPAVphInertialCS@@XZ	16	1	dgBangerActive	GetICS
004405D0	?LoadEntry@dgBangerData@@QAEHPAD@Z	48	1	dgBangerData	LoadEntry
00440600	?GetDirName@dgBangerData@@UAEPBDXZ	16	1	dgBangerData	GetDirName
00440610	?AdjustPrim@dgBangerData@@QAEXXZ	208	1	dgBangerData	AdjustPrim
004406E0	??0dgBangerDataManager@@QAE@XZ	384	1	dgBangerDataManager	dgBangerDataManager
00440860	??1dgBangerDataManager@@UAE@XZ	224	1	dgBangerDataManager	~dgBangerDataManager
00440940	?AddBangerDataEntry@dgBangerDataManager@@QAEHPBD0@Z	288	1	dgBangerDataManager	AddBangerDataEntry
00440A60	?ChangeData@dgBangerDataManager@@QAEXXZ	48	1	dgBangerDataManager	ChangeData
00440A90	?Load@dgBangerData@@UAE_NXZ	800	1	dgBangerData	Load
00440DB0	?Save@dgBangerData@@UAE_NXZ	960	1	dgBangerData	Save
00441170	?AdjustBound@dgBangerData@@QAEXXZ	80	1	dgBangerData	AdjustBound
004411C0	?InitBound@dgBangerData@@QAEXXZ	528	1	dgBangerData	InitBound
004413D0	??_GdgBangerDataManager@@UAEPAXI@Z	48	1	dgBangerDataManager	`scalar deleting destructor'
00441400	??1ptxGlassBirthRules@@UAE@XZ	16	1	ptxGlassBirthRules	~ptxGlassBirthRules
00441410	??_GptxGlassBirthRules@@UAEPAXI@Z	48	1	ptxGlassBirthRules	`scalar deleting destructor'
00441440	?GetClassName@ptxGlassBirthRules@@UAEPADXZ	16	1	ptxGlassBirthRules	GetClassName
00441450	??0dgBangerData@@QAE@XZ	208	1	dgBangerData	dgBangerData
00441520	?GetClassName@dgBangerData@@UAEPADXZ	16	1	dgBangerData	GetClassName
00441530	??_GdgBangerData@@UAEPAXI@Z	48	1	dgBangerData	`scalar deleting destructor'
00441560	??1dgBangerData@@UAE@XZ	80	1	dgBangerData	~dgBangerData
004415B0	?GetClassName@dgBangerDataManager@@UAEPADXZ	16	1	dgBangerDataManager	GetClassName
004415C0	?ComputeLod@dgBangerInstance@@UAEHMM@Z	32	1	dgBangerInstance	ComputeLod
004415E0	?Draw@dgBangerInstance@@UAEXH@Z	464	1	dgBangerInstance	Draw
004417B0	?DrawReflected@dgBangerInstance@@UAEXM@Z	16	1	dgBangerInstance	DrawReflected
004417C0	?DrawTree@dgBangerInstance@@QAEXH@Z	128	1	dgBangerInstance	DrawTree
00441840	?DrawGlow@dgBangerInstance@@UAEXXZ	336	1	dgBangerInstance	DrawGlow
00441990	?DrawShadow@dgBangerInstance@@UAEXXZ	16	1	dgBangerInstance	DrawShadow
004419A0	?DrawShadowMap@dgBangerInstance@@UAEXXZ	272	1	dgBangerInstance	DrawShadowMap
00441AB0	?GetData@dgBangerInstance@@QAEPAVdgBangerData@@XZ	32	1	dgBangerInstance	GetData
00441AD0	?GetEntity@dgBangerInstance@@UAEPAVdgPhysEntity@@XZ	16	1	dgBangerInstance	GetEntity
00441AE0	?AttachEntity@dgBangerInstance@@UAEPAVdgPhysEntity@@XZ	64	1	dgBangerInstance	AttachEntity
00441B20	?GetVelocity@dgBangerInstance@@UAEABVVector3@@XZ	32	1	dgBangerInstance	GetVelocity
00441B40	?SetMatrix@dgHitBangerInstance@@UAEXABVMatrix34@@@Z	32	1	dgHitBangerInstance	SetMatrix
00441B60	?GetMatrix@dgHitBangerInstance@@UAEABVMatrix34@@AAV2@@Z	16	1	dgHitBangerInstance	GetMatrix
00441B70	?GetPosition@dgHitBangerInstance@@UAEABVVector3@@XZ	16	1	dgHitBangerInstance	GetPosition
00441B80	?InitBreakables@dgUnhitBangerInstance@@QAEXPBDPAVdgBangerData@@@Z	176	1	dgUnhitBangerInstance	InitBreakables
00441C30	?Init@dgUnhitBangerInstance@@UAEHPBDABVMatrix34@@H@Z	336	1	dgUnhitBangerInstance	Init
00441D80	?RequestBanger@dgUnhitBangerInstance@@SAPAV1@PBDH@Z	352	1	dgUnhitBangerInstance	RequestBanger
00441EE0	?Reset@dgUnhitBangerInstance@@UAEXXZ	96	1	dgUnhitBangerInstance	Reset
00441F40	?SetMatrix@dgUnhitYBangerInstance@@UAEXABVMatrix34@@@Z	48	1	dgUnhitYBangerInstance	SetMatrix
00441F70	?GetMatrix@dgUnhitYBangerInstance@@UAEABVMatrix34@@AAV2@@Z	80	1	dgUnhitYBangerInstance	GetMatrix
00441FC0	?GetPosition@dgUnhitYBangerInstance@@UAEABVVector3@@XZ	16	1	dgUnhitYBangerInstance	GetPosition
00441FD0	?SetMatrix@dgUnhitMtxBangerInstance@@UAEXABVMatrix34@@@Z	32	1	dgUnhitMtxBangerInstance	SetMatrix
00441FF0	?GetMatrix@dgUnhitMtxBangerInstance@@UAEABVMatrix34@@AAV2@@Z	16	1	dgUnhitMtxBangerInstance	GetMatrix
00442000	?GetPosition@dgUnhitMtxBangerInstance@@UAEABVVector3@@XZ	16	1	dgUnhitMtxBangerInstance	GetPosition
00442010	?Impact@dgUnhitBangerInstance@@UAEXPAVlvlInstance@@PAVVector3@@@Z	1376	1	dgUnhitBangerInstance	Impact
00442570	?InitBound@dgUnhitBangerInstance@@QAE_NPBD0PAVdgBangerData@@H@Z	16	1	dgUnhitBangerInstance	InitBound
00442580	?GetBound@dgBangerInstance@@UAEPBVphBound@@H@Z	256	1	dgBangerInstance	GetBound
00442680	?Detach@dgHitBangerInstance@@UAEXXZ	48	1	dgHitBangerInstance	Detach
004426B0	??0dgBangerManager@@QAE@XZ	48	1	dgBangerManager	dgBangerManager
004426E0	??1dgBangerManager@@UAE@XZ	160	1	dgBangerManager	~dgBangerManager
00442780	?GetBanger@dgBangerManager@@QAEPAVdgHitBangerInstance@@XZ	96	1	dgBangerManager	GetBanger
004427E0	?Init@dgBangerManager@@QAEXH@Z	144	1	dgBangerManager	Init
00442870	?InitGlow@dgBangerManager@@QAEXPBD@Z	48	1	dgBangerManager	InitGlow
004428A0	?Reset@dgBangerManager@@UAEXXZ	112	1	dgBangerManager	Reset
00442910	?SetupGfxLights@dgBangerInstance@@UBEHABVMatrix34@@@Z	16	1	dgBangerInstance	SetupGfxLights
00442920	??_GdgBangerManager@@UAEPAXI@Z	48	1	dgBangerManager	`scalar deleting destructor'
00442950	??_EdgHitBangerInstance@@QAEPAXI@Z	96	1	dgHitBangerInstance	`vector deleting destructor'
004429B0	??1dgHitBangerInstance@@QAE@XZ	16	1	dgHitBangerInstance	~dgHitBangerInstance
004429C0	?Cross@Vector3@@QAEXABV1@0@Z	80	1	Vector3	Cross
00442A10	?SetVariant@dgBangerInstance@@UAEXH@Z	80	1	dgBangerInstance	SetVariant
00442A60	??0dgHitBangerInstance@@QAE@XZ	80	1	dgHitBangerInstance	dgHitBangerInstance
00442AB0	?SizeOf@dgHitBangerInstance@@UAEIXZ	16	1	dgHitBangerInstance	SizeOf
00442AC0	j_??1lvlInstance@@QAE@XZ	16	1		j_??1lvlInstance@@QAE@XZ
00442AD0	?ImpactCB@dgUnhitBangerInstance@@UAEXPAVdgHitBangerInstance@@@Z	16	1	dgUnhitBangerInstance	ImpactCB
00442AE0	?SizeOf@dgUnhitYBangerInstance@@UAEIXZ	16	1	dgUnhitYBangerInstance	SizeOf
00442AF0	?SizeOf@dgUnhitMtxBangerInstance@@UAEIXZ	16	1	dgUnhitMtxBangerInstance	SizeOf
00442B00	??0dgTreeRenderer@@QAE@XZ	32	1	dgTreeRenderer	dgTreeRenderer
00442B20	?AddTree@dgTreeRenderer@@QAEXPAVdgBangerInstance@@H@Z	48	1	dgTreeRenderer	AddTree
00442B50	?RenderTrees@dgTreeRenderer@@QAEXXZ	192	1	dgTreeRenderer	RenderTrees
00442C10	??0dgGlassInstance@@QAE@XZ	32	1	dgGlassInstance	dgGlassInstance
00442C30	?InitStaticSystems@dgGlassInstance@@SAXXZ	96	1	dgGlassInstance	InitStaticSystems
00442C90	?Reset@dgGlassInstance@@UAEXXZ	64	1	dgGlassInstance	Reset
00442CD0	?Impact@dgGlassInstance@@UAEXPAVlvlInstance@@PAVVector3@@@Z	448	1	dgGlassInstance	Impact
00442E90	?Draw@dgGlassInstance@@UAEXH@Z	96	1	dgGlassInstance	Draw
00442EF0	?DrawGlow@dgGlassInstance@@UAEXXZ	16	1	dgGlassInstance	DrawGlow
00442F00	?SizeOf@dgGlassInstance@@UAEIXZ	16	1	dgGlassInstance	SizeOf
00442F10	?InstallTextureVariantHandler@@YAXXZ	64	1		InstallTextureVariantHandler
00442F50	?gfxPrepareImage@@YAPAVgfxImage@@PBD_N@Z	448	1		gfxPrepareImage
00443110	??0dgStatePack@@QAE@XZ	112	1	dgStatePack	dgStatePack
00443180	??1dgStatePack@@QAE@XZ	16	1	dgStatePack	~dgStatePack
00443190	?InitFromArgs@dgStatePack@@QAEXXZ	256	1	dgStatePack	InitFromArgs
00443290	??0cityTimeWeatherLighting@@QAE@XZ	112	1	cityTimeWeatherLighting	cityTimeWeatherLighting
00443300	?ComputeAmbientLightLevels@cityTimeWeatherLighting@@QAEXXZ	320	1	cityTimeWeatherLighting	ComputeAmbientLightLevels
00443440	?FileIO@cityTimeWeatherLighting@@QAEXAAVdatParser@@@Z	240	1	cityTimeWeatherLighting	FileIO
00443530	?LoadCityTimeWeatherLighting@@YAXXZ	224	1		LoadCityTimeWeatherLighting
00443610	?IsInRoomCheckWarps@cityLevel@@IAE_NABVVector3@@H@Z	144	1	cityLevel	IsInRoomCheckWarps
004436A0	?SetupLighting@cityLevel@@SAXABVVector3@@@Z	400	1	cityLevel	SetupLighting
00443830	?SetLightDirection@@YAXPBVVector3@@MM@Z	48	1		SetLightDirection
00443860	??0cityLevel@@QAE@XZ	176	1	cityLevel	cityLevel
00443910	??1cityLevel@@UAE@XZ	32	1	cityLevel	~cityLevel
00443930	?GetBound@cityLevel@@UAEPBVlvlLevelBound@@XZ	16	1	cityLevel	GetBound
00443940	?GetEnvMap@cityLevel@@UAEPAVgfxTexture@@HABVVector3@@AAM@Z	48	1	cityLevel	GetEnvMap
00443970	??0dgRoadDecalInstance@@QAE@PBDABVdgPath@@@Z	400	1	dgRoadDecalInstance	dgRoadDecalInstance
00443B00	??1dgRoadDecalInstance@@QAE@XZ	96	1	dgRoadDecalInstance	~dgRoadDecalInstance
00443B60	?DrawShadow@dgRoadDecalInstance@@UAEXXZ	672	1	dgRoadDecalInstance	DrawShadow
00443E00	?Draw@dgRoadDecalInstance@@UAEXH@Z	16	1	dgRoadDecalInstance	Draw
00443E10	?GetPosition@dgRoadDecalInstance@@UAEABVVector3@@XZ	16	1	dgRoadDecalInstance	GetPosition
00443E20	?SizeOf@dgRoadDecalInstance@@UAEIXZ	16	1	dgRoadDecalInstance	SizeOf
00443E30	?GetMatrix@dgRoadDecalInstance@@UAEABVMatrix34@@AAV2@@Z	16	1	dgRoadDecalInstance	GetMatrix
00443E40	?SetMatrix@dgRoadDecalInstance@@UAEXABVMatrix34@@@Z	16	1	dgRoadDecalInstance	SetMatrix
00443E50	?SetObjectDetail@cityLevel@@UAEXH@Z	224	1	cityLevel	SetObjectDetail
00443F30	?Load@cityLevel@@UAEXPBD@Z	4528	1	cityLevel	Load
004450E0	?LoadProp@cityLevel@@SAXHPBDABVMatrix34@@@Z	96	1	cityLevel	LoadProp
00445140	?LoadPathSet@cityLevel@@CAXPBDPBD@Z	160	1	cityLevel	LoadPathSet
004451E0	?LoadPath@cityLevel@@SAXPBDABVMatrix34@@_N@Z	48	1	cityLevel	LoadPath
00445210	?AddWarp@cityLevel@@CAXHH@Z	112	1	cityLevel	AddWarp
00445280	?GetWaterLevel@cityLevel@@UBEMH@Z	16	1	cityLevel	GetWaterLevel
00445290	?GetLightingIntensity@cityLevel@@UBEMABVVector3@@@Z	16	1	cityLevel	GetLightingIntensity
004452A0	?SetPtxHeight@cityLevel@@UAEXAAVasParticles@@@Z	16	1	cityLevel	SetPtxHeight
004452B0	?Update@cityLevel@@UAEXXZ	48	1	cityLevel	Update
004452E0	?PreDraw@cityLevel@@UAEXXZ	32	1	cityLevel	PreDraw
00445300	?PostDraw@cityLevel@@UAEXXZ	16	1	cityLevel	PostDraw
00445310	?GetBoundSphere@cityLevel@@UAE_NAAVVector4@@H@Z	48	1	cityLevel	GetBoundSphere
00445340	?DecompressPvs@cityLevel@@IAEXH@Z	160	1	cityLevel	DecompressPvs
004453E0	j_nullsub_226	16	1		j_nullsub_226
004453F0	nullsub_226	16	1		nullsub_226
00445400	?Draw@cityLevel@@UAEXABVgfxViewport@@I@Z	944	1	cityLevel	Draw
004457B0	?SetupPerRoomLighting@cityLevel@@IAEXH@Z	112	1	cityLevel	SetupPerRoomLighting
00445820	?DrawRooms@cityLevel@@IAEXABVgfxViewport@@IPBUcityRoomRec@@H@Z	297	1	cityLevel	DrawRooms
00445949	cityLevel_drawSDL	652	1		cityLevel_drawSDL
00445BD5	cityLevel_drawStatics	258	1		cityLevel_drawStatics
00445CD7	cityLevel_drawShadows	638	1		cityLevel_drawShadows
00445F55	cityLevel_drawObjects	502	1		cityLevel_drawObjects
0044614B	cityLevel_drawLights	549	1		cityLevel_drawLights
00446370	?InitFullProbe@cityLevel@@IAEXHH@Z	1456	1	cityLevel	InitFullProbe
00446920	?FullProbe@cityLevel@@IAEHABVVector3@@@Z	320	1	cityLevel	FullProbe
00446A60	?FindRoomId@cityLevel@@UAEHABVVector3@@H@Z	448	1	cityLevel	FindRoomId
00446C20	?GetNeighborCount@cityLevel@@UAEHH@Z	32	1	cityLevel	GetNeighborCount
00446C40	?GetNeighbors@cityLevel@@UAEHPAHH@Z	144	1	cityLevel	GetNeighbors
00446CD0	?GetTouchedNeighbors@cityLevel@@UAEHPAHHHABVVector4@@@Z	64	1	cityLevel	GetTouchedNeighbors
00446D10	?GetTouchedNeighborsR@cityLevel@@QAEHPAHHHABVVector4@@H@Z	656	1	cityLevel	GetTouchedNeighborsR
00446FA0	?GetRoomPerimeter@cityLevel@@UAEHHQAVVector3@@H@Z	112	1	cityLevel	GetRoomPerimeter
00447010	?GetLastStartRoom@cityLevel@@QAEHXZ	16	1	cityLevel	GetLastStartRoom
00447020	?Collide@cityLevel@@UAE_NHAAVlvlSegment@@PAVlvlIntersection@@@Z	16	1	cityLevel	Collide
00447030	?GetVisitList@cityLevel@@UAEHPAHHABVVector3@@1HH@Z	608	1	cityLevel	GetVisitList
00447290	?EnableSky@cityLevel@@QAEX_N@Z	16	1	cityLevel	EnableSky
004472A0	?EnablePVS@cityLevel@@QAEX_N@Z	32	1	cityLevel	EnablePVS
004472C0	??_GcityLevel@@UAEPAXI@Z	48	1	cityLevel	`scalar deleting destructor'
004472F0	?ClampToWorld@lvlLevel@@UAE_NAAVVector3@@@Z	16	1	lvlLevel	ClampToWorld
00447300	?InitNoArea@sdlPoly@@IAE_NHHHHH@Z	368	1	sdlPoly	InitNoArea
00447470	?SetQuad@sdlPoly@@QAE_NHHMHMHMHM@Z	512	1	sdlPoly	SetQuad
00447670	?SetFlatQuad@sdlPoly@@QAE_NHHHHHM@Z	480	1	sdlPoly	SetFlatQuad
00447850	?SetQuad@sdlPoly@@QAE_NHABVVector3@@000@Z	384	1	sdlPoly	SetQuad
004479D0	?SetTri@sdlPoly@@QAE_NHABVVector3@@00@Z	288	1	sdlPoly	SetTri
00447AF0	?SetFlatTri@sdlPoly@@QAE_NHHHHM@Z	384	1	sdlPoly	SetFlatTri
00447C70	?SetWall@sdlPoly@@QAE_NHHHMM@Z	224	1	sdlPoly	SetWall
00447D50	?SetWall@sdlPoly@@QAE_NHABVVector3@@0MM@Z	384	1	sdlPoly	SetWall
00447ED0	?InitFromPoly@sdlPolyCached@@QAEXPBVsdlPoly@@@Z	352	1	sdlPolyCached	InitFromPoly
00448030	j_nullsub_227	16	1		j_nullsub_227
00448040	nullsub_227	16	1		nullsub_227
00448050	??0sdlCommon@@QAE@XZ	64	1	sdlCommon	sdlCommon
00448090	?UpdateLighting@sdlCommon@@SAXXZ	560	1	sdlCommon	UpdateLighting
004482C0	??1sdlCommon@@QAE@XZ	32	1	sdlCommon	~sdlCommon
004482E0	?CollideEdgePoint@sdlCommon@@UBEHAAVlvlSegment@@PAVlvlIntersectionPoint@@H@Z	16	1	sdlCommon	CollideEdgePoint
004482F0	?CollideProbePoint@sdlCommon@@UBE_NAAVlvlSegment@@PAVlvlIntersectionPoint@@M@Z	16	1	sdlCommon	CollideProbePoint
00448300	?CollideAIPoint@sdlCommon@@UBE_NAAVlvlSegment@@PAVlvlIntersectionPoint@@@Z	16	1	sdlCommon	CollideAIPoint
00448310	?AllocateState@sdlCommon@@UBEPADXZ	32	1	sdlCommon	AllocateState
00448330	?Draw@sdlPage16@@QBEXHI@Z	143	1	sdlPage16	Draw
004483BF	psdl_set_texture	26	1		psdl_set_texture
004483D9	psdl_draw_alleys	516	1		psdl_draw_alleys
004485DD	psdl_draw_intersection_sidewalks	3148	1		psdl_draw_intersection_sidewalks
00449229	psdl_draw_road	154	1		psdl_draw_road
004492C3	psdl_draw_road_verylow	543	1		psdl_draw_road_verylow
004494E2	psdl_draw_road_low	488	1		psdl_draw_road_low
004496CA	psdl_draw_sidewalk_L	454	1		psdl_draw_sidewalk_L
00449890	psdl_draw_sidewalk_L_shaded	424	1		psdl_draw_sidewalk_L_shaded
00449A38	psdl_draw_sidewalk_R	454	1		psdl_draw_sidewalk_R
00449BFE	psdl_draw_sidewalk_R_shaded	422	1		psdl_draw_sidewalk_R_shaded
00449DA4	psdl_draw_road_L	487	1		psdl_draw_road_L
00449F8B	psdl_draw_road_R	459	1		psdl_draw_road_R
0044A156	psdl_draw_median_road	10310	1		psdl_draw_median_road
0044C99C	psdl_draw_tunnel_junction	13214	1		psdl_draw_tunnel_junction
0044FD3A	psdl_draw_roofs	286	1		psdl_draw_roofs
0044FE58	psdl_draw_intersection_surfaces	58	1		psdl_draw_intersection_surfaces
0044FE92	psdl_draw_terrain_thing	305	1		psdl_draw_terrain_thing
0044FFC3	psdl_draw_intersection_crosswalks	428	1		psdl_draw_intersection_crosswalks
0045016F	psdl_set_shade_color	16	1		psdl_set_shade_color
0045017F	psdl_draw_buildings_thing	551	1		psdl_draw_buildings_thing
004503A6	psdl_draw_slivers_thing	1016	1		psdl_draw_slivers_thing
0045079E	psdl_invalid_cmd	226	1		psdl_invalid_cmd
00450880	?GetShadedColor@sdlPage16@@DAIII@Z	144	1	sdlPage16	GetShadedColor
00450910	?GetShadedColor@sdlPage16@@DAIIII@Z	32	1	sdlPage16	GetShadedColor
00450930	?GetDrawnSDLPrims@sdlPage16@@QBEHHPAHH@Z	20224	1	sdlPage16	GetDrawnSDLPrims
00455830	?Collect@sdlPage16@@QBEHPBVVector4@@PAVsdlPoly@@HAAH@Z	19632	1	sdlPage16	Collect
0045A4E0	??0sdlPage16@@QAE@HH@Z	80	1	sdlPage16	sdlPage16
0045A530	??0lvlSDL@@QAE@XZ	32	1	lvlSDL	lvlSDL
0045A550	??1lvlSDL@@QAE@XZ	16	1	lvlSDL	~lvlSDL
0045A560	?ArcMap@sdlPage16@@QBEXPAMPBGHHH@Z	512	1	sdlPage16	ArcMap
0045A760	?WallMap@sdlPage16@@QBEXPAMPBGMHH@Z	416	1	sdlPage16	WallMap
0045A900	?PointInPerimeter@sdlPage16@@QBE_NMM@Z	240	1	sdlPage16	PointInPerimeter
0045A9F0	?GetCentroid@sdlPage16@@QBEXAAVVector3@@@Z	336	1	sdlPage16	GetCentroid
0045AB40	?FindBoundingIsoParams@sdlPage16@@SAXPBVVector4@@PBVVector3@@PBGHHAAH3@Z	688	1	sdlPage16	FindBoundingIsoParams
0045ADF0	?ComputeBoundSphere@sdlPage16@@QBEXAAVVector4@@@Z	160	1	sdlPage16	ComputeBoundSphere
0045AE90	?CollideSegment@sdlPage16@@QBE_NPBVVector4@@AAVlvlSegment@@AAVlvlIntersection@@MM@Z	464	1	sdlPage16	CollideSegment
0045B060	?CollidePolyToLevel@lvlSDL@@UBEHPBVphBoundPolygonal@@PAHHPAVphColliderBase@@PBVMatrix34@@3PAVlvlIntersection@@H1_N@Z	2864	1	lvlSDL	CollidePolyToLevel
0045BB90	nullsub_10	16	1		nullsub_10
0045BBA0	?CollideEdge@lvlSDL@@UBEHAAVlvlSegment@@PAVlvlIntersection@@HPAHH@Z	16	1	lvlSDL	CollideEdge
0045BBB0	?CollideProbe@lvlSDL@@UBE_NAAVlvlSegment@@PAVlvlIntersection@@M@Z	656	1	lvlSDL	CollideProbe
0045BE40	?CollideAI@lvlSDL@@UBE_NAAVlvlSegment@@PAVlvlIntersection@@PAHH@Z	16	1	lvlSDL	CollideAI
0045BE50	?Enumerate@lvlSDL@@QBEXHP6AXABV1@HHHPBGPAX@Z2@Z	320	1	lvlSDL	Enumerate
0045BF90	?LoadBinary@sdlPage16@@SAPAV1@PAVStream@@@Z	176	1	sdlPage16	LoadBinary
0045C040	?LoadBinary@lvlSDL@@QAE_NPBD@Z	1280	1	lvlSDL	LoadBinary
0045C540	?IsoLerp@lvlSDL@@CA_NAAVVector3@@AAHPBV2@HPBGHM_N4@Z	288	1	lvlSDL	IsoLerp
0045C660	?Propulate@lvlSDL@@SAXABV1@HHHPBGPAX@Z	1328	1	lvlSDL	Propulate
0045CB90	?GetVertex@lvlSDL@@UBEABVVector3@@H@Z	32	1	lvlSDL	GetVertex
0045CBB0	_sqrtf	16	1		_sqrtf
0045CBC0	?BACKFACE@sdlCommon@@SA_NABVVector3@@0@Z	80	1	sdlCommon	BACKFACE
0045CC10	?Max@@YAMMM@Z	32	1		Max
0045CC30	?Lerp@@YAMMMM@Z	32	1		Lerp
0045CC50	??0Vector2@@QAE@XZ	16	1	Vector2	Vector2
0045CC60	?Mag@Vector2@@QBEMXZ	32	1	Vector2	Mag
0045CC80	?Mag2@Vector2@@QBEMXZ	32	1	Vector2	Mag2
0045CCA0	??0Vector3@@QAE@XZ	16	1	Vector3	Vector3
0045CCB0	?Set@Vector3@@QAEXMMM@Z	32	1	Vector3	Set
0045CCD0	??YVector3@@QAEXABV0@@Z	48	1	Vector3	operator+=
0045CD00	??ZVector3@@QAEXABV0@@Z	48	1	Vector3	operator-=
0045CD30	?Subtract@Vector3@@QAEXABV1@@Z	48	1	Vector3	Subtract
0045CD60	?Normalize@Vector3@@QAEXXZ	96	1	Vector3	Normalize
0045CDC0	?InvMag@Vector3@@QBEMXZ	64	1	Vector3	InvMag
0045CE00	?Add@Vector3@@QAEXABV1@@Z	64	1	Vector3	Add
0045CE40	?Scale@Vector3@@QAEXABV1@M@Z	64	1	Vector3	Scale
0045CE80	?Cross@Vector3@@QAEXABV1@@Z	64	1	Vector3	Cross
0045CEC0	?Dist@Vector3@@QBEMABV1@@Z	64	1	Vector3	Dist
0045CF00	?FlatDist@Vector3@@QBEMABV1@@Z	48	1	Vector3	FlatDist
0045CF30	?GetNumMaterials@phBound@@UBEHXZ	16	1	phBound	GetNumMaterials
0045CF40	?SetFriction@phBound@@UAEXM@Z	16	1	phBound	SetFriction
0045CF50	?SetElasticity@phBound@@UAEXM@Z	16	1	phBound	SetElasticity
0045CF60	?SetFriction@phBound@@UAEMXZ	16	1	phBound	SetFriction
0045CF70	?SetElasticity@phBound@@UAEMXZ	16	1	phBound	SetElasticity
0045CF80	?ModifyInvMassMatrix@phBound@@UBEXPAVMatrix34@@HABVVector3@@@Z	16	1	phBound	ModifyInvMassMatrix
0045CF90	?ModifyInvMassMatrix@phBound@@UBEXPAVMatrix34@@HABVVector3@@1@Z	16	1	phBound	ModifyInvMassMatrix
0045CFA0	?EffectiveMass@phBound@@UBEMABVVector3@@0HM@Z	16	1	phBound	EffectiveMass
0045CFB0	?FindImpactsSphereOneRoom@lvlLevelBound@@EBEHHPBVphBoundSphere@@ABVVector3@@PAVphColliderBase@@2PAVphImpactBase@@H@Z	16	1	lvlLevelBound	FindImpactsSphereOneRoom
0045CFC0	?FindImpactsHotdogOneRoom@lvlLevelBound@@EBEHHQBVVector3@@PBVphBoundHotdog@@PBVMatrix34@@2PAVphColliderBase@@3PAVphImpactBase@@HABV2@@Z	16	1	lvlLevelBound	FindImpactsHotdogOneRoom
0045CFD0	?vglTexCoord2f@@YAXMM@Z	32	1		vglTexCoord2f
0045CFF0	?vglVertex3f@@YAXMMM@Z	144	1		vglVertex3f
0045D080	?vglVertex3f@@YAXVVector3@@@Z	144	1		vglVertex3f
0045D110	?GetPerimeterCount@sdlPage16@@QBEHXZ	16	1	sdlPage16	GetPerimeterCount
0045D120	?GetPerimeterVertexIndex@sdlPage16@@QBEHH@Z	32	1	sdlPage16	GetPerimeterVertexIndex
0045D140	?GetCodedVertex@sdlPage16@@QBEABVVector3@@H@Z	32	1	sdlPage16	GetCodedVertex
0045D160	?GetFloat@sdlPage16@@QBEMH@Z	16	1	sdlPage16	GetFloat
0045D170	?GetTexture@sdlPage16@@QBEPAVgfxTexture@@H@Z	16	1	sdlPage16	GetTexture
0045D180	?GetColor@gfxTexture@@QBEIXZ	128	1	gfxTexture	GetColor
0045D200	??0cityPropulator@@QAE@ABVlvlSDL@@@Z	32	1	cityPropulator	cityPropulator
0045D220	?Load@cityPropulator@@QAE_NPBD00@Z	80	1	cityPropulator	Load
0045D270	??1cityPropulator@@QAE@XZ	32	1	cityPropulator	~cityPropulator
0045D290	?LookupRule@cityPropulator@@QAEHPBD@Z	48	1	cityPropulator	LookupRule
0045D2C0	?Propulate@cityPropulator@@QAEXHHHP6AXHPBDABVMatrix34@@@Z@Z	608	1	cityPropulator	Propulate
0045D520	?Init@lvlAiMap@@SAXH@Z	112	1	lvlAiMap	Init
0045D590	?LoadCurrent@lvlAiMap@@SAXABVlvlSDL@@HHHPBGPAX@Z	368	1	lvlAiMap	LoadCurrent
0045D700	?SetRoad@lvlAiMap@@SAXABVlvlSDL@@H_N@Z	32	1	lvlAiMap	SetRoad
0045D720	?SetRoad@lvlAiMap@@SAXPBVlvlSDL@@H_N@Z	288	1	lvlAiMap	SetRoad
0045D840	?GetRoad@lvlAiMap@@SAPAVlvlAiRoad@@H@Z	32	1	lvlAiMap	GetRoad
0045D860	?GetNumRoads@lvlAiMap@@SAIXZ	16	1	lvlAiMap	GetNumRoads
0045D870	?LoadBinary@lvlAiRoad@@QAEXPAVStream@@@Z	160	1	lvlAiRoad	LoadBinary
0045D910	?LoadBinary@lvlAiMap@@SAXPAVStream@@@Z	176	1	lvlAiMap	LoadBinary
0045D9C0	?Delete@lvlAiMap@@SAXXZ	64	1	lvlAiMap	Delete
0045DA00	?GetRoom@lvlAiMap@@SAHH@Z	32	1	lvlAiMap	GetRoom
0045DA20	?GetRoomChop@lvlAiMap@@SA_NH@Z	48	1	lvlAiMap	GetRoomChop
0045DA50	?GetNumRooms@lvlAiMap@@SAHXZ	16	1	lvlAiMap	GetNumRooms
0045DA60	?GetNumVertexs@lvlAiMap@@SAHXZ	16	1	lvlAiMap	GetNumVertexs
0045DA70	?GetNumLanes@lvlAiMap@@SAHH@Z	48	1	lvlAiMap	GetNumLanes
0045DAA0	?GetNumCablecarLanes@lvlAiMap@@SAHH@Z	16	1	lvlAiMap	GetNumCablecarLanes
0045DAB0	?GetNumSubwayLanes@lvlAiMap@@SAHH@Z	48	1	lvlAiMap	GetNumSubwayLanes
0045DAE0	?GetNumSidewalks@lvlAiMap@@SAHH@Z	16	1	lvlAiMap	GetNumSidewalks
0045DAF0	?GetNormal@lvlAiMap@@SA?AVVector3@@H@Z	320	1	lvlAiMap	GetNormal
0045DC30	?GetSidewalkVertex@lvlAiMap@@SA?AVVector3@@HHH@Z	816	1	lvlAiMap	GetSidewalkVertex
0045DF60	?GetSidewalkVertexMulti@lvlAiMap@@SA?AVVector3@@HHH@Z	464	1	lvlAiMap	GetSidewalkVertexMulti
0045E130	?GetSidewalkVertexSingle@lvlAiMap@@SA?AVVector3@@HHH@Z	304	1	lvlAiMap	GetSidewalkVertexSingle
0045E260	?GetCablecarVertex@lvlAiMap@@SA?AVVector3@@HHH@Z	64	1	lvlAiMap	GetCablecarVertex
0045E2A0	?GetSubwayVertex@lvlAiMap@@SA?AVVector3@@HHH@Z	64	1	lvlAiMap	GetSubwayVertex
0045E2E0	?GetVertex@lvlAiMap@@SA?AVVector3@@HHH@Z	784	1	lvlAiMap	GetVertex
0045E5F0	?GetVertexMulti@lvlAiMap@@SA?AVVector3@@HHH@Z	288	1	lvlAiMap	GetVertexMulti
0045E710	?GetVertexSingle@lvlAiMap@@SA?AVVector3@@HHH@Z	224	1	lvlAiMap	GetVertexSingle
0045E7F0	?GetVertexSingleCenter@lvlAiMap@@SA?AVVector3@@HHH@Z	208	1	lvlAiMap	GetVertexSingleCenter
0045E8C0	?IsBlocked@lvlAiMap@@SAHH@Z	16	1	lvlAiMap	IsBlocked
0045E8D0	?IsPedBlocked@lvlAiMap@@SAHH@Z	16	1	lvlAiMap	IsPedBlocked
0045E8E0	?IsDivided@lvlAiMap@@SAHXZ	16	1	lvlAiMap	IsDivided
0045E8F0	?IsAlley@lvlAiMap@@SAHXZ	16	1	lvlAiMap	IsAlley
0045E900	?IsFreeway@lvlAiMap@@SAHXZ	16	1	lvlAiMap	IsFreeway
0045E910	?GetRoadIntersection@lvlAiMap@@SAHH@Z	32	1	lvlAiMap	GetRoadIntersection
0045E930	?GetIntersectionType@lvlAiMap@@SAHH@Z	80	1	lvlAiMap	GetIntersectionType
0045E980	?GetStopLightPos@lvlAiMap@@SAXHAAVVector3@@0_N@Z	768	1	lvlAiMap	GetStopLightPos
0045EC80	?GetStopLightName@lvlAiMap@@SAPADH@Z	64	1	lvlAiMap	GetStopLightName
0045ECC0	?GetStopLightType@lvlAiMap@@SAHH@Z	32	1	lvlAiMap	GetStopLightType
0045ECE0	??0asBirthRule@@QAE@XZ	208	1	asBirthRule	asBirthRule
0045EDB0	?GetDirName@asBirthRule@@UAEPBDXZ	16	1	asBirthRule	GetDirName
0045EDC0	?InitSpark@asBirthRule@@QAEXPAUasSparkInfo@@AAVasParticles@@H@Z	736	1	asBirthRule	InitSpark
0045F0A0	?Copy@asBirthRule@@QAEXPAV1@@Z	368	1	asBirthRule	Copy
0045F210	?Indent@asBirthRule@@QAEXPAVdatBaseTokenizer@@H@Z	48	1	asBirthRule	Indent
0045F240	?Save@asBirthRule@@QAEXPAVdatBaseTokenizer@@H@Z	1248	1	asBirthRule	Save
0045F720	?Load@asBirthRule@@QAEXPAVdatBaseTokenizer@@@Z	480	1	asBirthRule	Load
0045F900	?FileIO@asBirthRule@@UAEXAAVdatParser@@@Z	704	1	asBirthRule	FileIO
0045FBC0	??_GasBirthRule@@UAEPAXI@Z	48	1	asBirthRule	`scalar deleting destructor'
0045FBF0	??1asBirthRule@@UAE@XZ	16	1	asBirthRule	~asBirthRule
0045FC00	?AddValue@datParser@@QAEXPBDPAHPAVdatCallback@@@Z	32	1	datParser	AddValue
0045FC20	?GetClassName@asBirthRule@@UAEPADXZ	16	1	asBirthRule	GetClassName
0045FC30	?draw_textured_tri@@YAXPAVgfxTexture@@ABVMatrix34@@MMM@Z	176	1		draw_textured_tri
0045FCE0	??0fxShard@@QAE@XZ	64	1	fxShard	fxShard
0045FD20	??1fxShard@@QAE@XZ	16	1	fxShard	~fxShard
0045FD30	?AddShard@fxShard@@QAEXVVector3@@00M@Z	112	1	fxShard	AddShard
0045FDA0	?Update@fxShard@@QAEXXZ	144	1	fxShard	Update
0045FE30	?Draw@fxShard@@QAEXPAVmodShader@@@Z	64	1	fxShard	Draw
0045FE70	??0fxShardManager@@QAE@XZ	112	1	fxShardManager	fxShardManager
0045FEE0	??1fxShardManager@@UAE@XZ	128	1	fxShardManager	~fxShardManager
0045FF60	?GetInstance@fxShardManager@@SAPAV1@H@Z	32	1	fxShardManager	GetInstance
0045FF80	?Init@fxShardManager@@QAEXHPAVmodShader@@H@Z	144	1	fxShardManager	Init
00460010	?SetShader@fxShardManager@@QAEXPAVmodShader@@H@Z	32	1	fxShardManager	SetShader
00460030	?EmitShards@fxShardManager@@QAEXVVector3@@MMABVMatrix34@@@Z	128	1	fxShardManager	EmitShards
004600B0	?EmitAllShards@fxShardManager@@QAEXVVector3@@MABVMatrix34@@@Z	80	1	fxShardManager	EmitAllShards
00460100	?EmitShard@fxShardManager@@QAEXVVector3@@MABVMatrix34@@@Z	416	1	fxShardManager	EmitShard
004602A0	?Update@fxShardManager@@UAEXXZ	48	1	fxShardManager	Update
004602D0	?Draw@fxShardManager@@QAEXXZ	192	1	fxShardManager	Draw
00460390	??_GfxShardManager@@UAEPAXI@Z	48	1	fxShardManager	`scalar deleting destructor'
004603C0	??_EfxShard@@QAEPAXI@Z	176	1	fxShard	`vector deleting destructor'
00460470	?Get@asSparkLut@@SAPAV1@PAD@Z	64	1	asSparkLut	Get
004604B0	?Init@asSparkLut@@QAEXPAD@Z	480	1	asSparkLut	Init
00460690	??0asLineSparks@@QAE@XZ	32	1	asLineSparks	asLineSparks
004606B0	??1asLineSparks@@UAE@XZ	144	1	asLineSparks	~asLineSparks
00460740	?Init@asLineSparks@@QAEXHPAD@Z	240	1	asLineSparks	Init
00460830	?RadialBlast@asLineSparks@@QAEXHAAVVector3@@0@Z	944	1	asLineSparks	RadialBlast
00460BE0	?Update@asLineSparks@@QAEXXZ	64	1	asLineSparks	Update
00460C20	?Update@asLineSparks@@QAEXM@Z	448	1	asLineSparks	Update
00460DE0	?Draw@asLineSparks@@QAEXXZ	144	1	asLineSparks	Draw
00460E70	??_GasLineSparks@@UAEPAXI@Z	48	1	asLineSparks	`scalar deleting destructor'
00460EA0	??1asCullable@@UAE@XZ	16	1	asCullable	~asCullable
00460EB0	??0asParticles@@QAE@XZ	112	1	asParticles	asParticles
00460F20	??1asParticles@@UAE@XZ	144	1	asParticles	~asParticles
00460FB0	?Init@asParticles@@QAEXHHHHPAUasMeshCardVertex@@@Z	144	1	asParticles	Init
00461040	?Reset@asParticles@@QAEXXZ	16	1	asParticles	Reset
00461050	?SetTexture@asParticles@@QAEXPAVgfxTexture@@@Z	64	1	asParticles	SetTexture
00461090	?SetTexture@asParticles@@QAEXPBD@Z	96	1	asParticles	SetTexture
004610F0	?Update@asParticles@@QAEXXZ	928	1	asParticles	Update
00461490	?Blast@asParticles@@QAEXHPAVasBirthRule@@@Z	240	1	asParticles	Blast
00461580	?cmpPtx@@YAHPBX0@Z	32	1		cmpPtx
004615A0	?Cull@asParticles@@UAEXXZ	96	1	asParticles	Cull
00461600	?Init@asMeshCardInfo@@QAEXHPAUasMeshCardVertex@@HHH@Z	368	1	asMeshCardInfo	Init
00461770	?Draw@asMeshCardInfo@@QAEXPBUasSparkPos@@H@Z	288	1	asMeshCardInfo	Draw
00461890	?DrawShadows@asMeshCardInfo@@QAEXPBUasSparkPos@@H@Z	336	1	asMeshCardInfo	DrawShadows
004619E0	??_GasParticles@@UAEPAXI@Z	48	1	asParticles	`scalar deleting destructor'
00461A10	?Init@ptxGlass@@QAEXHHPAVgfxTexture@@@Z	176	1	ptxGlass	Init
00461AC0	?AddShards@ptxGlass@@QAEXABVVector3@@00ABVVector2@@11000@Z	1216	1	ptxGlass	AddShards
00461F80	?CreateShards@ptxGlass@@QAEXMMQAVVector2@@AAVMatrix34@@ABVVector3@@2@Z	2016	1	ptxGlass	CreateShards
00462760	?Update@ptxGlass@@QAEXM@Z	896	1	ptxGlass	Update
00462AE0	?DrawShards@ptxGlass@@QAEXH@Z	528	1	ptxGlass	DrawShards
00462CF0	?SetCentroidFromVerts@ptxShard@ptxGlass@@QAEXXZ	160	1	ptxGlass::ptxShard	SetCentroidFromVerts
00462D90	?FileIO@ptxGlassBirthRules@@UAEXAAVdatParser@@@Z	160	1	ptxGlassBirthRules	FileIO
00462E30	?BeginTask@lvlProgress@@SAXPBD@Z	80	1	lvlProgress	BeginTask
00462E80	?UpdateTask@lvlProgress@@SAXM_N@Z	128	1	lvlProgress	UpdateTask
00462F00	?PushSubTask@lvlProgress@@SAXMPAD@Z	64	1	lvlProgress	PushSubTask
00462F40	?PushSubTask@lvlProgress@@SAXMMPAD@Z	112	1	lvlProgress	PushSubTask
00462FB0	?PopSubTask@lvlProgress@@SAMXZ	32	1	lvlProgress	PopSubTask
00462FD0	?GetPercent@lvlProgress@@SAMXZ	48	1	lvlProgress	GetPercent
00463000	?EndTask@lvlProgress@@SAXXZ	32	1	lvlProgress	EndTask
00463020	?SetCallback@lvlProgress@@SAXP6AXPBDH@Z@Z	16	1	lvlProgress	SetCallback
00463030	j_nullsub_228	16	1		j_nullsub_228
00463040	nullsub_228	112	1		nullsub_228
004630B0	?GetLightInfo@lvlInstance@@UAEXHPAVcltLight@@@Z	96	1	lvlInstance	GetLightInfo
00463110	??2lvlInstance@@SAPAXI@Z	96	1	lvlInstance	operator new
00463170	??3lvlInstance@@SAXPAX@Z	16	1	lvlInstance	operator delete
00463180	?IsLandmark@lvlInstance@@UAE_NXZ	16	1	lvlInstance	IsLandmark
00463190	?Init@@YAHPBDABVMatrix34@@@Z	16	1		Init
004631A0	?ResetInstanceHeap@lvlInstance@@SAXXZ	64	1	lvlInstance	ResetInstanceHeap
004631E0	?ResetAll@lvlInstance@@SAXXZ	16	1	lvlInstance	ResetAll
004631F0	??0lvlInstance@@QAE@XZ	48	1	lvlInstance	lvlInstance
00463220	??1lvlInstance@@QAE@XZ	96	1	lvlInstance	~lvlInstance
00463280	?Reset@lvlInstance@@UAEXXZ	16	1	lvlInstance	Reset
00463290	?SetShadowBillboardMtx@lvlInstance@@SAXAAVMatrix44@@@Z	32	1	lvlInstance	SetShadowBillboardMtx
004632B0	?GetNumLightSources@lvlInstance@@UAEHXZ	16	1	lvlInstance	GetNumLightSources
004632C0	?GetGeomSet@lvlInstance@@KAHPBD0H@Z	1664	1	lvlInstance	GetGeomSet
00463940	?LoadBoundOnLastEntry@lvlInstance@@QAE_NPBD@Z	256	1	lvlInstance	LoadBoundOnLastEntry
00463A40	?GetBoundSphere@lvlInstance@@QAEAAVVector4@@AAV2@@Z	64	1	lvlInstance	GetBoundSphere
00463A80	?BeginGeom@lvlInstance@@QAE_NPBD0H@Z	288	1	lvlInstance	BeginGeom
00463BA0	?AddGeom@lvlInstance@@QAEHPBD0H@Z	32	1	lvlInstance	AddGeom
00463BC0	?EndGeom@lvlInstance@@QAEXXZ	400	1	lvlInstance	EndGeom
00463D50	?AddSphere@lvlInstance@@SAHM@Z	64	1	lvlInstance	AddSphere
00463D90	?Init@lvlInstance@@UAEHPBDABVMatrix34@@H@Z	16	1	lvlInstance	Init
00463DA0	?InitBoundTerrain@lvlInstance@@QAE_NPBD@Z	432	1	lvlInstance	InitBoundTerrain
00463F50	?InitBoundTerrainLocal@lvlInstance@@QAE_NPBD@Z	592	1	lvlInstance	InitBoundTerrainLocal
004641A0	?NeedGhostBound@lvlInstance@@QAE_NPBVVector3@@H@Z	96	1	lvlInstance	NeedGhostBound
00464200	?InitGhostBound@lvlInstance@@QAE_NPAVphBound@@PBVVector3@@H@Z	304	1	lvlInstance	InitGhostBound
00464330	?InitGhost@lvlInstance@@QAEHPBDABVMatrix34@@@Z	112	1	lvlInstance	InitGhost
004643A0	?GetVelocity@lvlInstance@@UAEABVVector3@@XZ	16	1	lvlInstance	GetVelocity
004643B0	?GetEntity@lvlInstance@@UAEPAVdgPhysEntity@@XZ	16	1	lvlInstance	GetEntity
004643C0	?AttachEntity@lvlInstance@@UAEPAVdgPhysEntity@@XZ	16	1	lvlInstance	AttachEntity
004643D0	?SetVariant@lvlInstance@@UAEXH@Z	16	1	lvlInstance	SetVariant
004643E0	?GetRadius@lvlInstance@@UAE?BMXZ	16	1	lvlInstance	GetRadius
004643F0	?DrawShadow@lvlInstance@@UAEXXZ	16	1	lvlInstance	DrawShadow
00464400	?DrawShadowMap@lvlInstance@@UAEXXZ	16	1	lvlInstance	DrawShadowMap
00464410	?DrawGlow@lvlInstance@@UAEXXZ	16	1	lvlInstance	DrawGlow
00464420	?DrawReflected@lvlInstance@@UAEXM@Z	16	1	lvlInstance	DrawReflected
00464430	?DrawPhysics@lvlInstance@@UAEXABVVector3@@@Z	576	1	lvlInstance	DrawPhysics
00464670	?SetupGfxLights@lvlInstance@@UAEHABVMatrix34@@@Z	16	1	lvlInstance	SetupGfxLights
00464680	?CreateTempBounds@lvlInstance@@KAXXZ	352	1	lvlInstance	CreateTempBounds
004647E0	?DeleteTempBounds@lvlInstance@@KAXXZ	208	1	lvlInstance	DeleteTempBounds
004648B0	?DrawReflectedParts@lvlInstance@@UAEXH@Z	16	1	lvlInstance	DrawReflectedParts
004648C0	?GetBound@lvlInstance@@UAEPBVphBound@@H@Z	304	1	lvlInstance	GetBound
004649F0	?IsVisible@lvlInstance@@UAEHABVgfxViewport@@@Z	272	1	lvlInstance	IsVisible
00464B00	?PreLoadShader@lvlInstance@@QAEXH@Z	112	1	lvlInstance	PreLoadShader
00464B70	?Optimize@lvlInstance@@QAEXH@Z	144	1	lvlInstance	Optimize
00464C00	??0lvlSky@@QAE@XZ	144	1	lvlSky	lvlSky
00464C90	?Reset@lvlSky@@UAEXXZ	16	1	lvlSky	Reset
00464CA0	??1lvlSky@@UAE@XZ	16	1	lvlSky	~lvlSky
00464CB0	?AutoInit@lvlSky@@QAEXPBD0H@Z	480	1	lvlSky	AutoInit
00464E90	?Init@lvlSky@@QAEXPBDMMMH@Z	256	1	lvlSky	Init
00464F90	?Update@lvlSky@@UAEXXZ	32	1	lvlSky	Update
00464FB0	?Draw@lvlSky@@UAEXXZ	256	1	lvlSky	Draw
004650B0	?DrawWithNoZState@lvlSky@@UAEXXZ	144	1	lvlSky	DrawWithNoZState
00465140	?DrawHat@lvlSky@@UAEXXZ	304	1	lvlSky	DrawHat
00465270	?SetupFog@lvlSky@@QAEXM@Z	208	1	lvlSky	SetupFog
00465340	??_GlvlSky@@UAEPAXI@Z	96	1	lvlSky	`scalar deleting destructor'
004653A0	??0lvlLevel@@QAE@XZ	96	1	lvlLevel	lvlLevel
00465400	??1lvlLevel@@UAE@XZ	96	1	lvlLevel	~lvlLevel
00465460	?Update@lvlLevel@@UAEXXZ	16	1	lvlLevel	Update
00465470	?SetObjectDetail@lvlLevel@@UAEXH@Z	16	1	lvlLevel	SetObjectDetail
00465480	?MoveToRoom@lvlLevel@@QAEXPAVlvlInstance@@H@Z	304	1	lvlLevel	MoveToRoom
004655B0	?Collide@lvlLevel@@UAE_NHAAVlvlSegment@@PAVlvlIntersection@@@Z	16	1	lvlLevel	Collide
004655C0	?GetBoundSphere@lvlLevel@@UAE_NAAVVector4@@H@Z	16	1	lvlLevel	GetBoundSphere
004655D0	?GetVisitList@lvlLevel@@UAEHPAHHABVVector3@@1HH@Z	16	1	lvlLevel	GetVisitList
004655E0	?RegisterDrawable@lvlLevel@@QAEXHVdatCallback@@@Z	80	1	lvlLevel	RegisterDrawable
00465630	?CallCallbacks@lvlLevel@@IAEXH@Z	80	1	lvlLevel	CallCallbacks
00465680	?ResetCallbacks@lvlLevel@@QAEXXZ	16	1	lvlLevel	ResetCallbacks
00465690	?GetEnvMap@lvlLevel@@UAEPAVgfxTexture@@HABVVector3@@AAM@Z	16	1	lvlLevel	GetEnvMap
004656A0	??_GlvlLevel@@UAEPAXI@Z	48	1	lvlLevel	`scalar deleting destructor'
004656D0	?CleanName@@YAPBDPBD@Z	32	1		CleanName
004656F0	?LoadInstances@lvlLevel@@UAE_NPBD0@Z	1888	1	lvlLevel	LoadInstances
00465E50	?ResetInstances@lvlLevel@@QAEXXZ	96	1	lvlLevel	ResetInstances
00465EB0	?IsCollidable@lvlLandmark@@UAE_NXZ	16	1	lvlLandmark	IsCollidable
00465EC0	??0lvlTrackManager@@QAE@XZ	16	1	lvlTrackManager	lvlTrackManager
00465ED0	??1lvlTrackManager@@QAE@XZ	16	1	lvlTrackManager	~lvlTrackManager
00465EE0	?Init@lvlTrackManager@@QAEXABVMatrix34@@MH@Z	112	1	lvlTrackManager	Init
00465F50	?Reset@lvlTrackManager@@QAEXXZ	16	1	lvlTrackManager	Reset
00465F60	?Update@lvlTrackManager@@QAEXABVVector3@@0PAVgfxTexture@@@Z	960	1	lvlTrackManager	Update
00466320	?Draw@lvlTrackManager@@QAEXXZ	192	1	lvlTrackManager	Draw
004663E0	?AddVertex@lvlTrackManager@@AAEXPAVgfxTexture@@MABVVector3@@1@Z	144	1	lvlTrackManager	AddVertex
00466470	?Dot@Vector3@@QBEMABV1@@Z	32	1	Vector3	Dot
00466490	?Mag@Vector3@@QBEMXZ	48	1	Vector3	Mag
004664C0	??0lvlMaterial@@QAE@XZ	80	1	lvlMaterial	lvlMaterial
00466510	?Load@lvlMaterial@@QAEXAAVdatAsciiTokenizer@@@Z	480	1	lvlMaterial	Load
004666F0	?Save@lvlMaterial@@UAEXAAVdatAsciiTokenizer@@@Z	496	1	lvlMaterial	Save
004668E0	?Copy@lvlMaterial@@QAEXABV1@@Z	80	1	lvlMaterial	Copy
00466930	?CreateInstance@lvlMaterialMgr@@SAAAV1@XZ	96	1	lvlMaterialMgr	CreateInstance
00466990	??0lvlMaterialMgr@@IAE@XZ	112	1	lvlMaterialMgr	lvlMaterialMgr
00466A00	?DeleteInstance@lvlMaterialMgr@@SAXXZ	48	1	lvlMaterialMgr	DeleteInstance
00466A30	?Find@lvlMaterialMgr@@QAEPAVlvlMaterial@@PBD@Z	16	1	lvlMaterialMgr	Find
00466A40	?Lookup@lvlMaterialMgr@@QAEPAVlvlMaterial@@H@Z	16	1	lvlMaterialMgr	Lookup
00466A50	?Load@lvlMaterialMgr@@UAEPAVphMaterial@@PAVdatAsciiTokenizer@@@Z	240	1	lvlMaterialMgr	Load
00466B40	??0dgPath@@QAE@PBD@Z	64	1	dgPath	dgPath
00466B80	?SetName@dgPath@@QAEXPBD@Z	64	1	dgPath	SetName
00466BC0	??1dgPath@@QAE@XZ	16	1	dgPath	~dgPath
00466BD0	?Load@dgPath@@SAPAV1@PAVStream@@@Z	368	1	dgPath	Load
00466D40	?Enumerate@dgPath@@QBEXP6AXPBDABVMatrix34@@_N@ZMM@Z	1040	1	dgPath	Enumerate
00467150	??0dgPathSet@@QAE@XZ	32	1	dgPathSet	dgPathSet
00467170	??1dgPathSet@@UAE@XZ	80	1	dgPathSet	~dgPathSet
004671C0	?Kill@dgPathSet@@QAEXXZ	80	1	dgPathSet	Kill
00467210	?Load@dgPathSet@@QAE_NPBD0@Z	192	1	dgPathSet	Load
004672D0	??_GdgPathSet@@UAEPAXI@Z	48	1	dgPathSet	`scalar deleting destructor'
00467300	??0lvlFixedAny@@QAE@XZ	32	1	lvlFixedAny	lvlFixedAny
00467320	?DrawReflectedParts@lvlFixedAny@@UAEXH@Z	256	1	lvlFixedAny	DrawReflectedParts
00467420	?Draw@lvlFixedAny@@UAEXH@Z	288	1	lvlFixedAny	Draw
00467540	?SetVariant@lvlFixedAny@@UAEXH@Z	64	1	lvlFixedAny	SetVariant
00467580	?Init@lvlFixedAny@@UAEHPBDABVMatrix34@@H@Z	448	1	lvlFixedAny	Init
00467740	?DrawShadowMap@lvlFixedAny@@UAEXXZ	160	1	lvlFixedAny	DrawShadowMap
004677E0	?DrawShadow@lvlFixedAny@@UAEXXZ	304	1	lvlFixedAny	DrawShadow
00467910	??0lvlFixedRotY@@QAE@XZ	32	1	lvlFixedRotY	lvlFixedRotY
00467930	?SizeOf@lvlFixedRotY@@UAEIXZ	16	1	lvlFixedRotY	SizeOf
00467940	?GetPosition@lvlFixedRotY@@UAEABVVector3@@XZ	16	1	lvlFixedRotY	GetPosition
00467950	?IsVisible@lvlFixedRotY@@UAEHABVgfxViewport@@@Z	80	1	lvlFixedRotY	IsVisible
004679A0	?GetMatrix@lvlFixedRotY@@UAEABVMatrix34@@AAV2@@Z	80	1	lvlFixedRotY	GetMatrix
004679F0	?SetMatrix@lvlFixedRotY@@UAEXABVMatrix34@@@Z	48	1	lvlFixedRotY	SetMatrix
00467A20	??0lvlFixedMatrix@@QAE@XZ	32	1	lvlFixedMatrix	lvlFixedMatrix
00467A40	?SizeOf@lvlFixedMatrix@@UAEIXZ	16	1	lvlFixedMatrix	SizeOf
00467A50	?GetPosition@lvlFixedMatrix@@UAEABVVector3@@XZ	16	1	lvlFixedMatrix	GetPosition
00467A60	?IsVisible@lvlFixedMatrix@@UAEHABVgfxViewport@@@Z	80	1	lvlFixedMatrix	IsVisible
00467AB0	?GetMatrix@lvlFixedMatrix@@UAEABVMatrix34@@AAV2@@Z	16	1	lvlFixedMatrix	GetMatrix
00467AC0	?SetMatrix@lvlFixedMatrix@@UAEXABVMatrix34@@@Z	32	1	lvlFixedMatrix	SetMatrix
00467AE0	?GetPosition@lvlMultiRoomInstance@@UAEABVVector3@@XZ	16	1	lvlMultiRoomInstance	GetPosition
00467AF0	?GetMatrix@lvlMultiRoomInstance@@UAEABVMatrix34@@AAV2@@Z	32	1	lvlMultiRoomInstance	GetMatrix
00467B10	?SetMatrix@lvlMultiRoomInstance@@UAEXABVMatrix34@@@Z	32	1	lvlMultiRoomInstance	SetMatrix
00467B30	?GetEntity@lvlMultiRoomInstance@@UAEPAVdgPhysEntity@@XZ	16	1	lvlMultiRoomInstance	GetEntity
00467B40	?AttachEntity@lvlMultiRoomInstance@@UAEPAVdgPhysEntity@@XZ	16	1	lvlMultiRoomInstance	AttachEntity
00467B50	?GetVelocity@lvlMultiRoomInstance@@UAEABVVector3@@XZ	16	1	lvlMultiRoomInstance	GetVelocity
00467B60	?IsLandmark@lvlMultiRoomInstance@@UAE_NXZ	16	1	lvlMultiRoomInstance	IsLandmark
00467B70	?IsCollidable@lvlMultiRoomInstance@@UAE_NXZ	16	1	lvlMultiRoomInstance	IsCollidable
00467B80	?IsTerrainCollidable@lvlMultiRoomInstance@@UAE_NXZ	32	1	lvlMultiRoomInstance	IsTerrainCollidable
00467BA0	?Draw@lvlMultiRoomInstance@@UAEXH@Z	128	1	lvlMultiRoomInstance	Draw
00467C20	?GetBound@lvlMultiRoomInstance@@UAEPBVphBound@@H@Z	16	1	lvlMultiRoomInstance	GetBound
00467C30	?SizeOf@lvlMultiRoomInstance@@UAEIXZ	16	1	lvlMultiRoomInstance	SizeOf
00467C40	?Create@lvlMultiRoomInstance@@SAXPAVlvlInstance@@H@Z	816	1	lvlMultiRoomInstance	Create
00467F70	??0lvlMultiRoomInstance@@AAE@PAVlvlInstance@@PAUlvlMultiRoomState@@H@Z	128	1	lvlMultiRoomInstance	lvlMultiRoomInstance
00467FF0	?IsLandmark@lvlLandmark@@UAE_NXZ	16	1	lvlLandmark	IsLandmark
00468000	?SizeOf@lvlLandmark@@UAEIXZ	16	1	lvlLandmark	SizeOf
00468010	?Init@lvlLandmark@@UAEHPBDABVMatrix34@@H@Z	32	1	lvlLandmark	Init
00468030	?IsVisible@lvlLandmark@@UAEHABVgfxViewport@@@Z	96	1	lvlLandmark	IsVisible
00468090	j_nullsub_229	16	1		j_nullsub_229
004680A0	nullsub_229	160	1		nullsub_229
00468140	j_nullsub_230	16	1		j_nullsub_230
00468150	nullsub_230	16	1		nullsub_230
00468160	j_nullsub_231	16	1		j_nullsub_231
00468170	nullsub_231	16	1		nullsub_231
00468180	j_nullsub_232	16	1		j_nullsub_232
00468190	nullsub_232	16	1		nullsub_232
004681A0	??0dgPhysManager@@QAE@XZ	176	1	dgPhysManager	dgPhysManager
00468250	??1dgPhysManager@@UAE@XZ	128	1	dgPhysManager	~dgPhysManager
004682D0	?Reset@dgPhysManager@@QAEXXZ	160	1	dgPhysManager	Reset
00468370	?DeclareMover@dgPhysManager@@QAEXPAVlvlInstance@@HH@Z	480	1	dgPhysManager	DeclareMover
00468550	?NewMover@dgPhysManager@@QAEXPAVlvlInstance@@0@Z	288	1	dgPhysManager	NewMover
00468670	?NewMover@dgPhysManager@@QAEXPAVlvlInstance@@@Z	176	1	dgPhysManager	NewMover
00468720	?NewMover@dgPhysManager@@QAEXPAVlvlInstance@@00@Z	320	1	dgPhysManager	NewMover
00468860	?IgnoreMover@dgPhysManager@@QAEXPAVlvlInstance@@@Z	80	1	dgPhysManager	IgnoreMover
004688B0	?Update@dgPhysManager@@QAEXXZ	1376	1	dgPhysManager	Update
00468E10	?ResetTable@dgPhysManager@@QAEXXZ	48	1	dgPhysManager	ResetTable
00468E40	?Collide@dgPhysManager@@QAE_NAAVlvlSegment@@PAVlvlIntersection@@HPAVlvlInstance@@HH@Z	720	1	dgPhysManager	Collide
00469110	?CollideProbe@dgPhysManager@@QAE_NAAVlvlSegment@@PAVlvlIntersection@@PAVlvlInstance@@@Z	464	1	dgPhysManager	CollideProbe
004692E0	?TrivialCollideInstances@dgPhysManager@@QAE_NPAVlvlInstance@@0@Z	512	1	dgPhysManager	TrivialCollideInstances
004694E0	?GatherCollidables@dgPhysManager@@QAEXPAUCollisionTableEntry@1@@Z	320	1	dgPhysManager	GatherCollidables
00469620	?CollideInstances@dgPhysManager@@QAE_NPAVlvlInstance@@0@Z	1088	1	dgPhysManager	CollideInstances
00469A60	?CollideTerrain@dgPhysManager@@QAE_NPAUCollisionTableEntry@1@@Z	1120	1	dgPhysManager	CollideTerrain
00469EC0	?Draw@dgPhysManager@@QAEXXZ	16	1	dgPhysManager	Draw
00469ED0	??_GdgPhysManager@@UAEPAXI@Z	48	1	dgPhysManager	`scalar deleting destructor'
00469F00	?TestProbe@dgPhysManager@@UBE_NABVphSegment@@PAVphIntersection@@IH@Z	16	1	dgPhysManager	TestProbe
00469F10	?TestSphere@dgPhysManager@@UBE_NABVVector3@@MPAVphImpact@@IH@Z	16	1	dgPhysManager	TestSphere
00469F20	?PromoteInstance@dgPhysManager@@UAEPAVphColliderBase@@PAVphInstance@@@Z	16	1	dgPhysManager	PromoteInstance
00469F30	?DemoteInstance@dgPhysManager@@UAEXPAVphInstance@@@Z	16	1	dgPhysManager	DemoteInstance
00469F40	?KillInstance@dgPhysManager@@UAEXPAVphInstance@@@Z	16	1	dgPhysManager	KillInstance
00469F50	?DisableInstance@dgPhysManager@@UAEXPAVphInstance@@@Z	16	1	dgPhysManager	DisableInstance
00469F60	?EnableInstance@dgPhysManager@@UAEXPAVphInstance@@H@Z	16	1	dgPhysManager	EnableInstance
00469F70	?GetCollider@dgPhysManager@@UBEPAVphColliderBase@@PBVphInstance@@@Z	16	1	dgPhysManager	GetCollider
00469F80	?CreateInstance@dgPhysManager@@UAEPAVphInstance@@XZ	16	1	dgPhysManager	CreateInstance
00469F90	?Set@lvlSegment@@QAEXABVVector3@@0HPAVlvlSegmentInfo@@@Z	208	1	lvlSegment	Set
0046A060	?CalculateInfo@lvlSegment@@QAEXXZ	144	1	lvlSegment	CalculateInfo
0046A0F0	?AllocateState@lvlSegmentInfo@@QAEXXZ	48	1	lvlSegmentInfo	AllocateState
0046A120	?Update@dgPhysEntity@@UAEXXZ	80	1	dgPhysEntity	Update
0046A170	??0dgBoundGeometry@@QAE@XZ	128	1	dgBoundGeometry	dgBoundGeometry
0046A1F0	??1dgBoundGeometry@@QAE@XZ	96	1	dgBoundGeometry	~dgBoundGeometry
0046A250	?SetFriction@dgBoundGeometry@@UAEXM@Z	16	1	dgBoundGeometry	SetFriction
0046A260	?SetElasticity@dgBoundGeometry@@UAEXM@Z	16	1	dgBoundGeometry	SetElasticity
0046A270	??0dgBoundBox@@QAE@XZ	112	1	dgBoundBox	dgBoundBox
0046A2E0	??1dgBoundBox@@QAE@XZ	96	1	dgBoundBox	~dgBoundBox
0046A340	?SetFriction@dgBoundBox@@UAEXM@Z	32	1	dgBoundBox	SetFriction
0046A360	?SetElasticity@dgBoundBox@@UAEXM@Z	32	1	dgBoundBox	SetElasticity
0046A380	??0dgBoundHotdog@@QAE@XZ	112	1	dgBoundHotdog	dgBoundHotdog
0046A3F0	??1dgBoundHotdog@@QAE@XZ	96	1	dgBoundHotdog	~dgBoundHotdog
0046A450	?SetFriction@dgBoundHotdog@@UAEXM@Z	32	1	dgBoundHotdog	SetFriction
0046A470	?SetElasticity@dgBoundHotdog@@UAEXM@Z	32	1	dgBoundHotdog	SetElasticity
0046A490	??0dgBoundSphere@@QAE@XZ	112	1	dgBoundSphere	dgBoundSphere
0046A500	??1dgBoundSphere@@QAE@XZ	96	1	dgBoundSphere	~dgBoundSphere
0046A560	?SetFriction@dgBoundSphere@@UAEXM@Z	32	1	dgBoundSphere	SetFriction
0046A580	?SetElasticity@dgBoundSphere@@UAEXM@Z	32	1	dgBoundSphere	SetElasticity
0046A5A0	?GetVertex@phBoundPolygonal@@UBEABVVector3@@H@Z	32	1	phBoundPolygonal	GetVertex
0046A5C0	?GetEdgeCosine@phBoundGeometry@@UBEMH@Z	16	1	phBoundGeometry	GetEdgeCosine
0046A5D0	?GetEdgeNormal@phBoundGeometry@@UBEABVVector3@@HAAV2@@Z	32	1	phBoundGeometry	GetEdgeNormal
0046A5F0	?GetMaterial@dgBoundGeometry@@UBEPBVphMaterial@@H@Z	16	1	dgBoundGeometry	GetMaterial
0046A600	?GetNumMaterials@dgBoundGeometry@@UBEHXZ	16	1	dgBoundGeometry	GetNumMaterials
0046A610	?GetEdgeCosine@phBoundBox@@UBEMH@Z	16	1	phBoundBox	GetEdgeCosine
0046A620	?GetMaterial@dgBoundBox@@UBEPBVphMaterial@@H@Z	16	1	dgBoundBox	GetMaterial
0046A630	?GetNumMaterials@dgBoundBox@@UBEHXZ	16	1	dgBoundBox	GetNumMaterials
0046A640	?GetMaterial@dgBoundHotdog@@UBEPBVphMaterial@@H@Z	16	1	dgBoundHotdog	GetMaterial
0046A650	?GetNumMaterials@dgBoundHotdog@@UBEHXZ	16	1	dgBoundHotdog	GetNumMaterials
0046A660	?GetMaterial@dgBoundSphere@@UBEPBVphMaterial@@H@Z	16	1	dgBoundSphere	GetMaterial
0046A670	?GetNumMaterials@dgBoundSphere@@UBEHXZ	16	1	dgBoundSphere	GetNumMaterials
0046A680	?AllocateState@lvlLevelBound@@UBEPADXZ	16	1	lvlLevelBound	AllocateState
0046A690	?TestEdge@lvlLevelBound@@UBEHAAVphSegment@@PAVphIntersection@@H@Z	16	1	lvlLevelBound	TestEdge
0046A6A0	?TestProbe@lvlLevelBound@@UBE_NAAVphSegment@@PAVphIntersection@@M@Z	16	1	lvlLevelBound	TestProbe
0046A6B0	?TestAI@lvlLevelBound@@UBE_NAAVphSegment@@PAVphIntersection@@@Z	16	1	lvlLevelBound	TestAI
0046A6C0	?TestEdgePoint@lvlLevelBound@@UBEHAAVphSegment@@PAVphIntersectionPoint@@H@Z	16	1	lvlLevelBound	TestEdgePoint
0046A6D0	?TestProbePoint@lvlLevelBound@@UBE_NAAVphSegment@@PAVphIntersectionPoint@@M@Z	16	1	lvlLevelBound	TestProbePoint
0046A6E0	?TestAIPoint@lvlLevelBound@@UBE_NAAVphSegment@@PAVphIntersectionPoint@@@Z	16	1	lvlLevelBound	TestAIPoint
0046A6F0	?TestSphere@lvlLevelBound@@UBE_NABVVector3@@MAAV2@1AAM@Z	16	1	lvlLevelBound	TestSphere
0046A700	?GetEdgeCosine@lvlLevelBound@@UBEMH@Z	16	1	lvlLevelBound	GetEdgeCosine
0046A710	?GetEdgeNormal@lvlLevelBound@@UBEABVVector3@@HAAV2@@Z	16	1	lvlLevelBound	GetEdgeNormal
0046A720	?GetMaterial@lvlLevelBound@@UBEPBVphMaterial@@H@Z	48	1	lvlLevelBound	GetMaterial
0046A750	?CollidePolyToLevel@lvlLevelBound@@UBEHPBVphBoundPolygonal@@PAHHPAVphColliderBase@@PBVMatrix34@@3PAVlvlIntersection@@H1_N@Z	3632	1	lvlLevelBound	CollidePolyToLevel
0046B580	?TrivialCollideBoxToLevel@lvlLevelBound@@UBE_NPBVphBoundBox@@HPAVphColliderBase@@PBVMatrix34@@2@Z	160	1	lvlLevelBound	TrivialCollideBoxToLevel
0046B620	?CalcImpact@dgImpact@@SAHPAV1@MM@Z	432	1	dgImpact	CalcImpact
0046B7D0	?CalcCollision@dgImpact@@QAEHABVVector3@@MPAV2@111M@Z	1712	1	dgImpact	CalcCollision
0046BE80	?CalcCollision@dgImpact@@QAEHABVVector3@@MPAV2@11111_N2HHM@Z	1552	1	dgImpact	CalcCollision
0046C490	??0phSleep@@QAE@XZ	32	1	phSleep	phSleep
0046C4B0	??0phSleep@@QAE@PAVphInertialCS@@PAVphColliderBase@@@Z	48	1	phSleep	phSleep
0046C4E0	??1phSleep@@QAE@XZ	16	1	phSleep	~phSleep
0046C4F0	?Init@phSleep@@QAEXPAVphInertialCS@@PAVphColliderBase@@@Z	96	1	phSleep	Init
0046C550	?WakeUp@phSleep@@QAEXXZ	48	1	phSleep	WakeUp
0046C580	?WakeUpNextTime@phSleep@@QAEXXZ	16	1	phSleep	WakeUpNextTime
0046C590	?Reset@phSleep@@QAEXXZ	16	1	phSleep	Reset
0046C5A0	?SendToSleep@phSleep@@QAEXXZ	64	1	phSleep	SendToSleep
0046C5E0	?Update@phSleep@@QAEXXZ	752	1	phSleep	Update
0046C8D0	?SetAsleepCB@phSleep@@QAEXPAVdatCallback@@@Z	16	1	phSleep	SetAsleepCB
0046C8E0	?SmoothAngInertia@phSleep@@SAXAAVphInertialCS@@M@Z	176	1	phSleep	SmoothAngInertia
0046C990	?Mag2@Vector3@@QBEMXZ	32	1	Vector3	Mag2
0046C9B0	?EffectiveMass@phImpact@@QBEMXZ	448	1	phImpact	EffectiveMass
0046CB70	?GetLocalVelocities@phImpact@@QBEXAAVVector3@@0@Z	192	1	phImpact	GetLocalVelocities
0046CC30	?GetRelDisplacement@phImpact@@QBEXPAVVector3@@@Z	192	1	phImpact	GetRelDisplacement
0046CCF0	?CalcCollision@phImpact@@QAEXABVVector3@@MPAV2@11@Z	1280	1	phImpact	CalcCollision
0046D1F0	?Contact@phImpact@@QAEXABVVector3@@00ABVMatrix34@@@Z	96	1	phImpact	Contact
0046D250	?Impact@phImpact@@QAEXABVVector3@@00@Z	80	1	phImpact	Impact
0046D2A0	?CalcCollisionNoFriction@phImpact@@SAMABVphInertialCS@@ABVVector3@@M1@Z	160	1	phImpact	CalcCollisionNoFriction
0046D340	?FindFrictionAndElasticity@phImpact@@QAEXXZ	96	1	phImpact	FindFrictionAndElasticity
0046D3A0	?GetMaterial@phImpact@@QAEPBVphMaterial@@PAVphColliderBase@@H@Z	64	1	phImpact	GetMaterial
0046D3E0	??0phColliderJointed@@QAE@XZ	48	1	phColliderJointed	phColliderJointed
0046D410	?InitArray@phColliderJointed@@SAXQAV1@H@Z	192	1	phColliderJointed	InitArray
0046D4D0	?Attach@phColliderJointed@@QAEXPBVphJoint@@@Z	16	1	phColliderJointed	Attach
0046D4E0	?Impact@phColliderJointed@@UAEXPBVphImpactBase@@ABVVector3@@1@Z	32	1	phColliderJointed	Impact
0046D500	?Impact@phColliderJointed@@UAEXPBVphImpactBase@@ABVVector3@@@Z	32	1	phColliderJointed	Impact
0046D520	?Contact@phColliderJointed@@UAEXPBVphImpactBase@@ABVVector3@@11ABVMatrix34@@@Z	32	1	phColliderJointed	Contact
0046D540	?Contact@phColliderJointed@@UAEXABVVector3@@PBVphContact@@ABVMatrix34@@@Z	32	1	phColliderJointed	Contact
0046D560	?Contact@phColliderJointed@@UAEXABVVector3@@PBVphContact@@@Z	32	1	phColliderJointed	Contact
0046D580	?GetInvMassMatrix@phColliderJointed@@UBEXABVVector3@@AAVMatrix34@@H@Z	112	1	phColliderJointed	GetInvMassMatrix
0046D5F0	?GetInvMassMatrix@phColliderJointed@@UBEXABVVector3@@0AAVMatrix34@@H@Z	32	1	phColliderJointed	GetInvMassMatrix
0046D610	?InitArray@phCollider@@SAXQAV1@H@Z	208	1	phCollider	InitArray
0046D6E0	?Init@phCollider@@QAEXPBVphBound@@PAVInstanceData@@PAVphInertialCS@@PAVphSleep@@@Z	96	1	phCollider	Init
0046D740	?Init@phCollider@@QAEXPBVphBound@@PAVphInertialCS@@PAVphSleep@@@Z	96	1	phCollider	Init
0046D7A0	?Init@phCollider@@QAEXPBVphBound@@PAVMatrix34@@PAVphInertialCS@@PAVphSleep@@@Z	96	1	phCollider	Init
0046D800	?Init@phCollider@@QAEXPBVphBound@@PAVMatrix34@@@Z	112	1	phCollider	Init
0046D870	?Init@phCollider@@QAEXPAVMatrix34@@PBVphBound@@@Z	96	1	phCollider	Init
0046D8D0	?Reset@phCollider@@QAEXXZ	176	1	phCollider	Reset
0046D980	?SetColliderPenetration@phColliderBase@@SAXM@Z	32	1	phColliderBase	SetColliderPenetration
0046D9A0	?Reset@phColliderBase@@QAEXXZ	64	1	phColliderBase	Reset
0046D9E0	?UpdateMtx@phColliderBase@@QAEXXZ	64	1	phColliderBase	UpdateMtx
0046DA20	?Update@phColliderBase@@QAEXXZ	80	1	phColliderBase	Update
0046DA70	?CalcMaxMoved@phColliderBase@@QAEXXZ	256	1	phColliderBase	CalcMaxMoved
0046DB70	?ToWorldCoords@phColliderBase@@QBEXPAVphIntersection@@H@Z	416	1	phColliderBase	ToWorldCoords
0046DD10	?ColliderIsActive@phColliderBase@@QBE_NXZ	16	1	phColliderBase	ColliderIsActive
0046DD20	?GetDisp@phColliderBase@@QBEXABVVector3@@PAV2@@Z	64	1	phColliderBase	GetDisp
0046DD60	?GetDisp@phColliderBase@@QBEXABVVector3@@PAV2@J@Z	80	1	phColliderBase	GetDisp
0046DDB0	?GetDisp@phColliderBase@@QBEXABVVector3@@HHHPAV2@@Z	656	1	phColliderBase	GetDisp
0046E040	?GetLocalVelocity@phColliderBase@@QBEXABVVector3@@HHHAAV2@@Z	48	1	phColliderBase	GetLocalVelocity
0046E070	?Impact@phColliderBase@@UAEXPBVphImpactBase@@ABVVector3@@1@Z	320	1	phColliderBase	Impact
0046E1B0	?Impact@phColliderBase@@UAEXPBVphImpactBase@@ABVVector3@@@Z	256	1	phColliderBase	Impact
0046E2B0	?Contact@phColliderBase@@UAEXPBVphImpactBase@@ABVVector3@@11ABVMatrix34@@@Z	160	1	phColliderBase	Contact
0046E350	?Contact@phColliderBase@@UAEXABVVector3@@PBVphContact@@ABVMatrix34@@@Z	112	1	phColliderBase	Contact
0046E3C0	?Contact@phColliderBase@@UAEXABVVector3@@PBVphContact@@@Z	240	1	phColliderBase	Contact
0046E4B0	?SetImpactCB@phColliderBase@@QAEXPAVdatCallback@@@Z	16	1	phColliderBase	SetImpactCB
0046E4C0	?SetBoundCB@phColliderBase@@QAEXPAVdatCallback@@@Z	16	1	phColliderBase	SetBoundCB
0046E4D0	?SetHitCB@phColliderBase@@QAEXPAVdatCallback@@@Z	16	1	phColliderBase	SetHitCB
0046E4E0	?CallBoundCallback@phColliderBase@@QAEXPBVphImpactBase@@PBVphContact@@ABVVector3@@2_NPBVMatrix34@@@Z	528	1	phColliderBase	CallBoundCallback
0046E6F0	?GetBoundCBImpactInfo@phColliderBase@@QBEXPBVphImpactBase@@PBVphContact@@PAUBoundCallbackData@2@PAVVector3@@@Z	224	1	phColliderBase	GetBoundCBImpactInfo
0046E7D0	?TestSegment@phColliderBase@@QBEHABVphSegment@@PAVphIntersection@@H@Z	336	1	phColliderBase	TestSegment
0046E920	?TestSegmentPoint@phColliderBase@@QBEHABVphSegment@@PAVphIntersectionPoint@@H@Z	320	1	phColliderBase	TestSegmentPoint
0046EA60	?GetInvMassMatrix@phColliderBase@@UBEXABVVector3@@AAVMatrix34@@H@Z	48	1	phColliderBase	GetInvMassMatrix
0046EA90	?GetInvMassMatrix@phColliderBase@@UBEXABVVector3@@0AAVMatrix34@@H@Z	48	1	phColliderBase	GetInvMassMatrix
0046EAC0	?ApplyGravity@phColliderBase@@QAEXXZ	64	1	phColliderBase	ApplyGravity
0046EB00	?ApplyAirResistance@phColliderBase@@QAEXMABVVector3@@PBVphBound@@@Z	672	1	phColliderBase	ApplyAirResistance
0046EDA0	?Transform@Matrix34@@QBEXABVVector3@@AAV2@@Z	256	1	Matrix34	Transform
0046EEA0	?DisableContacts@phContact@@SAXXZ	16	1	phContact	DisableContacts
0046EEB0	?SetContactPenetrationScale@phContact@@SAXM@Z	32	1	phContact	SetContactPenetrationScale
0046EED0	?SetContactPenetration@phContact@@SAXXZ	64	1	phContact	SetContactPenetration
0046EF10	?Init@phContact@@QAEXABVphImpact@@@Z	240	1	phContact	Init
0046F000	?Set@phContact@@QAEXABV1@@Z	272	1	phContact	Set
0046F110	?IsEqual@phContact@@QAE_NABVphImpact@@@Z	192	1	phContact	IsEqual
0046F1D0	?SetContactForceLimit@phContact@@QAEXABVphImpact@@ABVVector3@@@Z	544	1	phContact	SetContactForceLimit
0046F3F0	j_nullsub_233	16	1		j_nullsub_233
0046F400	nullsub_233	16	1		nullsub_233
0046F410	?CalcContactForce@phContact@@QAE_NPBVphImpact@@ABVVector3@@11PAV3@PAVMatrix34@@PAMMM@Z	3248	1	phContact	CalcContactForce
004700C0	?SwapAB@phContact@@QAEXXZ	192	1	phContact	SwapAB
00470180	??ZVector3@@QAEXAAV0@@Z	48	1	Vector3	operator-=
004701B0	??0phContactMgr@@QAE@XZ	112	1	phContactMgr	phContactMgr
00470220	??1phContactMgr@@QAE@XZ	32	1	phContactMgr	~phContactMgr
00470240	?Reset@phContactMgr@@QAEXXZ	48	1	phContactMgr	Reset
00470270	?ClearContactList@phContactMgr@@AAEXXZ	64	1	phContactMgr	ClearContactList
004702B0	?Resize@phContactMgr@@QAEXXZ	432	1	phContactMgr	Resize
00470460	?AllocNewContact@phContactMgr@@QAEJJ@Z	160	1	phContactMgr	AllocNewContact
00470500	?RemoveContact@phContactMgr@@QAEXJ@Z	304	1	phContactMgr	RemoveContact
00470630	?SeekContact@phContactMgr@@QAEJJABVphImpact@@@Z	112	1	phContactMgr	SeekContact
004706A0	?CalcHeldContacts@phContactMgr@@QAEXPAVphColliderBase@@0H@Z	448	1	phContactMgr	CalcHeldContacts
00470860	?CalcNextOverSamples@phContactMgr@@QAEXXZ	400	1	phContactMgr	CalcNextOverSamples
004709F0	?Update@phContactMgr@@QAEXXZ	240	1	phContactMgr	Update
00470AE0	?CalcContact@phContactMgr@@QAE_NAAVphImpact@@ABVVector3@@111PAV3@PAVMatrix34@@@Z	576	1	phContactMgr	CalcContact
00470D20	?TestHeldContact@phContactMgr@@QAE_NPBVphColliderBase@@0PAH@Z	304	1	phContactMgr	TestHeldContact
00470E50	?EstMaxMoved@phContactMgr@@CAMABVMatrix34@@PBVphColliderBase@@1@Z	208	1	phContactMgr	EstMaxMoved
00470F20	?SeekHeldContact@phContactMgr@@QAEHJJH@Z	80	1	phContactMgr	SeekHeldContact
00470F70	?ClearHeldContactTable@phContactMgr@@AAEXXZ	48	1	phContactMgr	ClearHeldContactTable
00470FA0	?RemoveHeldContact@phContactMgr@@AAEXH@Z	272	1	phContactMgr	RemoveHeldContact
004710B0	?AddHeldContact@phContactMgr@@AAEHPBVphColliderBase@@0@Z	240	1	phContactMgr	AddHeldContact
004711A0	?AddHCEntry@phContactMgr@@AAE_NHJ@Z	112	1	phContactMgr	AddHCEntry
00471210	?HCContactGone@phContactMgr@@AAE_NPAVphHeldContact@@@Z	48	1	phContactMgr	HCContactGone
00471240	?CalcHeldContact@phContactMgr@@QAEXHAAJABVVector3@@11PAV2@PAVMatrix34@@@Z	144	1	phContactMgr	CalcHeldContact
004712D0	?HeldContactResize@phContactMgr@@AAEXXZ	256	1	phContactMgr	HeldContactResize
004713D0	?GetNextHeldContact@phContactMgr@@AAE_NHPAHPAJPA_N@Z	80	1	phContactMgr	GetNextHeldContact
00471420	?SearchContact@phContactMgr@@QAE_NJPAJ@Z	80	1	phContactMgr	SearchContact
00471470	?FindNextContact@phContactMgr@@QAE_NJPAJ0@Z	112	1	phContactMgr	FindNextContact
004714E0	?CalcImpact@phContactMgr@@QAEXPAVphImpact@@M@Z	320	1	phContactMgr	CalcImpact
00471620	?CullImpactList@phContactMgr@@QAEXPAHPAVphImpact@@@Z	1168	1	phContactMgr	CullImpactList
00471AB0	?Calc2Impacts@phContactMgr@@QAEXPAVphImpact@@@Z	3296	1	phContactMgr	Calc2Impacts
00472790	?Calc2ImpactsFixed@phContactMgr@@QAEXPAVphImpact@@_N@Z	1680	1	phContactMgr	Calc2ImpactsFixed
00472E20	?Calc3Impacts@phContactMgr@@QAEXHPAVphImpact@@@Z	1264	1	phContactMgr	Calc3Impacts
00473310	?ResolveThreePlusImpacts@phContactMgr@@QAEXHPAVphImpact@@ABVVector3@@11_N@Z	1184	1	phContactMgr	ResolveThreePlusImpacts
004737B0	?Calc3ImpactsFixed@phContactMgr@@QAEXHPAVphImpact@@_N@Z	288	1	phContactMgr	Calc3ImpactsFixed
004738D0	?ApplyImpact@phContactMgr@@QAEXPAVphImpact@@ABVVector3@@@Z	1488	1	phContactMgr	ApplyImpact
00473EA0	?GetCMSeconds@phContactMgr@@QBEMXZ	48	1	phContactMgr	GetCMSeconds
00473ED0	?GetCMInvSeconds@phContactMgr@@QBEMXZ	48	1	phContactMgr	GetCMInvSeconds
00473F00	?SetCMOversampleTime@phContactMgr@@QAEXM@Z	32	1	phContactMgr	SetCMOversampleTime
00473F20	?CalcContactHash@phContactMgr@@QAEJHHHJJ@Z	224	1	phContactMgr	CalcContactHash
00474000	?SubtractScaled@Vector3@@QAEXABV1@M@Z	48	1	Vector3	SubtractScaled
00474030	?SphereApplyCenterForceToPoly@phCollision@@SA_NPBVphForceSphere@@AAVphColliderBase@@PBVphBoundPolygonal@@1@Z	1728	1	phCollision	SphereApplyCenterForceToPoly
004746F0	?SphereApplyCenterForceToSphere@phCollision@@SAXPBVphForceSphere@@AAVphColliderBase@@PBVphBoundSphere@@1@Z	368	1	phCollision	SphereApplyCenterForceToSphere
00474860	?SphereApplyCenterForceToHotdog@phCollision@@SAXPBVphForceSphere@@AAVphColliderBase@@PBVphBoundHotdog@@1@Z	528	1	phCollision	SphereApplyCenterForceToHotdog
00474A70	?TestBoundGeneric@phCollision@@SAHPBVphBound@@AAVphColliderBase@@01PAVphIntersection@@2PAVphImpact@@HHABVVector3@@@Z	2320	1	phCollision	TestBoundGeneric
00475380	?TestBoundGeneric@phCollision@@SAHPBVphBound@@0PBVMatrix34@@111PAVphIntersection@@2PAVphImpact@@HHABVVector3@@_N@Z	1920	1	phCollision	TestBoundGeneric
00475B00	?TestBoundForce@phCollision@@SAXPBVphBound@@AAVphColliderBase@@01PAVphImpact@@HABVVector3@@@Z	128	1	phCollision	TestBoundForce
00475B80	?GetRelDisp@phCollision@@SAXPBVMatrix34@@00ABVVector3@@PAV3@@Z	208	1	phCollision	GetRelDisp
00475C50	?CopyLastMatrix@phColliderBase@@QBEXPAVMatrix34@@J@Z	96	1	phColliderBase	CopyLastMatrix
00475CB0	?InitArray@phInertialCS@@SAXQAV1@H@Z	144	1	phInertialCS	InitArray
00475D40	??0phInertialCS@@QAE@XZ	160	1	phInertialCS	phInertialCS
00475DE0	?Zero@phInertialCS@@QAEXXZ	48	1	phInertialCS	Zero
00475E10	?Reset@phInertialCS@@QAEXXZ	16	1	phInertialCS	Reset
00475E20	?Freeze@phInertialCS@@QAEXXZ	64	1	phInertialCS	Freeze
00475E60	?ZeroForces@phInertialCS@@QAEXXZ	352	1	phInertialCS	ZeroForces
00475FC0	?Init@phInertialCS@@QAEXMMMM@Z	192	1	phInertialCS	Init
00476080	?InitFromValues@phInertialCS@@QAEXMMABVVector3@@0@Z	80	1	phInertialCS	InitFromValues
004760D0	?InitBoxMass@phInertialCS@@QAEXMMMM@Z	112	1	phInertialCS	InitBoxMass
00476140	?InitBoxDensity@phInertialCS@@QAEXMMMM@Z	48	1	phInertialCS	InitBoxDensity
00476170	?InitSphereMass@phInertialCS@@QAEXMM@Z	48	1	phInertialCS	InitSphereMass
004761A0	?InitSphereDensity@phInertialCS@@QAEXMM@Z	48	1	phInertialCS	InitSphereDensity
004761D0	?InitCylinderMass@phInertialCS@@QAEXMMMD@Z	144	1	phInertialCS	InitCylinderMass
00476260	?InitCylinderDensity@phInertialCS@@QAEXMMMD@Z	48	1	phInertialCS	InitCylinderDensity
00476290	?InitHotdogMass@phInertialCS@@QAEXMMMD@Z	368	1	phInertialCS	InitHotdogMass
00476400	?InitHotdogDensity@phInertialCS@@QAEXMMMD@Z	64	1	phInertialCS	InitHotdogDensity
00476440	?InitFromGeometry@phInertialCS@@QAEXMPBVVector3@@PBVphPolygon@@HPAVMatrix34@@@Z	832	1	phInertialCS	InitFromGeometry
00476780	?TetrahedronAngInertia@phInertialCS@@QAEXPAVVector3@@PAM11111@Z	640	1	phInertialCS	TetrahedronAngInertia
00476A00	?Rotate@phInertialCS@@QAEXABVVector3@@@Z	128	1	phInertialCS	Rotate
00476A80	?GetForce@phInertialCS@@QAEXMPAVVector3@@@Z	80	1	phInertialCS	GetForce
00476AD0	?GetTorque@phInertialCS@@QAEXMPAVVector3@@@Z	80	1	phInertialCS	GetTorque
00476B20	?ClearInertialValues@phInertialCS@@QAEXXZ	32	1	phInertialCS	ClearInertialValues
00476B40	?AddInertia@phInertialCS@@QAE?AVMatrix34@@MABVVector3@@0@Z	656	1	phInertialCS	AddInertia
00476DD0	?AddInertia@phInertialCS@@QAE?AVMatrix34@@MABVVector3@@ABV2@@Z	752	1	phInertialCS	AddInertia
004770C0	?SubtractInertia@phInertialCS@@QAE?AVMatrix34@@MABVVector3@@0@Z	96	1	phInertialCS	SubtractInertia
00477120	?SubtractInertia@phInertialCS@@QAE?AVMatrix34@@MABVVector3@@ABV2@@Z	96	1	phInertialCS	SubtractInertia
00477180	?SubtractInertia@phInertialCS@@QAE?AVMatrix34@@MABVVector3@@0PAV1@@Z	304	1	phInertialCS	SubtractInertia
004772B0	?SubtractInertia@phInertialCS@@QAE?AVMatrix34@@MABVVector3@@ABV2@PAV1@@Z	304	1	phInertialCS	SubtractInertia
004773E0	?FindPrincipalAxes@phInertialCS@@QAE?AVMatrix34@@MMM@Z	2432	1	phInertialCS	FindPrincipalAxes
00477D60	?PrincipalAxis@phInertialCS@@QAE?AVVector3@@MMMM@Z	144	1	phInertialCS	PrincipalAxis
00477DF0	?Update@phInertialCS@@QAEXXZ	336	1	phInertialCS	Update
00477F40	?UpdateOversample@phInertialCS@@QAEXM@Z	256	1	phInertialCS	UpdateOversample
00478040	?UpdateOversampleDone@phInertialCS@@QAEXXZ	32	1	phInertialCS	UpdateOversampleDone
00478060	?Update@phInertialCS@@AAEXM@Z	1568	1	phInertialCS	Update
00478680	?MoveICS@phInertialCS@@QAEXXZ	128	1	phInertialCS	MoveICS
00478700	?CalcNetPush@phInertialCS@@QAEXABVVector3@@@Z	288	1	phInertialCS	CalcNetPush
00478820	?CalcNetTurn@phInertialCS@@QAEXABVVector3@@@Z	288	1	phInertialCS	CalcNetTurn
00478940	?ApplyContactForce@phInertialCS@@QAEXABVVector3@@0ABVMatrix34@@@Z	496	1	phInertialCS	ApplyContactForce
00478B30	?GetInertiaMatrix@phInertialCS@@QBEXPAVMatrix34@@@Z	112	1	phInertialCS	GetInertiaMatrix
00478BA0	?GetInertiaMatrix@phInertialCS@@QBEXABVVector3@@PAVMatrix34@@@Z	160	1	phInertialCS	GetInertiaMatrix
00478C40	?GetInverseInertiaMatrix@phInertialCS@@QBEXPAVMatrix34@@@Z	144	1	phInertialCS	GetInverseInertiaMatrix
00478CD0	?GetInvMassMatrix@phInertialCS@@QBEXABVVector3@@AAVMatrix34@@@Z	240	1	phInertialCS	GetInvMassMatrix
00478DC0	?GetInvMassMatrix@phInertialCS@@QBEXABVVector3@@0AAVMatrix34@@@Z	384	1	phInertialCS	GetInvMassMatrix
00478F40	?GetLocalVelocity@phInertialCS@@QBEXABVVector3@@AAV2@@Z	144	1	phInertialCS	GetLocalVelocity
00478FD0	?GetLocalFilteredVelocity@phInertialCS@@QBEXABVVector3@@AAV2@@Z	80	1	phInertialCS	GetLocalFilteredVelocity
00479020	?GetOffsetVelocity@phInertialCS@@QBEXABVVector3@@AAV2@@Z	208	1	phInertialCS	GetOffsetVelocity
004790F0	?GetLocalFilteredVelocity2@phInertialCS@@QBEXABVVector3@@AAV2@@Z	192	1	phInertialCS	GetLocalFilteredVelocity2
004791B0	?GetLocalDisp@phInertialCS@@QBEXABVVector3@@AAV2@@Z	48	1	phInertialCS	GetLocalDisp
004791E0	?GetLocalFilteredDisp@phInertialCS@@QBEXABVVector3@@AAV2@@Z	96	1	phInertialCS	GetLocalFilteredDisp
00479240	?GetCMFilteredVelocity@phInertialCS@@QBEXAAVVector3@@@Z	96	1	phInertialCS	GetCMFilteredVelocity
004792A0	?GetCMDisp@phInertialCS@@QBEXAAVVector3@@@Z	80	1	phInertialCS	GetCMDisp
004792F0	?GetLocalAcceleration@phInertialCS@@QBEXABVVector3@@AAV2@@Z	560	1	phInertialCS	GetLocalAcceleration
00479520	??YVector3@@QAEXAAV0@@Z	48	1	Vector3	operator+=
00479550	??0TerrainContact@phInertialCS@@QAE@XZ	16	1	phInertialCS::TerrainContact	phInertialCS
00479560	?Dot3x3@Vector3@@QAEXABVMatrix34@@@Z	96	1	Vector3	Dot3x3
004795C0	?Dot3x3Transpose@Vector3@@QAEXABVMatrix34@@@Z	2320	1	Vector3	Dot3x3Transpose
00479ED0	??0phBoundBox@@QAE@XZ	336	1	phBoundBox	phBoundBox
0047A020	??0phBoundBox@@QAE@ABVVector3@@@Z	320	1	phBoundBox	phBoundBox
0047A160	??1phBoundBox@@QAE@XZ	32	1	phBoundBox	~phBoundBox
0047A180	?GetMaterial@phBoundBox@@UBEPBVphMaterial@@H@Z	32	1	phBoundBox	GetMaterial
0047A1A0	?SetSize@phBoundBox@@QAEXABVVector3@@@Z	160	1	phBoundBox	SetSize
0047A240	?CreateOffset@phBoundBox@@QAEXABVVector3@@@Z	48	1	phBoundBox	CreateOffset
0047A270	?ShiftCentroid@phBoundBox@@QAEXABVVector3@@@Z	64	1	phBoundBox	ShiftCentroid
0047A2B0	?ScaleSize@phBoundBox@@QAEXABVVector3@@@Z	80	1	phBoundBox	ScaleSize
0047A300	?SetQuickTestInfo@phBoundBox@@QAEXXZ	160	1	phBoundBox	SetQuickTestInfo
0047A3A0	?Load@phBoundBox@@QAE_NPBD@Z	784	1	phBoundBox	Load
0047A6B0	?GetEdgeNormal@phBoundBox@@UBEABVVector3@@HAAV2@@Z	32	1	phBoundBox	GetEdgeNormal
0047A6D0	?FindImpactSphereToBox@phBoundBox@@QBEHPBVphBoundSphere@@ABVMatrix34@@1PAVphColliderBase@@2PAVphImpactBase@@ABVVector3@@4@Z	2320	1	phBoundBox	FindImpactSphereToBox
0047AFE0	?FindImpactsBoxToBox@phBoundBox@@QBEHPBV1@PBVMatrix34@@111PAVphColliderBase@@2PAVphImpactBase@@HABVVector3@@@Z	2736	1	phBoundBox	FindImpactsBoxToBox
0047BA90	?FindImpactsBoxToBoxOffset@phBoundBox@@QBEHPBV1@PBVMatrix34@@111PAVphColliderBase@@2PAVphImpactBase@@HABVVector3@@@Z	2848	1	phBoundBox	FindImpactsBoxToBoxOffset
0047C5B0	j_nullsub_234	16	1		j_nullsub_234
0047C5C0	nullsub_234	16	1		nullsub_234
0047C5D0	?AddEdgeChecks@phBoundBox@@CAXHH_N@Z	192	1	phBoundBox	AddEdgeChecks
0047C690	?AvoidEdgeChecks@phBoundBox@@CAXHH_N@Z	128	1	phBoundBox	AvoidEdgeChecks
0047C710	?AvoidEdgeChecks@phBoundBox@@CAXHH@Z	128	1	phBoundBox	AvoidEdgeChecks
0047C790	?MakeTransformedCorners@phBoundBox@@CAXABVVector3@@0_N@Z	784	1	phBoundBox	MakeTransformedCorners
0047CAA0	?FindFaceDots@phBoundBox@@CAXMPAH0@Z	176	1	phBoundBox	FindFaceDots
0047CB50	?RemoveFaceDotZero@phBoundBox@@CAXXZ	128	1	phBoundBox	RemoveFaceDotZero
0047CBD0	?CheckFourFaceDotPattern@phBoundBox@@CA_NXZ	96	1	phBoundBox	CheckFourFaceDotPattern
0047CC30	?VerifyFaceDotPattern@phBoundBox@@CA_NXZ	80	1	phBoundBox	VerifyFaceDotPattern
0047CC80	?RemoveFifthFaceDotZero@phBoundBox@@CAXXZ	176	1	phBoundBox	RemoveFifthFaceDotZero
0047CD30	?UseThisImpact@phBoundBox@@CA_NABVVector3@@0MPBVMatrix34@@111@Z	272	1	phBoundBox	UseThisImpact
0047CE40	?BoxToBoxFaceImpactsOffset@phBoundBox@@CAXABVVector3@@00PAVphImpactBase@@H_NPBVMatrix34@@333PAVphColliderBase@@4@Z	5728	1	phBoundBox	BoxToBoxFaceImpactsOffset
0047E4A0	?BoxToBoxFaceImpacts@phBoundBox@@IBEXABVVector3@@PAVphImpactBase@@H_NPBVMatrix34@@333PAVphColliderBase@@4@Z	5392	1	phBoundBox	BoxToBoxFaceImpacts
0047F9B0	?TestEdge@phBoundBox@@UBEHAAVphSegment@@PAVphIntersection@@H@Z	1632	1	phBoundBox	TestEdge
00480010	?TestProbe@phBoundBox@@UBE_NAAVphSegment@@PAVphIntersection@@M@Z	80	1	phBoundBox	TestProbe
00480060	?TestProbePoint@phBoundBox@@UBE_NAAVphSegment@@PAVphIntersectionPoint@@M@Z	32	1	phBoundBox	TestProbePoint
00480080	?TestAIPoint@phBoundBox@@UBE_NAAVphSegment@@PAVphIntersectionPoint@@@Z	32	1	phBoundBox	TestAIPoint
004800A0	?TestProbeSlave@phBoundBox@@IBE_NAAVphSegment@@PAVphIntersectionPoint@@PAJM@Z	1296	1	phBoundBox	TestProbeSlave
004805B0	?ProbeVsBox@phBoundBox@@SA_NABVVector3@@AAVphSegment@@PAVphIntersectionPoint@@PAJM@Z	1264	1	phBoundBox	ProbeVsBox
00480AA0	?Set@Vector3@@QAEXABV1@@Z	32	1	Vector3	Set
00480AC0	?Negate@Vector3@@QAEXABV1@@Z	32	1	Vector3	Negate
00480AE0	??0phBoundHotdog@@QAE@XZ	64	1	phBoundHotdog	phBoundHotdog
00480B20	??0phBoundHotdog@@QAE@MM@Z	64	1	phBoundHotdog	phBoundHotdog
00480B60	?SetSize@phBoundHotdog@@QAEXMM@Z	112	1	phBoundHotdog	SetSize
00480BD0	??1phBoundHotdog@@QAE@XZ	16	1	phBoundHotdog	~phBoundHotdog
00480BE0	?SetBoundingBox@phBoundHotdog@@QAEXMM@Z	64	1	phBoundHotdog	SetBoundingBox
00480C20	?ScaleBoundingBox@phBoundHotdog@@QAEXMM@Z	64	1	phBoundHotdog	ScaleBoundingBox
00480C60	?CalculateBoundingBox@phBoundHotdog@@QAEXXZ	128	1	phBoundHotdog	CalculateBoundingBox
00480CE0	?CreateOffset@phBoundHotdog@@QAEXABVVector3@@@Z	48	1	phBoundHotdog	CreateOffset
00480D10	?ShiftCentroid@phBoundHotdog@@QAEXABVVector3@@@Z	64	1	phBoundHotdog	ShiftCentroid
00480D50	?TestProbePoint@phBoundHotdog@@UBE_NAAVphSegment@@PAVphIntersectionPoint@@M@Z	448	1	phBoundHotdog	TestProbePoint
00480F10	?TestAIPoint@phBoundHotdog@@UBE_NAAVphSegment@@PAVphIntersectionPoint@@@Z	400	1	phBoundHotdog	TestAIPoint
004810A0	?TestEdge@phBoundHotdog@@UBEHAAVphSegment@@PAVphIntersection@@H@Z	768	1	phBoundHotdog	TestEdge
004813A0	?TestProbe@phBoundHotdog@@UBE_NAAVphSegment@@PAVphIntersection@@M@Z	464	1	phBoundHotdog	TestProbe
00481570	?TestSphere@phBoundHotdog@@UBE_NABVVector3@@MAAV2@1AAM@Z	672	1	phBoundHotdog	TestSphere
00481810	?IsInsideHotdog@phBoundHotdog@@QBE_NABVVector3@@@Z	240	1	phBoundHotdog	IsInsideHotdog
00481900	?SegmentToHotdogIntersections@phBoundHotdog@@QBEHABVVector3@@0PAM111PAH2@Z	1392	1	phBoundHotdog	SegmentToHotdogIntersections
00481E70	?FindHotdogIsectNormal@phBoundHotdog@@QBE?AVVector3@@ABV2@H@Z	208	1	phBoundHotdog	FindHotdogIsectNormal
00481F40	?FindImpactSphereToHotdog@phBoundHotdog@@QBE_NPBVphBoundSphere@@PBVMatrix34@@1PAVphColliderBase@@2PAVphImpactBase@@ABVVector3@@@Z	1280	1	phBoundHotdog	FindImpactSphereToHotdog
00482440	?FindImpactsHotdogToPoly@phBoundHotdog@@QBEHPBVphBoundPolygonal@@PBVMatrix34@@1PAVphColliderBase@@2PAVphImpactBase@@HABVVector3@@4@Z	5184	1	phBoundHotdog	FindImpactsHotdogToPoly
00483880	?FindImpactsHotdogToHotdog@phBoundHotdog@@QBEHPBV1@PBVMatrix34@@1PAVphColliderBase@@2PAVphImpactBase@@H@Z	2048	1	phBoundHotdog	FindImpactsHotdogToHotdog
00484080	?Load@phBoundHotdog@@QAE_NPBD@Z	928	1	phBoundHotdog	Load
00484420	?AddScaled@Vector3@@QAEXABV1@0M@Z	48	1	Vector3	AddScaled
00484450	?GetMaterial@phBoundHotdog@@UBEPBVphMaterial@@H@Z	16	1	phBoundHotdog	GetMaterial
00484460	??0phBoundSphere@@QAE@XZ	48	1	phBoundSphere	phBoundSphere
00484490	??0phBoundSphere@@QAE@M@Z	112	1	phBoundSphere	phBoundSphere
00484500	??1phBoundSphere@@QAE@XZ	16	1	phBoundSphere	~phBoundSphere
00484510	?SetRadius@phBoundSphere@@QAEXM@Z	64	1	phBoundSphere	SetRadius
00484550	?ScaleRadius@phBoundSphere@@QAEXM@Z	64	1	phBoundSphere	ScaleRadius
00484590	?CreateOffset@phBoundSphere@@QAEXABVVector3@@@Z	48	1	phBoundSphere	CreateOffset
004845C0	?ShiftCentroid@phBoundSphere@@QAEXABVVector3@@@Z	160	1	phBoundSphere	ShiftCentroid
00484660	?Load@phBoundSphere@@QAE_NPBD@Z	896	1	phBoundSphere	Load
004849E0	?FindImpactSphereToSphere@phBoundSphere@@QBE_NPBV1@PBVMatrix34@@1PAVphColliderBase@@2PAVphImpactBase@@ABVVector3@@@Z	480	1	phBoundSphere	FindImpactSphereToSphere
00484BC0	?TestProbePoint@phBoundSphere@@UBE_NAAVphSegment@@PAVphIntersectionPoint@@M@Z	432	1	phBoundSphere	TestProbePoint
00484D70	?TestAIPoint@phBoundSphere@@UBE_NAAVphSegment@@PAVphIntersectionPoint@@@Z	416	1	phBoundSphere	TestAIPoint
00484F10	?TestEdge@phBoundSphere@@UBEHAAVphSegment@@PAVphIntersection@@H@Z	768	1	phBoundSphere	TestEdge
00485210	?TestProbe@phBoundSphere@@UBE_NAAVphSegment@@PAVphIntersection@@M@Z	464	1	phBoundSphere	TestProbe
004853E0	?TestSphere@phBoundSphere@@UBE_NABVVector3@@MAAV2@1AAM@Z	208	1	phBoundSphere	TestSphere
004854B0	?TestSphere@phBoundSphere@@UBE_NABVVector3@@MAAVphImpactBase@@@Z	288	1	phBoundSphere	TestSphere
004855D0	?GetMaterial@phBoundSphere@@UBEPBVphMaterial@@H@Z	16	1	phBoundSphere	GetMaterial
004855E0	??0phBoundGeometry@@QAE@XZ	64	1	phBoundGeometry	phBoundGeometry
00485620	??1phBoundGeometry@@QAE@XZ	80	1	phBoundGeometry	~phBoundGeometry
00485670	?Init@phBoundGeometry@@QAEXHHHH@Z	272	1	phBoundGeometry	Init
00485780	?PostLoadCompute@phBoundGeometry@@UAEXXZ	43	1	phBoundGeometry	PostLoadCompute
004857AB	?Load@phBoundGeometry@@QAE_NPBDPBVVector3@@@Z	2318	1	phBoundGeometry	Load
004860B9	?LoadBinary@phBoundGeometry@@QAE_NPBD@Z	528	1	phBoundGeometry	LoadBinary
004862C9	?ScaleSize@phBoundGeometry@@QAEXMMM@Z	224	1	phBoundGeometry	ScaleSize
004863A9	?ShiftCentroid@phBoundGeometry@@QAEXABVVector3@@@Z	80	1	phBoundGeometry	ShiftCentroid
004863F9	?ComputeEdges@phBoundGeometry@@QAEXXZ	528	1	phBoundGeometry	ComputeEdges
00486609	?EdgeInList@phBoundGeometry@@KAJHHJPAVphHotEdge@@@Z	80	1	phBoundGeometry	EdgeInList
00486659	?ComputeEdgeNums@phBoundGeometry@@QAEXXZ	224	1	phBoundGeometry	ComputeEdgeNums
00486739	?ComputeEdgeNormals@phBoundGeometry@@QAEXXZ	112	1	phBoundGeometry	ComputeEdgeNormals
004867A9	?ReComputeEdgeNormals@phBoundGeometry@@QAEXXZ	992	1	phBoundGeometry	ReComputeEdgeNormals
00486B89	?SetQuickTestInfo@phBoundGeometry@@QAEXXZ	176	1	phBoundGeometry	SetQuickTestInfo
00486C39	?CalculatePolyNormals@phBoundGeometry@@QAEXXZ	48	1	phBoundGeometry	CalculatePolyNormals
00486C69	?OverlapRegion@phBoundGeometry@@QAE_NPBVVector3@@HMM@Z	208	1	phBoundGeometry	OverlapRegion
00486D39	?GhostSection@phBoundGeometry@@QAE_NPBV1@PBVVector3@@HMM@Z	1127	1	phBoundGeometry	GhostSection
004871A0	?GetMaterial@phBoundGeometry@@UBEPBVphMaterial@@H@Z	16	1	phBoundGeometry	GetMaterial
004871B0	??0phBound@@QAE@H@Z	80	1	phBound	phBound
00487200	?CalculateSphereFromBoundingBox@phBound@@QAEXXZ	160	1	phBound	CalculateSphereFromBoundingBox
004872A0	?CenterBound@phBound@@UAEXXZ	16	1	phBound	CenterBound
004872B0	?IsOffset@phBound@@QBE?B_NXZ	16	1	phBound	IsOffset
004872C0	?SetOffset@phBound@@QAEXABVVector3@@@Z	96	1	phBound	SetOffset
00487320	?GetCenter@phBound@@QBEXPBVMatrix34@@PAVVector3@@@Z	128	1	phBound	GetCenter
004873A0	?GetCenter@phBound@@QBE?AVVector3@@PBVMatrix34@@@Z	176	1	phBound	GetCenter
00487450	?SetPenetration@phBound@@QAEXXZ	128	1	phBound	SetPenetration
004874D0	?SetFlexibility@phBound@@QAEXM@Z	48	1	phBound	SetFlexibility
00487500	?GetFricElas@phBound@@SAXPBV1@PBVphIntersection@@01PAM2@Z	64	1	phBound	GetFricElas
00487540	?GetFricElas@phBound@@QBEXPBVphIntersection@@PAM1@Z	112	1	phBound	GetFricElas
004875B0	?TestSegment@phBound@@QBEHAAVphSegment@@PAVphIntersection@@H@Z	128	1	phBound	TestSegment
00487630	?TestSegmentPoint@phBound@@QBEHAAVphSegment@@PAVphIntersectionPoint@@H@Z	128	1	phBound	TestSegmentPoint
004876B0	?TestSphere@phBound@@UBE_NABVVector3@@MAAV2@1AAM@Z	16	1	phBound	TestSphere
004876C0	?TestSphere@phBound@@UBE_NABVVector3@@MAAVphImpactBase@@@Z	112	1	phBound	TestSphere
00487730	?GetVertex@phBound@@UBEABVVector3@@H@Z	48	1	phBound	GetVertex
00487760	?BackupDispByPenetration@phBoundPolygonal@@KAXAAVVector3@@ABV2@M@Z	224	1	phBoundPolygonal	BackupDispByPenetration
00487840	?MaxDot@phBoundPolygonal@@QBEMABVVector3@@ABVMatrix34@@AAV2@@Z	208	1	phBoundPolygonal	MaxDot
00487910	?MinDot@phBoundPolygonal@@QBEMABVVector3@@ABVMatrix34@@AAV2@@Z	64	1	phBoundPolygonal	MinDot
00487950	?CenterBound@phBoundPolygonal@@UAEXXZ	80	1	phBoundPolygonal	CenterBound
004879A0	?TestSphere@phBoundPolygonal@@UBE_NABVVector3@@MAAV2@1AAM@Z	48	1	phBoundPolygonal	TestSphere
004879D0	?FindImpactsSphereToPoly@phBoundPolygonal@@QBEHPBVphBoundSphere@@PBVMatrix34@@1PAVphColliderBase@@2PAVphImpactBase@@HABVVector3@@4@Z	1056	1	phBoundPolygonal	FindImpactsSphereToPoly
00487DF0	?TestBoundPolyPoly@phBoundPolygonal@@UBEHPBV1@PBVMatrix34@@111PAVphColliderBase@@2PAVphIntersection@@3HPAH4ABVVector3@@_N@Z	272	1	phBoundPolygonal	TestBoundPolyPoly
00487F00	?TestBoundPolyPolyUseDot@phBoundPolygonal@@UBEHPBV1@PAVphColliderBase@@PBVMatrix34@@222PAVphIntersection@@HPAHMPBVVector3@@_N@Z	848	1	phBoundPolygonal	TestBoundPolyPolyUseDot
00488250	?RewindSegments@phBoundPolygonal@@QBEX_NPBVMatrix34@@111PAV2@2AAH3@Z	112	1	phBoundPolygonal	RewindSegments
004882C0	?RewindSegments@phBoundPolygonal@@QBEX_NPBVMatrix34@@1PAV2@2AAH3@Z	80	1	phBoundPolygonal	RewindSegments
00488310	?GetNextSegment@phBoundPolygonal@@QBEHAAVphSegment@@PAJPBVMatrix34@@2AAH3@Z	496	1	phBoundPolygonal	GetNextSegment
00488500	?GetNextSegment@phBoundPolygonal@@QBEHAAVphSegment@@PAJPBVMatrix34@@2MPBVVector3@@PAEPAV4@AAH6@Z	624	1	phBoundPolygonal	GetNextSegment
00488770	?BackupAbyPenetration@phBoundPolygonal@@SAXAAVphSegment@@@Z	224	1	phBoundPolygonal	BackupAbyPenetration
00488850	?MakeBsInside@phBoundPolygonal@@KAXPAVphIntersection@@H@Z	272	1	phBoundPolygonal	MakeBsInside
00488960	?CheckSaveEdgeEdge@phBoundPolygonal@@KAXPAVphIntersection@@H_N1ABVVector3@@22MM1MM@Z	416	1	phBoundPolygonal	CheckSaveEdgeEdge
00488B00	?GetCollideEdgePoly@phBoundPolygonal@@KA_NPBVphIntersection@@ABVVector3@@ABVMatrix34@@21PAV3@3PAMPAHPA_N@Z	1744	1	phBoundPolygonal	GetCollideEdgePoly
004891D0	?AddInteriorEdges@phBoundPolygonal@@IBEHPAVphIntersection@@H0HH@Z	656	1	phBoundPolygonal	AddInteriorEdges
00489460	?GetNextEdgeIsect@phBoundPolygonal@@KAXAAHAAPAVphIntersection@@_N@Z	48	1	phBoundPolygonal	GetNextEdgeIsect
00489490	?DoEndPtSearch@phBoundPolygonal@@KAXPBVphBound@@PBVMatrix34@@111PAVphColliderBase@@2HPAVphIntersection@@HPAPAVphImpactBase@@AAH_N@Z	1952	1	phBoundPolygonal	DoEndPtSearch
00489C30	?RetryVertPolyCollide@phBoundPolygonal@@KAXPBVphBound@@PAVphColliderBase@@1PAVphIntersection@@HPAPAVphImpactBase@@PAH_N@Z	416	1	phBoundPolygonal	RetryVertPolyCollide
00489DD0	?FindImpactsPolyToPoly@phBoundPolygonal@@QBEHPBV1@PBVMatrix34@@111PAVphColliderBase@@2PAVphIntersection@@3PAVphImpactBase@@HHPAH5@Z	752	1	phBoundPolygonal	FindImpactsPolyToPoly
0048A0C0	?FindImpacts@phBoundPolygonal@@IBEHPBVphBound@@PBVMatrix34@@111PAVphColliderBase@@2PAVphIntersection@@3HHPAVphImpactBase@@H@Z	4464	1	phBoundPolygonal	FindImpacts
0048B230	?ResetVertNeedsH@phBoundPolygonal@@KAXPAVphIntersection@@0_N1@Z	64	1	phBoundPolygonal	ResetVertNeedsH
0048B270	?ResetVertNeedsH@phBoundPolygonal@@KAXPAVphIntersection@@0_N1M@Z	144	1	phBoundPolygonal	ResetVertNeedsH
0048B300	?TestProbePoint@phBoundPolygonal@@UBE_NAAVphSegment@@PAVphIntersectionPoint@@M@Z	112	1	phBoundPolygonal	TestProbePoint
0048B370	?TestAIPoint@phBoundPolygonal@@UBE_NAAVphSegment@@PAVphIntersectionPoint@@@Z	112	1	phBoundPolygonal	TestAIPoint
0048B3E0	?TestProbe@phBoundPolygonal@@UBE_NAAVphSegment@@PAVphIntersection@@M@Z	112	1	phBoundPolygonal	TestProbe
0048B450	?TestEdge@phBoundPolygonal@@UBEHAAVphSegment@@PAVphIntersection@@H@Z	320	1	phBoundPolygonal	TestEdge
0048B590	?GetAllSegments@phBoundPolygonal@@QBEXMPAUDispSegment@1@PAUSegment@1@ABVMatrix34@@2MABVVector3@@PAEPAVVector4@@AAH6@Z	528	1	phBoundPolygonal	GetAllSegments
0048B7A0	?TestBoundPolyPolyUseDotSmall@phBoundPolygonal@@UBEHPBV1@PAVphColliderBase@@PBVMatrix34@@222PAVphIntersection@@PAHMABVVector3@@_N@Z	2480	1	phBoundPolygonal	TestBoundPolyPolyUseDotSmall
0048C150	??0phBoundTerrain@@QAE@XZ	128	1	phBoundTerrain	phBoundTerrain
0048C1D0	??1phBoundTerrain@@QAE@XZ	160	1	phBoundTerrain	~phBoundTerrain
0048C270	?SetHotEdges@phBoundTerrain@@QAEX_N@Z	96	1	phBoundTerrain	SetHotEdges
0048C2D0	?PostLoadCompute@phBoundTerrain@@UAEXXZ	16	1	phBoundTerrain	PostLoadCompute
0048C2E0	?Load@phBoundTerrain@@QAE_NPBD@Z	944	1	phBoundTerrain	Load
0048C690	?Save@phBoundTerrain@@QAE_NPBD@Z	528	1	phBoundTerrain	Save
0048C8A0	?TestBoundTerrainPoly@phBoundTerrain@@QBEHPBVphBoundPolygonal@@PBVMatrix34@@1PAVphColliderBase@@2PAVphIntersection@@3HPAH4ABVVector3@@_N@Z	192	1	phBoundTerrain	TestBoundTerrainPoly
0048C960	?TestBoundTerrainEdgesVsPoly@phBoundTerrain@@QBEHPBVphBoundPolygonal@@PAVphColliderBase@@PBVMatrix34@@PAVphIntersection@@HPAH@Z	928	1	phBoundTerrain	TestBoundTerrainEdgesVsPoly
0048CD00	?TestBoundPolyTerrain@phBoundTerrain@@QBEHPBVphBoundPolygonal@@PAVphColliderBase@@PBVMatrix34@@2PAVphIntersection@@HPAHPBVVector3@@_N@Z	2704	1	phBoundTerrain	TestBoundPolyTerrain
0048D790	?TestSphere@phBoundTerrain@@UBE_NABVVector3@@MAAV2@1AAM@Z	560	1	phBoundTerrain	TestSphere
0048D9C0	?InitPolyIterator@phBoundTerrain@@QBEXABVVector3@@M@Z	1024	1	phBoundTerrain	InitPolyIterator
0048DDC0	?InitPolyIterator@phBoundTerrain@@QBEXABVphSegment@@@Z	768	1	phBoundTerrain	InitPolyIterator
0048E0C0	?ClearPolyTouched@phBoundTerrain@@QBEXXZ	64	1	phBoundTerrain	ClearPolyTouched
0048E100	?TestAIPoint@phBoundTerrain@@UBE_NAAVphSegment@@PAVphIntersectionPoint@@@Z	256	1	phBoundTerrain	TestAIPoint
0048E200	?TestProbePoint@phBoundTerrain@@UBE_NAAVphSegment@@PAVphIntersectionPoint@@M@Z	272	1	phBoundTerrain	TestProbePoint
0048E310	?TestProbe@phBoundTerrain@@UBE_NAAVphSegment@@PAVphIntersection@@M@Z	368	1	phBoundTerrain	TestProbe
0048E480	?TestEdge@phBoundTerrain@@UBEHAAVphSegment@@PAVphIntersection@@H@Z	512	1	phBoundTerrain	TestEdge
0048E680	?CalculateBuckets@phBoundTerrain@@IBEXMMMM@Z	2256	1	phBoundTerrain	CalculateBuckets
0048EF50	?FindImpactsSphereToTerrain@phBoundTerrain@@QBEHPBVphBoundSphere@@PBVMatrix34@@1PAVphColliderBase@@2PAVphImpactBase@@HABVVector3@@4@Z	1264	1	phBoundTerrain	FindImpactsSphereToTerrain
0048F440	?FindImpactsHotdogToTerrain@phBoundTerrain@@QBEHPBVphBoundHotdog@@PBVMatrix34@@1PAVphColliderBase@@2PAVphImpactBase@@HABVVector3@@4@Z	3504	1	phBoundTerrain	FindImpactsHotdogToTerrain
004901F0	?PackNormal@phBoundTerrain@@SAXAAIABVVector4@@@Z	144	1	phBoundTerrain	PackNormal
00490280	?UnpackNormal@phBoundTerrain@@SAXAAVVector4@@I@Z	112	1	phBoundTerrain	UnpackNormal
004902F0	??0phBoundTerrainLocal@@QAE@XZ	32	1	phBoundTerrainLocal	phBoundTerrainLocal
00490310	?TestBoundTerrainPoly@phBoundTerrainLocal@@QBEHPBVphBoundPolygonal@@PBVMatrix34@@11PAVphColliderBase@@2PAVphIntersection@@3HPAH4ABVVector3@@_N@Z	192	1	phBoundTerrainLocal	TestBoundTerrainPoly
004903D0	?TestBoundTerrainEdgesVsPoly@phBoundTerrainLocal@@QBEHPBVphBoundPolygonal@@PAVphColliderBase@@PBVMatrix34@@2PAVphIntersection@@HPAH@Z	32	1	phBoundTerrainLocal	TestBoundTerrainEdgesVsPoly
004903F0	?TestBoundPolyTerrain@phBoundTerrainLocal@@QBEHPBVphBoundPolygonal@@PAVphColliderBase@@PBVMatrix34@@22PAVphIntersection@@HPAHPBVVector3@@_N@Z	16	1	phBoundTerrainLocal	TestBoundPolyTerrain
00490400	?FindImpactsHotdogToTerrainLocal@phBoundTerrainLocal@@QBEHPBVphBoundHotdog@@PBVMatrix34@@1PAVphColliderBase@@2PAVphImpactBase@@HABVVector3@@4@Z	3776	1	phBoundTerrainLocal	FindImpactsHotdogToTerrainLocal
004912C0	?SegSegDistNorm@phBoundCollision@@SAXABVVector3@@00000AAV2@11AAMAAH@Z	1088	1	phBoundCollision	SegSegDistNorm
00491700	?GetDisp@phBoundCollision@@SAXPBVMatrix34@@0ABVVector3@@AAV3@@Z	208	1	phBoundCollision	GetDisp
004917D0	?SetPenetration@phBoundCollision@@SAXM@Z	32	1	phBoundCollision	SetPenetration
004917F0	?testNoOverlap@phBoundCollision@@CAHQBM0@Z	112	1	phBoundCollision	testNoOverlap
00491860	??GVector3@@QBE?AV0@ABV0@@Z	64	1	Vector3	operator-
004918A0	??KVector3@@QBE?AV0@M@Z	64	1	Vector3	operator/
004918E0	??D@YA?AVVector3@@MABV0@@Z	64	1		operator*
00491920	?StartMakingNewImpact@phImpactBase@@QAEXMABVVector3@@0PAVphColliderBase@@1PBVMatrix34@@HHH@Z	272	1	phImpactBase	StartMakingNewImpact
00491A30	?FinishMakingNewImpact@phImpactBase@@QAEXHHPAVphColliderBase@@0PBVphBound@@1H@Z	128	1	phImpactBase	FinishMakingNewImpact
00491AB0	?MakeNewImpact@phImpactBase@@QAEXPAVphColliderBase@@0ABVVector3@@1MPBVphBound@@2HHH@Z	208	1	phImpactBase	MakeNewImpact
00491B80	?AddImpactSpherePlaneTest@phImpactBase@@SA_NPAV1@PAHABVVector3@@M@Z	672	1	phImpactBase	AddImpactSpherePlaneTest
00491E20	?AddImpactShaftPlaneTest@phImpactBase@@SA_NPAV1@PAHABVVector3@@M2@Z	1104	1	phImpactBase	AddImpactShaftPlaneTest
00492270	?SetColliders@phImpactBase@@QAEXPAVphColliderBase@@0@Z	32	1	phImpactBase	SetColliders
00492290	?SetColliders@phImpactBase@@QAEXPAVphColliderBase@@0HH@Z	32	1	phImpactBase	SetColliders
004922B0	?SetComponentA@phImpactBase@@QAEXH@Z	16	1	phImpactBase	SetComponentA
004922C0	?SetComponentB@phImpactBase@@QAEXH@Z	16	1	phImpactBase	SetComponentB
004922D0	?SetColliders@phImpactBase@@SAXPAVphColliderBase@@0PAV1@H@Z	64	1	phImpactBase	SetColliders
00492310	?SwapColliders@phImpactBase@@QAEXXZ	80	1	phImpactBase	SwapColliders
00492360	?CullImpactList@phImpactBase@@SAXPAV1@PAHABVVector3@@@Z	352	1	phImpactBase	CullImpactList
004924C0	?ImpactIsInList@phImpactBase@@SA_NHHHPAV1@H@Z	224	1	phImpactBase	ImpactIsInList
004925A0	?Reset@phImpactBase@@QAEXXZ	48	1	phImpactBase	Reset
004925D0	?SphereToPolygonal@phCollisionPrim@@SA_NABVVector3@@MPBVphBoundPolygonal@@AAV2@2AAM@Z	416	1	phCollisionPrim	SphereToPolygonal
00492770	?SphereToPolygonal@phCollisionPrim@@SA_NABVVector3@@MPBVphBoundPolygonal@@ABVMatrix34@@AAV2@3AAM@Z	656	1	phCollisionPrim	SphereToPolygonal
00492A00	?SegmentToSphere@phCollisionPrim@@SA_NABVVector3@@MABVphSegment@@PAVphIntersectionPoint@@@Z	528	1	phCollisionPrim	SegmentToSphere
00492C10	?SegmentSphereTest@phCollisionPrim@@SA_NABVVector3@@M00@Z	240	1	phCollisionPrim	SegmentSphereTest
00492D00	?SegmentSphereTest@phCollisionPrim@@SA_NABVVector3@@MABVphSegment@@@Z	256	1	phCollisionPrim	SegmentSphereTest
00492E00	?SegmentSphereTest@phCollisionPrim@@SA_NMABVphSegment@@@Z	256	1	phCollisionPrim	SegmentSphereTest
00492F00	?SegmentSphereTest@phCollisionPrim@@SA_NMABVVector3@@0@Z	240	1	phCollisionPrim	SegmentSphereTest
00492FF0	??0phMaterial@@QAE@XZ	96	1	phMaterial	phMaterial
00493050	?SetName@phMaterial@@QAEXPBD@Z	32	1	phMaterial	SetName
00493070	?Load@phMaterial@@QAEXAAVdatAsciiTokenizer@@@Z	240	1	phMaterial	Load
00493160	?Save@phMaterial@@UAEXAAVdatAsciiTokenizer@@@Z	272	1	phMaterial	Save
00493270	?Copy@phMaterial@@UAEXABV1@@Z	48	1	phMaterial	Copy
004932A0	?LoadBinary@phMaterial@@QAEXPAVStream@@@Z	160	1	phMaterial	LoadBinary
00493340	?SaveBinary@phMaterial@@UAEXPAVStream@@@Z	224	1	phMaterial	SaveBinary
00493420	?CreateInstance@phMaterialMgr@@SAAAV1@H@Z	128	1	phMaterialMgr	CreateInstance
004934A0	??0phMaterialMgr@@IAE@XZ	64	1	phMaterialMgr	phMaterialMgr
004934E0	??0phMaterialMgr@@IAE@PAVphMaterial@@H@Z	224	1	phMaterialMgr	phMaterialMgr
004935C0	??1phMaterialMgr@@QAE@XZ	128	1	phMaterialMgr	~phMaterialMgr
00493640	?Find@phMaterialMgr@@QAEPAVphMaterial@@PBD@Z	32	1	phMaterialMgr	Find
00493660	?AddToTable@phMaterialMgr@@QAEXPAVphMaterial@@@Z	32	1	phMaterialMgr	AddToTable
00493680	?LoadTable@phMaterialMgr@@QAE_NPBD@Z	128	1	phMaterialMgr	LoadTable
00493700	?Load@phMaterialMgr@@UAEPAVphMaterial@@PAVdatAsciiTokenizer@@@Z	128	1	phMaterialMgr	Load
00493780	?Load@phMaterialMgr@@UAEPAVphMaterial@@PAVStream@@@Z	128	1	phMaterialMgr	Load
00493800	?Save@phMaterialMgr@@QAEXPAVphMaterial@@PAVdatAsciiTokenizer@@@Z	64	1	phMaterialMgr	Save
00493840	?FindNameOfIndex@phMaterialMgr@@QAEPBDH@Z	48	1	phMaterialMgr	FindNameOfIndex
00493870	?FindIndexOfName@phMaterialMgr@@QAEHPBD@Z	112	1	phMaterialMgr	FindIndexOfName
004938E0	??0phPolygon@@QAE@XZ	48	1	phPolygon	phPolygon
00493910	?InitTriangle@phPolygon@@QAEXGGGPBVVector3@@@Z	48	1	phPolygon	InitTriangle
00493940	?InitQuad@phPolygon@@QAEXGGGGPBVVector3@@@Z	48	1	phPolygon	InitQuad
00493970	?Rotate@phPolygon@@QAEXXZ	208	1	phPolygon	Rotate
00493A40	?CalculateNormal@phPolygon@@QAEXPBVVector3@@@Z	448	1	phPolygon	CalculateNormal
00493C00	?ComputeEdgeNormalCross@phPolygon@@IAEXPAVVector4@@PBVVector3@@@Z	320	1	phPolygon	ComputeEdgeNormalCross
00493D40	?TestSegmentDirected@phPolygon@@QBEHPBVVector3@@ABVphSegment@@PAVphIntersectionPoint@@M@Z	912	1	phPolygon	TestSegmentDirected
004940D0	?TestSegmentUndirected@phPolygon@@QBEHPBVVector3@@ABVphSegment@@PAVphIntersectionPoint@@MM@Z	992	1	phPolygon	TestSegmentUndirected
004944B0	?DetectSegmentDirected@phPolygon@@QBEHPBVVector3@@ABV2@1@Z	720	1	phPolygon	DetectSegmentDirected
00494780	?DetectSegmentUndirected@phPolygon@@QBEHPBVVector3@@ABVVector4@@1@Z	752	1	phPolygon	DetectSegmentUndirected
00494A70	?SegEdgeCheckUndirected@phPolygon@@KA_NABVVector3@@00ABVVector4@@1@Z	192	1	phPolygon	SegEdgeCheckUndirected
00494B30	?SegEdgeCheckDirected@phPolygon@@KA_NABVVector3@@00ABVVector4@@1@Z	208	1	phPolygon	SegEdgeCheckDirected
00494C00	?Lerp@Vector3@@QAEXMABV1@0@Z	64	1	Vector3	Lerp
00494C40	?Subtract@Vector4@@QAEXABVVector3@@0@Z	48	1	Vector4	Subtract
00494C70	?Dot3@Vector4@@QBEMABV1@@Z	32	1	Vector4	Dot3
00494C90	?Cross@Vector4@@QAEXABV1@0@Z	80	1	Vector4	Cross
00494CE0	?Transform@phIntersectionPoint@@QAEXPBVMatrix34@@@Z	176	1	phIntersectionPoint	Transform
00494D90	?Set@phIntersectionPoint@@QAEXABVVector3@@0MME@Z	80	1	phIntersectionPoint	Set
00494DE0	?AngleToMatrix@@YAXABVVector3@@PAVMatrix34@@@Z	256	1		AngleToMatrix
00494EE0	?QuaternionToMatrix@@YAXABVQuaternion@@PAVMatrix34@@@Z	208	1		QuaternionToMatrix
00494FB0	?CreateRotatedMatrix@@YA?AVMatrix34@@ABVVector3@@0@Z	176	1		CreateRotatedMatrix
00495060	?RotateMatrix@@YAXPAVMatrix34@@ABVVector3@@@Z	128	1		RotateMatrix
004950E0	?ReOrderVerts@@YAXPAVVector3@@PAM@Z	144	1		ReOrderVerts
00495170	?VertOrderIsOK@@YA_NPBVVector3@@@Z	176	1		VertOrderIsOK
00495220	?CubeRoot@@YAMM@Z	80	1		CubeRoot
00495270	?ArcTangent@@YAMMM@Z	96	1		ArcTangent
004952D0	?RealQuadratic@@YAHMMPAM0M@Z	128	1		RealQuadratic
00495350	?RealCubic@@YAHMMMPAM00M@Z	464	1		RealCubic
00495520	?RealQuartic@@YAHMMMMPAM000M@Z	1312	1		RealQuartic
00495A40	?FindTValuesLineToCircle@@YAHABVVector3@@000MPAMPAV1@1121@Z	800	1		FindTValuesLineToCircle
00495D60	?FindHomingAccel@@YAMMMMMM@Z	128	1		FindHomingAccel
00495DE0	?FindHomingAccel3D@@YA?AVVector3@@MABV1@000@Z	160	1		FindHomingAccel3D
00495E80	?FindHomingAngAccel@@YA?AVVector3@@ABV1@0MM@Z	368	1		FindHomingAngAccel
00495FF0	?FindHomingAngAccel3D@@YA?AVVector3@@MMABVMatrix34@@ABV1@01@Z	576	1		FindHomingAngAccel3D
00496230	?Set@Matrix33@@QAEXABV1@@Z	64	1	Matrix33	Set
00496270	?Add@Matrix33@@QAEXABV1@@Z	96	1	Matrix33	Add
004962D0	?Add@Matrix33@@QAEXABV1@0@Z	96	1	Matrix33	Add
00496330	?Subtract@Matrix33@@QAEXABV1@@Z	96	1	Matrix33	Subtract
00496390	?Subtract@Matrix33@@QAEXABV1@0@Z	96	1	Matrix33	Subtract
004963F0	?IsZero@Matrix33@@QBE_NXZ	160	1	Matrix33	IsZero
00496490	?Dot@Matrix33@@QAEXABV1@@Z	288	1	Matrix33	Dot
004965B0	?Dot@Matrix33@@QAEXABV1@0@Z	240	1	Matrix33	Dot
004966A0	?DotCrossProdMtx@Matrix33@@QAEXABVVector3@@@Z	176	1	Matrix33	DotCrossProdMtx
00496750	?CrossProduct@Matrix33@@QAEXABVVector3@@@Z	64	1	Matrix33	CrossProduct
00496790	?Diagonal@Matrix33@@QAEXM@Z	48	1	Matrix33	Diagonal
004967C0	?Diagonal@Matrix33@@QAEXABVVector3@@@Z	48	1	Matrix33	Diagonal
004967F0	?Negate@Matrix33@@QAEXXZ	80	1	Matrix33	Negate
00496840	?Transpose@Matrix33@@QAEXXZ	48	1	Matrix33	Transpose
00496870	?Transpose@Matrix33@@QAEXABV1@@Z	64	1	Matrix33	Transpose
004968B0	?Inverse@Matrix33@@QAEXXZ	288	1	Matrix33	Inverse
004969D0	?Inverse@Matrix33@@QAEXABV1@@Z	48	1	Matrix33	Inverse
00496A00	?Set@Matrix66@@QAEXABV1@@Z	32	1	Matrix66	Set
00496A20	?Set@Matrix66@@QAEXABVMatrix33@@000@Z	64	1	Matrix66	Set
00496A60	?Add@Matrix66@@QAEXABV1@@Z	64	1	Matrix66	Add
00496AA0	?Add@Matrix66@@QAEXABV1@0@Z	80	1	Matrix66	Add
00496AF0	?Subtract@Matrix66@@QAEXABV1@@Z	64	1	Matrix66	Subtract
00496B30	?Subtract@Matrix66@@QAEXABV1@0@Z	80	1	Matrix66	Subtract
00496B80	?Dot@Matrix66@@QAEXABV1@@Z	240	1	Matrix66	Dot
00496C70	?Transpose@Matrix66@@QAEXXZ	80	1	Matrix66	Transpose
00496CC0	?Transpose@Matrix66@@QAEXABV1@@Z	64	1	Matrix66	Transpose
00496D00	?Inverse@Matrix66@@QAEXXZ	48	1	Matrix66	Inverse
00496D30	?Inverse@Matrix66@@QAEXABV1@@Z	416	1	Matrix66	Inverse
00496ED0	j_nullsub_235	16	1		j_nullsub_235
00496EE0	nullsub_235	16	1		nullsub_235
00496EF0	j_nullsub_236	16	1		j_nullsub_236
00496F00	nullsub_236	16	1		nullsub_236
00496F10	?ConvexPolyIntersect@phConvexPoly@@SAHHPBVVector2@@H0PAUData@1@@Z	1824	1	phConvexPoly	ConvexPolyIntersect
00497630	?PrecomputeRays@phConvexPoly@@SAXHPBVVector2@@PAV2@PAM@Z	112	1	phConvexPoly	PrecomputeRays
004976A0	?AdvanceV@phConvexPoly@@SAXXZ	144	1	phConvexPoly	AdvanceV
00497730	?GetvHeadOut@phConvexPoly@@SAXXZ	160	1	phConvexPoly	GetvHeadOut
004977D0	?GetuHeadOut@phConvexPoly@@SAXXZ	160	1	phConvexPoly	GetuHeadOut
00497870	?GetuTailOut@phConvexPoly@@SAXXZ	128	1	phConvexPoly	GetuTailOut
004978F0	?RecordEE@phConvexPoly@@SAXXZ	224	1	phConvexPoly	RecordEE
004979D0	?RecordUTail@phConvexPoly@@SAXXZ	16	1	phConvexPoly	RecordUTail
004979E0	?RecordVTail@phConvexPoly@@SAXXZ	32	1	phConvexPoly	RecordVTail
00497A00	?RecordTail@phConvexPoly@@SAX_N@Z	192	1	phConvexPoly	RecordTail
00497AC0	?RecordNoIsect@phConvexPoly@@SAXH@Z	48	1	phConvexPoly	RecordNoIsect
00497AF0	?RecordInteriorCollides@phConvexPoly@@SAX_N@Z	128	1	phConvexPoly	RecordInteriorCollides
00497B70	?InstallJPEGSupport@@YAXXZ	32	1		InstallJPEGSupport
00497B90	gfxLoadJPEGImageCB	48	1		gfxLoadJPEGImageCB
00497BC0	?UnInstallJPEGSupport@@YAXXZ	32	1		UnInstallJPEGSupport
00497BE0	?gfxLoadJPEGImage@@YAPAVgfxImage@@PBD_N@Z	304	1		gfxLoadJPEGImage
00497D10	?jpeg_CreateDecompress@@YAXPAUjpeg_decompress_struct@@HI@Z	224	1		jpeg_CreateDecompress
00497DF0	?jpeg_destroy_decompress@@YAXPAUjpeg_decompress_struct@@@Z	32	1		jpeg_destroy_decompress
00497E10	?jpeg_abort_decompress@@YAXPAUjpeg_decompress_struct@@@Z	32	1		jpeg_abort_decompress
00497E30	?jpeg_read_header@@YAHPAUjpeg_decompress_struct@@E@Z	128	1		jpeg_read_header
00497EB0	?jpeg_consume_input@@YAHPAUjpeg_decompress_struct@@@Z	208	1		jpeg_consume_input
00497F80	?default_decompress_parms@@YAXPAUjpeg_decompress_struct@@@Z	432	1		default_decompress_parms
00498130	?jpeg_input_complete@@YAEPAUjpeg_decompress_struct@@@Z	80	1		jpeg_input_complete
00498180	?jpeg_has_multiple_scans@@YAEPAUjpeg_decompress_struct@@@Z	80	1		jpeg_has_multiple_scans
004981D0	?jpeg_finish_decompress@@YAEPAUjpeg_decompress_struct@@@Z	192	1		jpeg_finish_decompress
00498290	?jpeg_start_decompress@@YAEPAUjpeg_decompress_struct@@@Z	160	1		jpeg_start_decompress
00498330	?output_pass_setup@@YAEPAUjpeg_decompress_struct@@@Z	112	1		output_pass_setup
004983A0	?jpeg_read_scanlines@@YAIPAUjpeg_decompress_struct@@PAPAEI@Z	160	1		jpeg_read_scanlines
00498440	?jpeg_read_raw_data@@YAIPAUjpeg_decompress_struct@@PAPAPAEI@Z	192	1		jpeg_read_raw_data
00498500	?jpeg_stdio_src@@YAXPAUjpeg_decompress_struct@@PAVStream@@@Z	112	1		jpeg_stdio_src
00498570	?init_source@@YAXPAUjpeg_decompress_struct@@@Z	16	1		init_source
00498580	?fill_input_buffer@@YAEPAUjpeg_decompress_struct@@@Z	112	1		fill_input_buffer
004985F0	?skip_input_data@@YAXPAUjpeg_decompress_struct@@J@Z	64	1		skip_input_data
00498630	?term_source@@YAXPAUjpeg_decompress_struct@@@Z	16	1		term_source
00498640	?jpeg_std_error@@YAPAUjpeg_error_mgr@@PAU1@@Z	80	1		jpeg_std_error
00498690	?error_exit@@YAXPAUjpeg_common_struct@@@Z	32	1		error_exit
004986B0	?output_message@@YAXPAUjpeg_common_struct@@@Z	64	1		output_message
004986F0	?emit_message@@YAXPAUjpeg_common_struct@@H@Z	64	1		emit_message
00498730	?format_message@@YAXPAUjpeg_common_struct@@PAD@Z	176	1		format_message
004987E0	?reset_error_mgr@@YAXPAUjpeg_common_struct@@@Z	32	1		reset_error_mgr
00498800	?jinit_input_controller@@YAXPAUjpeg_decompress_struct@@@Z	144	1		jinit_input_controller
00498890	?per_scan_setup@@YAXPAUjpeg_decompress_struct@@@Z	432	1		per_scan_setup
00498A40	?latch_quant_tables@@YAXPAUjpeg_decompress_struct@@@Z	176	1		latch_quant_tables
00498AF0	?finish_input_pass@@YAXPAUjpeg_decompress_struct@@@Z	32	1		finish_input_pass
00498B10	?consume_markers@@YAHPAUjpeg_decompress_struct@@@Z	208	1		consume_markers
00498BE0	?initial_setup@@YAXPAUjpeg_decompress_struct@@@Z	496	1		initial_setup
00498DD0	?reset_input_controller@@YAXPAUjpeg_decompress_struct@@@Z	64	1		reset_input_controller
00498E10	?jpeg_resync_to_restart@@YAEPAUjpeg_decompress_struct@@H@Z	256	1		jpeg_resync_to_restart
00498F10	?next_marker@@YAEPAUjpeg_decompress_struct@@@Z	288	1		next_marker
00499030	?jinit_marker_reader@@YAXPAUjpeg_decompress_struct@@@Z	128	1		jinit_marker_reader
004990B0	?get_interesting_appn@@YAEPAUjpeg_decompress_struct@@@Z	320	1		get_interesting_appn
004991F0	?examine_app0@@YAXPAUjpeg_decompress_struct@@PAEIJ@Z	640	1		examine_app0
00499470	?examine_app14@@YAXPAUjpeg_decompress_struct@@PAEIJ@Z	224	1		examine_app14
00499550	?skip_variable@@YAEPAUjpeg_decompress_struct@@@Z	176	1		skip_variable
00499600	?read_markers@@YAHPAUjpeg_decompress_struct@@@Z	848	1		read_markers
00499950	?get_soi@@YAEPAUjpeg_decompress_struct@@@Z	192	1		get_soi
00499A10	?get_sof@@YAEPAUjpeg_decompress_struct@@EE@Z	832	1		get_sof
00499D50	?get_sos@@YAEPAUjpeg_decompress_struct@@@Z	816	1		get_sos
0049A080	?get_dht@@YAEPAUjpeg_decompress_struct@@@Z	864	1		get_dht
0049A3E0	?get_dqt@@YAEPAUjpeg_decompress_struct@@@Z	688	1		get_dqt
0049A690	?get_dri@@YAEPAUjpeg_decompress_struct@@@Z	256	1		get_dri
0049A790	?first_marker@@YAEPAUjpeg_decompress_struct@@@Z	176	1		first_marker
0049A840	?read_restart_marker@@YAEPAUjpeg_decompress_struct@@@Z	144	1		read_restart_marker
0049A8D0	?reset_marker_reader@@YAXPAUjpeg_decompress_struct@@@Z	48	1		reset_marker_reader
0049A900	?jpeg_set_marker_processor@@YAXPAUjpeg_decompress_struct@@HP6AE0@Z@Z	96	1		jpeg_set_marker_processor
0049A960	?jinit_memory_mgr@@YAXPAUjpeg_common_struct@@@Z	304	1		jinit_memory_mgr
0049AA90	?alloc_small@@YAPAXPAUjpeg_common_struct@@HI@Z	320	1		alloc_small
0049ABD0	?out_of_memory@@YAXPAUjpeg_common_struct@@H@Z	48	1		out_of_memory
0049AC00	?alloc_large@@YAPAXPAUjpeg_common_struct@@HI@Z	160	1		alloc_large
0049ACA0	?alloc_sarray@@YAPAPAEPAUjpeg_common_struct@@HII@Z	160	1		alloc_sarray
0049AD40	?alloc_barray@@YAPAPAY0EA@FPAUjpeg_common_struct@@HII@Z	192	1		alloc_barray
0049AE00	?request_virt_sarray@@YAPAUjvirt_sarray_control@@PAUjpeg_common_struct@@HEIII@Z	112	1		request_virt_sarray
0049AE70	?request_virt_barray@@YAPAUjvirt_barray_control@@PAUjpeg_common_struct@@HEIII@Z	112	1		request_virt_barray
0049AEE0	?realize_virt_arrays@@YAXPAUjpeg_common_struct@@@Z	416	1		realize_virt_arrays
0049B080	?access_virt_sarray@@YAPAPAEPAUjpeg_common_struct@@PAUjvirt_sarray_control@@IIE@Z	336	1		access_virt_sarray
0049B1D0	?do_sarray_io@@YAXPAUjpeg_common_struct@@PAUjvirt_sarray_control@@E@Z	176	1		do_sarray_io
0049B280	?access_virt_barray@@YAPAPAY0EA@FPAUjpeg_common_struct@@PAUjvirt_barray_control@@IIE@Z	336	1		access_virt_barray
0049B3D0	?do_barray_io@@YAXPAUjpeg_common_struct@@PAUjvirt_barray_control@@E@Z	176	1		do_barray_io
0049B480	?free_pool@@YAXPAUjpeg_common_struct@@H@Z	272	1		free_pool
0049B590	?self_destruct@@YAXPAUjpeg_common_struct@@@Z	64	1		self_destruct
0049B5D0	?jpeg_abort@@YAXPAUjpeg_common_struct@@@Z	64	1		jpeg_abort
0049B610	?jpeg_destroy@@YAXPAUjpeg_common_struct@@@Z	48	1		jpeg_destroy
0049B640	?jpeg_alloc_quant_table@@YAPAUJQUANT_TBL@@PAUjpeg_common_struct@@@Z	32	1		jpeg_alloc_quant_table
0049B660	?jpeg_alloc_huff_table@@YAPAUJHUFF_TBL@@PAUjpeg_common_struct@@@Z	32	1		jpeg_alloc_huff_table
0049B680	?jpeg_calc_output_dimensions@@YAXPAUjpeg_decompress_struct@@@Z	176	1		jpeg_calc_output_dimensions
0049B730	?use_merged_upsample@@YAEPAUjpeg_decompress_struct@@@Z	16	1		use_merged_upsample
0049B740	?jinit_master_decompress@@YAXPAUjpeg_decompress_struct@@@Z	64	1		jinit_master_decompress
0049B780	?master_selection@@YAXPAUjpeg_decompress_struct@@@Z	400	1		master_selection
0049B910	?prepare_range_limit_table@@YAXPAUjpeg_decompress_struct@@@Z	128	1		prepare_range_limit_table
0049B990	?prepare_for_output_pass@@YAXPAUjpeg_decompress_struct@@@Z	320	1		prepare_for_output_pass
0049BAD0	?finish_output_pass@@YAXPAUjpeg_decompress_struct@@@Z	48	1		finish_output_pass
0049BB00	?jdiv_round_up@@YAJJJ@Z	32	1		jdiv_round_up
0049BB20	?jround_up@@YAJJJ@Z	32	1		jround_up
0049BB40	?jcopy_sample_rows@@YAXPAPAEH0HHI@Z	80	1		jcopy_sample_rows
0049BB90	?jcopy_block_row@@YAXPAY0EA@F0I@Z	48	1		jcopy_block_row
0049BBC0	?jzero_far@@YAXPAXI@Z	32	1		jzero_far
0049BBE0	?jpeg_get_small@@YAPAXPAUjpeg_common_struct@@I@Z	32	1		jpeg_get_small
0049BC00	?jpeg_free_small@@YAXPAUjpeg_common_struct@@PAXI@Z	32	1		jpeg_free_small
0049BC20	?jpeg_get_large@@YAPAXPAUjpeg_common_struct@@I@Z	32	1		jpeg_get_large
0049BC40	?jpeg_free_large@@YAXPAUjpeg_common_struct@@PAXI@Z	32	1		jpeg_free_large
0049BC60	?jpeg_mem_available@@YAJPAUjpeg_common_struct@@JJJ@Z	16	1		jpeg_mem_available
0049BC70	?jpeg_open_backing_store@@YAXPAUjpeg_common_struct@@PAUbacking_store_struct@@J@Z	32	1		jpeg_open_backing_store
0049BC90	?jpeg_mem_init@@YAJPAUjpeg_common_struct@@@Z	16	1		jpeg_mem_init
0049BCA0	?jpeg_mem_term@@YAXPAUjpeg_common_struct@@@Z	16	1		jpeg_mem_term
0049BCB0	?jinit_d_main_controller@@YAXPAUjpeg_decompress_struct@@E@Z	224	1		jinit_d_main_controller
0049BD90	?alloc_funny_pointers@@YAXPAUjpeg_decompress_struct@@@Z	192	1		alloc_funny_pointers
0049BE50	?start_pass_main@@YAXPAUjpeg_decompress_struct@@W4J_BUF_MODE@@@Z	112	1		start_pass_main
0049BEC0	?make_funny_pointers@@YAXPAUjpeg_decompress_struct@@@Z	320	1		make_funny_pointers
0049C000	?process_data_simple_main@@YAXPAUjpeg_decompress_struct@@PAPAEPAII@Z	128	1		process_data_simple_main
0049C080	?process_data_context_main@@YAXPAUjpeg_decompress_struct@@PAPAEPAII@Z	320	1		process_data_context_main
0049C1C0	?set_wraparound_pointers@@YAXPAUjpeg_decompress_struct@@@Z	256	1		set_wraparound_pointers
0049C2C0	?set_bottom_pointers@@YAXPAUjpeg_decompress_struct@@@Z	176	1		set_bottom_pointers
0049C370	?jinit_d_coef_controller@@YAXPAUjpeg_decompress_struct@@E@Z	144	1		jinit_d_coef_controller
0049C400	?start_input_pass@@YAXPAUjpeg_decompress_struct@@@Z	32	1		start_input_pass
0049C420	?start_iMCU_row@@YAXPAUjpeg_decompress_struct@@@Z	96	1		start_iMCU_row
0049C480	?start_output_pass@@YAXPAUjpeg_decompress_struct@@@Z	32	1		start_output_pass
0049C4A0	?decompress_onepass@@YAHPAUjpeg_decompress_struct@@PAPAPAE@Z	560	1		decompress_onepass
0049C6D0	?dummy_consume_data@@YAHPAUjpeg_decompress_struct@@@Z	16	1		dummy_consume_data
0049C6E0	?jpeg_make_d_derived_tbl@@YAXPAUjpeg_decompress_struct@@EHPAPAUd_derived_tbl@@@Z	704	1		jpeg_make_d_derived_tbl
0049C9A0	?jpeg_fill_bit_buffer@@YAEPAUbitread_working_state@@JHH@Z	288	1		jpeg_fill_bit_buffer
0049CAC0	?jpeg_huff_decode@@YAHPAUbitread_working_state@@JHPAUd_derived_tbl@@H@Z	240	1		jpeg_huff_decode
0049CBB0	?jinit_huff_decoder@@YAXPAUjpeg_decompress_struct@@@Z	80	1		jinit_huff_decoder
0049CC00	?start_pass_huff_decoder@@YAXPAUjpeg_decompress_struct@@@Z	352	1		start_pass_huff_decoder
0049CD60	?decode_mcu@@YAEPAUjpeg_decompress_struct@@PAPAY0EA@F@Z	1024	1		decode_mcu
0049D160	?process_restart@@YAEPAUjpeg_decompress_struct@@@Z	144	1		process_restart
0049D1F0	?jinit_inverse_dct@@YAXPAUjpeg_decompress_struct@@@Z	144	1		jinit_inverse_dct
0049D280	?start_pass@@YAXPAUjpeg_decompress_struct@@@Z	464	1		start_pass
0049D450	?jinit_d_post_controller@@YAXPAUjpeg_decompress_struct@@E@Z	128	1		jinit_d_post_controller
0049D4D0	?start_pass_dpost@@YAXPAUjpeg_decompress_struct@@W4J_BUF_MODE@@@Z	128	1		start_pass_dpost
0049D550	?post_process_1pass@@YAXPAUjpeg_decompress_struct@@PAPAPAEPAIIPAPAE2I@Z	128	1		post_process_1pass
0049D5D0	?jinit_upsampler@@YAXPAUjpeg_decompress_struct@@@Z	512	1		jinit_upsampler
0049D7D0	?start_pass_upsample@@YAXPAUjpeg_decompress_struct@@@Z	32	1		start_pass_upsample
0049D7F0	?sep_upsample@@YAXPAUjpeg_decompress_struct@@PAPAPAEPAIIPAPAE2I@Z	256	1		sep_upsample
0049D8F0	?fullsize_upsample@@YAXPAUjpeg_decompress_struct@@PAUjpeg_component_info@@PAPAEPAPAPAE@Z	16	1		fullsize_upsample
0049D900	?noop_upsample@@YAXPAUjpeg_decompress_struct@@PAUjpeg_component_info@@PAPAEPAPAPAE@Z	16	1		noop_upsample
0049D910	?int_upsample@@YAXPAUjpeg_decompress_struct@@PAUjpeg_component_info@@PAPAEPAPAPAE@Z	256	1		int_upsample
0049DA10	?h2v1_upsample@@YAXPAUjpeg_decompress_struct@@PAUjpeg_component_info@@PAPAEPAPAPAE@Z	96	1		h2v1_upsample
0049DA70	?h2v2_upsample@@YAXPAUjpeg_decompress_struct@@PAUjpeg_component_info@@PAPAEPAPAPAE@Z	144	1		h2v2_upsample
0049DB00	?h2v1_fancy_upsample@@YAXPAUjpeg_decompress_struct@@PAUjpeg_component_info@@PAPAEPAPAPAE@Z	192	1		h2v1_fancy_upsample
0049DBC0	?h2v2_fancy_upsample@@YAXPAUjpeg_decompress_struct@@PAUjpeg_component_info@@PAPAEPAPAPAE@Z	336	1		h2v2_fancy_upsample
0049DD10	?jinit_color_deconverter@@YAXPAUjpeg_decompress_struct@@@Z	464	1		jinit_color_deconverter
0049DEE0	?build_ycc_rgb_table@@YAXPAUjpeg_decompress_struct@@@Z	208	1		build_ycc_rgb_table
0049DFB0	?ycc_rgb_convert@@YAXPAUjpeg_decompress_struct@@PAPAPAEIPAPAEH@Z	288	1		ycc_rgb_convert
0049E0D0	?null_convert@@YAXPAUjpeg_decompress_struct@@PAPAPAEIPAPAEH@Z	144	1		null_convert
0049E160	?grayscale_convert@@YAXPAUjpeg_decompress_struct@@PAPAPAEIPAPAEH@Z	48	1		grayscale_convert
0049E190	?gray_rgb_convert@@YAXPAUjpeg_decompress_struct@@PAPAPAEIPAPAEH@Z	96	1		gray_rgb_convert
0049E1F0	?ycck_cmyk_convert@@YAXPAUjpeg_decompress_struct@@PAPAPAEIPAPAEH@Z	336	1		ycck_cmyk_convert
0049E340	?start_pass_dcolor@@YAXPAUjpeg_decompress_struct@@@Z	16	1		start_pass_dcolor
0049E350	?jpeg_idct_islow@@YAXPAUjpeg_decompress_struct@@PAUjpeg_component_info@@PAFPAPAEI@Z	1456	1		jpeg_idct_islow
0049E900	?jpeg_idct_ifast@@YAXPAUjpeg_decompress_struct@@PAUjpeg_component_info@@PAFPAPAEI@Z	1136	1		jpeg_idct_ifast
0049ED70	?jpeg_idct_float@@YAXPAUjpeg_decompress_struct@@PAUjpeg_component_info@@PAFPAPAEI@Z	992	1		jpeg_idct_float
0049F150	??0string@@QAE@XZ	48	1	string	string
0049F180	??Hstring@@QBE?AV0@PBD@Z	304	1	string	operator+
0049F2B0	??H@YA?AVstring@@PBDABV0@@Z	304	1		operator+
0049F3E0	??Ystring@@QAEXPBD@Z	224	1	string	operator+=
0049F4C0	??Ystring@@QAEXD@Z	160	1	string	operator+=
0049F560	??Gstring@@QBE?AV0@PBD@Z	368	1	string	operator-
0049F6D0	??Zstring@@QAEXPBD@Z	192	1	string	operator-=
0049F790	?MinusEqual@string@@QAEXD@Z	336	1	string	MinusEqual
0049F8E0	?Contains@string@@QBEHAAV1@@Z	144	1	string	Contains
0049F970	?SaveName@string@@QAEXABV1@H00@Z	448	1	string	SaveName
0049FB30	?FindFile@string@@QAEHABV1@H00@Z	896	1	string	FindFile
0049FEB0	?FileExists@string@@QBEHXZ	48	1	string	FileExists
0049FEE0	?DirFileExt@string@@QBEXAAV1@00@Z	544	1	string	DirFileExt
004A0100	?CommaFile@string@@QBEHXZ	480	1	string	CommaFile
004A02E0	?FileName@string@@QBE?AV1@XZ	384	1	string	FileName
004A0460	?Extension@string@@QBE?AV1@XZ	288	1	string	Extension
004A0580	?ChangeExtension@string@@QAEXABV1@@Z	432	1	string	ChangeExtension
004A0730	?RemoveExtension@string@@QAEXXZ	48	1	string	RemoveExtension
004A0760	?ExpandEnvs@string@@QAEXXZ	432	1	string	ExpandEnvs
004A0910	?SubString@string@@QBE?AV1@H@Z	272	1	string	SubString
004A0A20	?NumSubStrings@string@@QBEHXZ	64	1	string	NumSubStrings
004A0A60	?IsNumeric@string@@QBEHXZ	48	1	string	IsNumeric
004A0A90	??4string@@QAEXPBD@Z	112	1	string	operator=
004A0B00	??Hstring@@QBE?AV0@ABV0@@Z	112	1	string	operator+
004A0B70	??0asRoot@@QAE@XZ	112	1	asRoot	asRoot
004A0BE0	?Init@asRoot@@QAEX_N@Z	32	1	asRoot	Init
004A0C00	?Update@asRoot@@UAEXXZ	64	1	asRoot	Update
004A0C40	?Reset@asRoot@@UAEXXZ	16	1	asRoot	Reset
004A0C50	?Quit@asRoot@@QAEXXZ	16	1	asRoot	Quit
004A0C60	?IsPaused@asRoot@@QAE_NXZ	16	1	asRoot	IsPaused
004A0C70	?TogglePause@asRoot@@QAEXXZ	16	1	asRoot	TogglePause
004A0C80	?SetPause@asRoot@@QAEX_N@Z	16	1	asRoot	SetPause
004A0C90	??1asRoot@@UAE@XZ	16	1	asRoot	~asRoot
004A0CA0	??_GasRoot@@UAEPAXI@Z	48	1	asRoot	`scalar deleting destructor'
004A0CD0	?GetClassName@asRoot@@UAEPADXZ	16	1	asRoot	GetClassName
004A0CE0	??0asNode@@QAE@XZ	32	1	asNode	asNode
004A0D00	??1asNode@@UAE@XZ	112	1	asNode	~asNode
004A0D70	?SetName@asNode@@QAEXPBD@Z	48	1	asNode	SetName
004A0DA0	?GetDirName@asNode@@UAEPBDXZ	16	1	asNode	GetDirName
004A0DB0	?Update@asNode@@UAEXXZ	32	1	asNode	Update
004A0DD0	?UpdatePaused@asNode@@UAEXXZ	64	1	asNode	UpdatePaused
004A0E10	?Reset@asNode@@UAEXXZ	32	1	asNode	Reset
004A0E30	?ResChange@asNode@@UAEXHH@Z	48	1	asNode	ResChange
004A0E60	?AddChild@asNode@@QAEHPAV1@@Z	128	1	asNode	AddChild
004A0EE0	?InsertChild@asNode@@QAEHHPAV1@@Z	112	1	asNode	InsertChild
004A0F50	?RemoveChild@asNode@@QAEHH@Z	128	1	asNode	RemoveChild
004A0FD0	?RemoveChild@asNode@@QAEHPAV1@@Z	64	1	asNode	RemoveChild
004A1010	?RemoveAllChildren@asNode@@QAEXXZ	32	1	asNode	RemoveAllChildren
004A1030	?GetChild@asNode@@QAEPAV1@H@Z	48	1	asNode	GetChild
004A1060	?GetNext@asNode@@QAEPAV1@XZ	16	1	asNode	GetNext
004A1070	?GetLastChild@asNode@@QAEPAV1@XZ	48	1	asNode	GetLastChild
004A10A0	?NumChildren@asNode@@QAEHXZ	32	1	asNode	NumChildren
004A10C0	?SwitchTo@asNode@@QAEXH@Z	96	1	asNode	SwitchTo
004A1120	?Load@asNode@@UAE_NXZ	176	1	asNode	Load
004A11D0	?Save@asNode@@UAE_NXZ	144	1	asNode	Save
004A1260	??_EasNode@@UAEPAXI@Z	48	1	asNode	`vector deleting destructor'
004A1290	??0asCullManager@@QAE@HH@Z	224	1	asCullManager	asCullManager
004A1370	??1asCullManager@@UAE@XZ	128	1	asCullManager	~asCullManager
004A13F0	?Reset@asCullManager@@UAEXXZ	80	1	asCullManager	Reset
004A1440	?DisplayVersionString@asCullManager@@IAEXXZ	16	1	asCullManager	DisplayVersionString
004A1450	?Update@asCullManager@@UAEXXZ	304	1	asCullManager	Update
004A1580	?DeclareCamera@asCullManager@@UAEXPAVasCamera@@@Z	48	1	asCullManager	DeclareCamera
004A15B0	?DeclareCullable@asCullManager@@UAEXPAVasCullable@@@Z	80	1	asCullManager	DeclareCullable
004A1600	?DeclareCullable2D@asCullManager@@UAEXPAVasCullable@@@Z	64	1	asCullManager	DeclareCullable2D
004A1640	?DeclareCullable2DFG@asCullManager@@UAEXPAVasCullable@@@Z	64	1	asCullManager	DeclareCullable2DFG
004A1680	?DeclareBitmap@asCullManager@@QAEXPAVasCullable@@PAVgfxBitmap@@@Z	16	1	asCullManager	DeclareBitmap
004A1690	??_EasCullManager@@UAEPAXI@Z	48	1	asCullManager	`vector deleting destructor'
004A16C0	??0eqEventHandler@@QAE@XZ	64	1	eqEventHandler	eqEventHandler
004A1700	??1eqEventHandler@@UAE@XZ	48	1	eqEventHandler	~eqEventHandler
004A1730	?BeginGfx@eqEventHandler@@QAEHHHH@Z	16	1	eqEventHandler	BeginGfx
004A1740	?EndGfx@eqEventHandler@@QAEXXZ	16	1	eqEventHandler	EndGfx
004A1750	?RestoreApp@eqEventHandler@@QAEXXZ	16	1	eqEventHandler	RestoreApp
004A1760	?MinimizeApp@eqEventHandler@@QAEXH@Z	16	1	eqEventHandler	MinimizeApp
004A1770	?SetActive@eqEventHandler@@QAEXH@Z	16	1	eqEventHandler	SetActive
004A1780	?ClearActive@eqEventHandler@@QAEXH@Z	16	1	eqEventHandler	ClearActive
004A1790	?Update@eqEventHandler@@QAEXXZ	50	1	eqEventHandler	Update
004A17C2	IO_EVENT_DESTROY	104	1		IO_EVENT_DESTROY
004A182A	IO_EVENT_CREATE	94	1		IO_EVENT_CREATE
004A1888	IO_EVENT_LBUTTONUP	94	1		IO_EVENT_LBUTTONUP
004A18E6	IO_EVENT_RBUTTONDOWN	94	1		IO_EVENT_RBUTTONDOWN
004A1944	IO_EVENT_RBUTTONUP	94	1		IO_EVENT_RBUTTONUP
004A19A2	IO_EVENT_MBUTTONDOWN	94	1		IO_EVENT_MBUTTONDOWN
004A1A00	IO_EVENT_MBUTTONUP	94	1		IO_EVENT_MBUTTONUP
004A1A5E	IO_EVENT_KEYDOWN	159	1		IO_EVENT_KEYDOWN
004A1AFD	IO_EVENT_CHAR	68	1		IO_EVENT_CHAR
004A1B41	IO_EVENT_INPUT	543	1		IO_EVENT_INPUT
004A1D60	?EKeyName@eqEventHandler@@SAPADH@Z	720	1	eqEventHandler	EKeyName
004A2030	?AddClient@eqEventHandler@@QAEXPAVeqEventMonitor@@@Z	96	1	eqEventHandler	AddClient
004A2090	?RemoveClient@eqEventHandler@@QAEXPAVeqEventMonitor@@@Z	64	1	eqEventHandler	RemoveClient
004A20D0	??0eqEventMonitor@@QAE@XZ	32	1	eqEventMonitor	eqEventMonitor
004A20F0	??1eqEventMonitor@@UAE@XZ	32	1	eqEventMonitor	~eqEventMonitor
004A2110	?Mouse@eqEventMonitor@@UAEXPAXHHHHHHH@Z	128	1	eqEventMonitor	Mouse
004A2190	?Keyboard@eqEventMonitor@@UAEXPAXHHHH@Z	128	1	eqEventMonitor	Keyboard
004A2210	??_EeqEventHandler@@UAEPAXI@Z	48	1	eqEventHandler	`vector deleting destructor'
004A2240	??_GeqEventMonitor@@UAEPAXI@Z	48	1	eqEventMonitor	`scalar deleting destructor'
004A2270	??0asUnderlay@@QAE@XZ	16	1	asUnderlay	asUnderlay
004A2280	??1asUnderlay@@UAE@XZ	16	1	asUnderlay	~asUnderlay
004A2290	?SetBitmap@asUnderlay@@QAEXPAVgfxBitmap@@@Z	16	1	asUnderlay	SetBitmap
004A22A0	?AddRef@asUnderlay@@QAEXXZ	16	1	asUnderlay	AddRef
004A22B0	?Cull@asUnderlay@@UAEXXZ	48	1	asUnderlay	Cull
004A22E0	??1asCamera@@UAE@XZ	96	1	asCamera	~asCamera
004A2340	??0asCamera@@QAE@XZ	352	1	asCamera	asCamera
004A24A0	?Update@asCamera@@UAEXXZ	432	1	asCamera	Update
004A2650	?SetClipArea@asCamera@@QAEXMMMM@Z	320	1	asCamera	SetClipArea
004A2790	?SetLighting@asCamera@@QAEXH@Z	80	1	asCamera	SetLighting
004A27E0	?SetWorld@asCamera@@QAEXAAVMatrix34@@@Z	16	1	asCamera	SetWorld
004A27F0	?GetNearClip@asCamera@@QAEXPAVVector3@@AAVMatrix34@@W4kNearClip@1@@Z	1392	1	asCamera	GetNearClip
004A2D60	?DrawBegin@asCamera@@QAEXXZ	16	1	asCamera	DrawBegin
004A2D70	?DrawEnd@asCamera@@QAEXXZ	96	1	asCamera	DrawEnd
004A2DD0	?SetViewport@asCamera@@QAEXMMMMH@Z	128	1	asCamera	SetViewport
004A2E50	?SetView@asCamera@@QAEXMMMM@Z	112	1	asCamera	SetView
004A2EC0	?SetFog@asCamera@@QAEXMMMM@Z	48	1	asCamera	SetFog
004A2EF0	?SetUnderlay@asCamera@@QAEXPAD@Z	64	1	asCamera	SetUnderlay
004A2F30	?SetUnderlayCB@asCamera@@QAEXPAVgfxBitmap@@PAVdatCallback@@@Z	48	1	asCamera	SetUnderlayCB
004A2F60	?GetViewportWidth@asCamera@@QAEHXZ	16	1	asCamera	GetViewportWidth
004A2F70	?GetViewportHeight@asCamera@@QAEHXZ	16	1	asCamera	GetViewportHeight
004A2F80	?FadeOut@asCamera@@QAEXMH@Z	96	1	asCamera	FadeOut
004A2FE0	?FadeIn@asCamera@@QAEXMH@Z	96	1	asCamera	FadeIn
004A3040	?SphereVisible@asCamera@@QAEMABVVector3@@MPAM@Z	464	1	asCamera	SphereVisible
004A3210	?SetAmbient@asCamera@@QAEXABVVector3@@@Z	16	1	asCamera	SetAmbient
004A3220	?SetMonochrome@asCamera@@QAEXH@Z	16	1	asCamera	SetMonochrome
004A3230	?Regen@asCamera@@AAEXXZ	16	1	asCamera	Regen
004A3240	??_GasUnderlay@@UAEPAXI@Z	48	1	asUnderlay	`scalar deleting destructor'
004A3270	??_EasCamera@@UAEPAXI@Z	128	1	asCamera	`vector deleting destructor'
004A32F0	??0asLinearCS@@QAE@XZ	128	1	asLinearCS	asLinearCS
004A3370	?Update@asLinearCS@@UAEXXZ	144	1	asLinearCS	Update
004A3400	?Cull@asLinearCS@@UAEXXZ	16	1	asLinearCS	Cull
004A3410	??_EasLinearCS@@UAEPAXI@Z	48	1	asLinearCS	`vector deleting destructor'
004A3440	?Cull@asCullable@@UAEXXZ	16	1	asCullable	Cull
004A3450	??0eqEventQ@@QAE@H@Z	128	1	eqEventQ	eqEventQ
004A34D0	??1eqEventQ@@UAE@XZ	112	1	eqEventQ	~eqEventQ
004A3540	?Mouse@eqEventQ@@UAEXPAXHHHHHHH@Z	144	1	eqEventQ	Mouse
004A35D0	?Keyboard@eqEventQ@@UAEXPAXHHHH@Z	96	1	eqEventQ	Keyboard
004A3630	?Queue@eqEventQ@@AAEXAATeqEvent@@@Z	64	1	eqEventQ	Queue
004A3670	?Pop@eqEventQ@@QAEHPATeqEvent@@@Z	112	1	eqEventQ	Pop
004A36E0	??_EeqEventQ@@UAEPAXI@Z	48	1	eqEventQ	`vector deleting destructor'
004A3710	?nodeGetBitmap@@YAPAVgfxBitmap@@PBD_N1@Z	64	1		nodeGetBitmap
004A3750	?logf_fast@@YAMM@Z	128	1		logf_fast
004A37D0	?Seed@Random@@QAEXH@Z	176	1	Random	Seed
004A3880	?Number@Random@@QAEMXZ	96	1	Random	Number
004A38E0	?Normal@Random@@QAEMMM@Z	80	1	Random	Normal
004A3930	?AddStaticMaterial@modShader@@SAPAUgfxMaterial@@ABU2@@Z	496	1	modShader	AddStaticMaterial
004A3B20	?KillAll@modShader@@SAXXZ	16	1	modShader	KillAll
004A3B30	?Load@modShader@@QAEXPAVStream@@_N@Z	1072	1	modShader	Load
004A3F60	?LoadShaderSet@modShader@@SAPAPAV1@PAVStream@@PAH1_N@Z	352	1	modShader	LoadShaderSet
004A40C0	?PreLoad@modShader@@QAEXXZ	240	1	modShader	PreLoad
004A41B0	?BeginEnvMap@modShader@@SAXPAVgfxTexture@@ABVMatrix34@@@Z	624	1	modShader	BeginEnvMap
004A4420	?EndEnvMap@modShader@@SAXXZ	304	1	modShader	EndEnvMap
004A4550	?Draw@modStatic@@QBEXPAVmodShader@@@Z	384	1	modStatic	Draw
004A46D0	??0modPackage@@QAE@XZ	32	1	modPackage	modPackage
004A46F0	??1modPackage@@QAE@XZ	16	1	modPackage	~modPackage
004A4700	?Open@modPackage@@QAE_NPBD0@Z	144	1	modPackage	Open
004A4790	?Close@modPackage@@QAEXXZ	32	1	modPackage	Close
004A47B0	?OpenFile@modPackage@@QAEPAVStream@@PBD@Z	80	1	modPackage	OpenFile
004A4800	?CloseFile@modPackage@@QAEXXZ	32	1	modPackage	CloseFile
004A4820	?NextItem@modPackage@@AAEXXZ	176	1	modPackage	NextItem
004A48D0	?SkipTo@modPackage@@QAEXPBD@Z	160	1	modPackage	SkipTo
004A4970	?Skip@modPackage@@QAEXXZ	48	1	modPackage	Skip
004A49A0	?Optimize@modStatic@@QAEXPAVmodShader@@@Z	128	1	modStatic	Optimize
004A4A20	?DrawNoAlpha@modStatic@@QBEXPAVmodShader@@@Z	48	1	modStatic	DrawNoAlpha
004A4A50	?DrawEnvMapped@modStatic@@QBEXPAVmodShader@@PAVgfxTexture@@M@Z	224	1	modStatic	DrawEnvMapped
004A4B30	?DrawOrthoMapped@modStatic@@QBEXPAVmodShader@@PAVgfxTexture@@MI@Z	288	1	modStatic	DrawOrthoMapped
004A4C50	?DrawWithTexGenAndTexMatrix@modStatic@@QBEXXZ	80	1	modStatic	DrawWithTexGenAndTexMatrix
004A4CA0	?Clone@modStatic@@QBEPAV1@XZ	192	1	modStatic	Clone
004A4D60	?CopyFrom@modStatic@@QAEXPBV1@@Z	80	1	modStatic	CopyFrom
004A4DB0	?GetAdjunctCount@modStatic@@QBEHXZ	48	1	modStatic	GetAdjunctCount
004A4DE0	?GetTriCount@modStatic@@QBEHXZ	80	1	modStatic	GetTriCount
004A4E30	?modGetStatic@@YAPAVmodStatic@@PBDP6AXAAVVector3@@PAX@Z2_N@Z	1104	1		modGetStatic
004A5280	?GetPivot@@YA_NAAVMatrix34@@PBD1@Z	96	1		GetPivot
004A52E0	?modGetStatic@@YAPAVmodStatic@@PBDAAM_N@Z	112	1		modGetStatic
004A5350	j_nullsub_237	16	1		j_nullsub_237
004A5360	nullsub_237	16	1		nullsub_237
004A5370	?vgl_VERTEX_VCT1@@YAXMMM@Z	144	1		vgl_VERTEX_VCT1
004A5400	?vgl_VERTEX_VNT1@@YAXMMM@Z	144	1		vgl_VERTEX_VNT1
004A5490	?vglSetFormat@@YAXIIII@Z	80	1		vglSetFormat
004A54E0	j_nullsub_238	16	1		j_nullsub_238
004A54F0	nullsub_238	16	1		nullsub_238
004A5500	?vglBegin@@YAXW4gfxDrawMode@@H@Z	1424	1		vglBegin
004A5A90	?vglEnd@@YAXXZ	128	1		vglEnd
004A5B10	?vglBeginBatch@@YAXXZ	112	1		vglBeginBatch
004A5B80	?vglEndBatch@@YAXXZ	32	1		vglEndBatch
004A5BA0	?vglBindTexture@@YAXPAVgfxTexture@@@Z	176	1		vglBindTexture
004A5C50	?vglDrawLabel@@YAXABVVector3@@PBD@Z	176	1		vglDrawLabel
004A5D00	?vglDrawLabelf@@YAXABVVector3@@PBDZZ	48	1		vglDrawLabelf
004A5D30	?vglSetCloudMap@@YAXPBD@Z	176	1		vglSetCloudMap
004A5DE0	?vglSetOffset@@YAXMMM@Z	288	1		vglSetOffset
004A5F00	?rglEnableDisable@@YA_NW4rglToken@@_N@Z	256	1		rglEnableDisable
004A6000	?rglIsEnabled@@YA_NW4rglToken@@@Z	96	1		rglIsEnabled
004A6060	?rglWorldMatrix@@YAXABVMatrix34@@@Z	176	1		rglWorldMatrix
004A6110	?rglWorldIdentity@@YAXXZ	48	1		rglWorldIdentity
004A6140	?rglCard@@YAXABVVector3@@@Z	32	1		rglCard
004A6160	?rglBindTexture2@@YAXPBVgfxTexture@@@Z	48	1		rglBindTexture2
004A6190	?tglDrawParticle@@YAXABVVector3@@MABVVector4@@@Z	960	1		tglDrawParticle
004A6550	?tglDrawRotatedParticle@@YAXABVVector3@@MMABVVector4@@@Z	1056	1		tglDrawRotatedParticle
004A6970	?rglOpenPipe@@YAXHH_N@Z	144	1		rglOpenPipe
004A6A00	?rglClosePipe@@YAXXZ	16	1		rglClosePipe
004A6A10	?rglBeginFrame@@YAXI@Z	48	1		rglBeginFrame
004A6A40	?rglEndFrame@@YAXXZ	16	1		rglEndFrame
004A6A50	?rglCameraMatrix@@YAXABVMatrix34@@@Z	32	1		rglCameraMatrix
004A6A70	?rglAlive@@YAHXZ	64	1		rglAlive
004A6AB0	?rglDrawBox@@YAXABVVector3@@ABVMatrix34@@@Z	640	1		rglDrawBox
004A6D30	?rglDrawSolidBox@@YAXABVVector3@@ABVMatrix34@@0@Z	800	1		rglDrawSolidBox
004A7050	?rglDrawAxis@@YAXMABVMatrix34@@@Z	160	1		rglDrawAxis
004A70F0	?rglDrawSphere@@YAXMH@Z	272	1		rglDrawSphere
004A7200	?rglDrawSphere@@YAXMABVMatrix34@@H@Z	48	1		rglDrawSphere
004A7230	?rglDrawEllipsoid@@YAXABVVector3@@ABVMatrix34@@H@Z	224	1		rglDrawEllipsoid
004A7310	?rglDrawParticle@@YAXABVVector3@@MABVVector4@@@Z	560	1		rglDrawParticle
004A7540	?rglResetDrawTexture@@YAXXZ	32	1		rglResetDrawTexture
004A7560	?rglDrawTexture@@YAXPAVgfxTexture@@@Z	464	1		rglDrawTexture
004A7730	j_nullsub_330	16	1		j_nullsub_330
004A7740	nullsub_330	16	1		nullsub_330
004A7750	?rglPushMatrix@@YAXXZ	64	1		rglPushMatrix
004A7790	?rglPopMatrix@@YAXXZ	64	1		rglPopMatrix
004A77D0	?rglMultMatrix@@YAXAAVMatrix34@@@Z	176	1		rglMultMatrix
004A7880	?mkfrgba@@YAIMMMM@Z	96	1		mkfrgba
004A78E0	??0datParser@@QAE@PBD@Z	64	1	datParser	datParser
004A7920	??1datParser@@QAE@XZ	32	1	datParser	~datParser
004A7940	??1datParserRecord@@QAE@XZ	64	1	datParserRecord	~datParserRecord
004A7980	?AddParser@datParser@@QAEPAV1@PBDPAVdatCallback@@@Z	80	1	datParser	AddParser
004A79D0	?AddRecord@datParser@@AAEAAVdatParserRecord@@HPBDPAXGPAVdatCallback@@@Z	192	1	datParser	AddRecord
004A7A90	?Load@datParser@@QAE_NPAVStream@@PBD@Z	96	1	datParser	Load
004A7AF0	?Load@datParser@@QAE_NPBD0@Z	80	1	datParser	Load
004A7B40	?Load@datParser@@QAE_NPBD00@Z	80	1	datParser	Load
004A7B90	?Save@datParser@@QAE_NPAVStream@@PBD_N@Z	112	1	datParser	Save
004A7C00	?Save@datParser@@QAE_NPBD0_N@Z	80	1	datParser	Save
004A7C50	?Save@datParser@@QAE_NPBD00_N@Z	80	1	datParser	Save
004A7CA0	?Read@datParser@@AAEXAAVdatBaseTokenizer@@@Z	720	1	datParser	Read
004A7F70	?Write@datParser@@AAEXAAVdatBaseTokenizer@@@Z	608	1	datParser	Write
004A81D0	?Indent@datParser@@AAEXAAVdatBaseTokenizer@@@Z	48	1	datParser	Indent
004A8200	?ParseCSVLine@@YAHPBDHHZZ	112	1		ParseCSVLine
004A8270	?Kill@parCsvFile@@QAEXXZ	128	1	parCsvFile	Kill
004A82F0	?Load@parCsvFile@@QAE_NPBD0_NH@Z	784	1	parCsvFile	Load
004A8600	?Print@parCsvFile@@QBEXXZ	160	1	parCsvFile	Print
004A86A0	?GetInt@parCsvFile@@QBEHHH@Z	48	1	parCsvFile	GetInt
004A86D0	?GetFloat@parCsvFile@@QBEMHH@Z	48	1	parCsvFile	GetFloat
004A8700	?GetColumn@parCsvFile@@QBEHPBD@Z	96	1	parCsvFile	GetColumn
004A8760	?GetRow@parCsvFile@@QBEHHPBD@Z	112	1	parCsvFile	GetRow
004A87D0	?GetRowSafe@parCsvFile@@QBEHHPBD@Z	96	1	parCsvFile	GetRowSafe
004A8830	?SetString@parCsvFile@@QAEXHHPBD@Z	64	1	parCsvFile	SetString
004A8870	?SetInt@parCsvFile@@QAEXHHH@Z	64	1	parCsvFile	SetInt
004A88B0	?SetFloat@parCsvFile@@QAEXHHM@Z	64	1	parCsvFile	SetFloat
004A88F0	?gfxWindowProc@gfxPipeline@@CGJPAUHWND__@@IIJ@Z	400	1	gfxPipeline	gfxWindowProc
004A8A80	gfxPipeline_SetLostCallback	16	1		gfxPipeline_SetLostCallback
004A8A90	?gfxWindowCreate@gfxPipeline@@CAXPBD@Z	528	1	gfxPipeline	gfxWindowCreate
004A8CA0	?SetWindow@gfxPipeline@@SAX_NHH@Z	64	1	gfxPipeline	SetWindow
004A8CE0	?SetRes@gfxPipeline@@SAXHHHH_N@Z	976	1	gfxPipeline	SetRes
004A90B0	?CreateViewport@gfxPipeline@@SAPAVgfxViewport@@XZ	96	1	gfxPipeline	CreateViewport
004A9110	?Manage@gfxPipeline@@SAXXZ	112	1	gfxPipeline	Manage
004A9180	?SetTitle@gfxPipeline@@SAXPBD@Z	32	1	gfxPipeline	SetTitle
004A91A0	?gfxEnumZ@gfxPipeline@@CGJPAU_DDPIXELFORMAT@@PAX@Z	80	1	gfxPipeline	gfxEnumZ
004A91F0	?gfxEnumTexs@gfxPipeline@@CGJPAU_DDPIXELFORMAT@@PAX@Z	128	1	gfxPipeline	gfxEnumTexs
004A9270	?MultiMonCallback@@YGHPAU_GUID@@PAD1PAXPAUHMONITOR__@@@Z	64	1		MultiMonCallback
004A92B0	?SafeBeginGfx@gfxPipeline@@SAXXZ	160	1	gfxPipeline	SafeBeginGfx
004A9350	?BeginGfx@gfxPipeline@@SA_NXZ	32	1	gfxPipeline	BeginGfx
004A9370	?BeginGfx2D@gfxPipeline@@SA_NXZ	560	1	gfxPipeline	BeginGfx2D
004A95A0	?DDEnumProc@@YGHPAU_GUID@@PADPADPAX@Z	160	1		DDEnumProc
004A9640	?EnumDDAdapters@gfxPipeline@@SAXHP6GHPAU_GUID@@PADPADPAX@Z3@Z	128	1	gfxPipeline	EnumDDAdapters
004A96C0	?BeginGfx3D@gfxPipeline@@SA_NXZ	2672	1	gfxPipeline	BeginGfx3D
004AA130	?BeginFrame@gfxPipeline@@SAXXZ	320	1	gfxPipeline	BeginFrame
004AA270	?BeginScene@gfxPipeline@@SAXXZ	64	1	gfxPipeline	BeginScene
004AA2B0	?EndScene@gfxPipeline@@SAXXZ	128	1	gfxPipeline	EndScene
004AA330	?EndFrame@gfxPipeline@@SAXXZ	608	1	gfxPipeline	EndFrame
004AA590	?BeginOffscreen@gfxPipeline@@SAXXZ	16	1	gfxPipeline	BeginOffscreen
004AA5A0	?EndOffscreen@gfxPipeline@@SAXXZ	16	1	gfxPipeline	EndOffscreen
004AA5B0	?FlushFrame@gfxPipeline@@SAXXZ	16	1	gfxPipeline	FlushFrame
004AA5C0	?RefreshFrame@gfxPipeline@@SAXXZ	400	1	gfxPipeline	RefreshFrame
004AA750	?EndGfx@gfxPipeline@@SAXXZ	16	1	gfxPipeline	EndGfx
004AA760	?EndGfx3D@gfxPipeline@@SAXXZ	640	1	gfxPipeline	EndGfx3D
004AA9E0	?EnumAllSurfCallback@@YGJPAUIDirectDrawSurface7@@PAUDDSURFACEDESC2@@PAX@Z	48	1		EnumAllSurfCallback
004AAA10	?EndGfx2D@gfxPipeline@@SAXXZ	224	1	gfxPipeline	EndGfx2D
004AAAF0	?Draw@gfxPipeline@@SAXW4gfxDrawMode@@IHABUgfxStridedData@@@Z	96	1	gfxPipeline	Draw
004AAB50	?Draw@gfxPipeline@@SAXW4gfxDrawMode@@IHPAX@Z	96	1	gfxPipeline	Draw
004AABB0	?DrawIdx@gfxPipeline@@SAXW4gfxDrawMode@@IHABUgfxStridedData@@IPAG@Z	112	1	gfxPipeline	DrawIdx
004AAC20	?DrawIdx@gfxPipeline@@SAXW4gfxDrawMode@@IHPAXIPAG@Z	112	1	gfxPipeline	DrawIdx
004AAC90	?CreateReadbackImage@gfxPipeline@@SAPAVgfxImage@@XZ	48	1	gfxPipeline	CreateReadbackImage
004AACC0	?Readback@gfxPipeline@@SAXPAVgfxImage@@HHHH@Z	256	1	gfxPipeline	Readback
004AADC0	?Clear@gfxPipeline@@SAXHIMI@Z	256	1	gfxPipeline	Clear
004AAEC0	?Blit2D@gfxPipeline@@SAXABVVector4@@PAGPAEHI@Z	768	1	gfxPipeline	Blit2D
004AB1C0	?BlitText@gfxPipeline@@SAXABVVector4@@PAGPAEHI@Z	768	1	gfxPipeline	BlitText
004AB4C0	?CopyBitmap@gfxPipeline@@SAXHHPAVgfxBitmap@@HHHH_N@Z	96	1	gfxPipeline	CopyBitmap
004AB520	?ClearRect@gfxPipeline@@SAXHHHHI@Z	80	1	gfxPipeline	ClearRect
004AB570	?SetRenderTarget@gfxPipeline@@SA_NPBVgfxTexture@@@Z	240	1	gfxPipeline	SetRenderTarget
004AB660	??0gfxVertexBuffer@@QAE@PAUIDirect3DVertexBuffer7@@@Z	48	1	gfxVertexBuffer	gfxVertexBuffer
004AB690	??0gfxVertexBuffer@@QAE@II@Z	80	1	gfxVertexBuffer	gfxVertexBuffer
004AB6E0	??1gfxVertexBuffer@@QAE@XZ	80	1	gfxVertexBuffer	~gfxVertexBuffer
004AB730	?RestoreAll@gfxVertexBuffer@@SAXXZ	208	1	gfxVertexBuffer	RestoreAll
004AB800	?KillAll@gfxVertexBuffer@@SAXXZ	48	1	gfxVertexBuffer	KillAll
004AB830	?CreateVertexBuffer@gfxPipeline@@SAPAUgfxVertexBuffer@@II_N@Z	288	1	gfxPipeline	CreateVertexBuffer
004AB950	?DestroyVertexBuffer@gfxPipeline@@SAXPAUgfxVertexBuffer@@@Z	32	1	gfxPipeline	DestroyVertexBuffer
004AB970	?DoLockVertexBuffer@gfxPipeline@@SAPAXPAUgfxVertexBuffer@@I@Z	80	1	gfxPipeline	DoLockVertexBuffer
004AB9C0	?DoUnlockVertexBuffer@gfxPipeline@@CAXPAUgfxVertexBuffer@@@Z	64	1	gfxPipeline	DoUnlockVertexBuffer
004ABA00	?OptimizeVertexBuffer@gfxPipeline@@CAXPAUgfxVertexBuffer@@@Z	80	1	gfxPipeline	OptimizeVertexBuffer
004ABA50	?DrawVB@gfxPipeline@@SAXW4gfxDrawMode@@IIPAUgfxVertexBuffer@@@Z	240	1	gfxPipeline	DrawVB
004ABB40	?DrawIdxVB@gfxPipeline@@SAXW4gfxDrawMode@@IIPAUgfxVertexBuffer@@IPAG@Z	272	1	gfxPipeline	DrawIdxVB
004ABC50	?PersistVertexBuffer@gfxPipeline@@SAXPAUgfxVertexBuffer@@@Z	176	1	gfxPipeline	PersistVertexBuffer
004ABD00	?gfxSaveSettings@@YA_NXZ	112	1		gfxSaveSettings
004ABD70	?gfxLoadSettings@@YA_NXZ	144	1		gfxLoadSettings
004ABE00	?gfxAutoDetect@@YA_NPA_N@Z	560	1		gfxAutoDetect
004AC030	AutoDetectCallback	928	1		AutoDetectCallback
004AC3D0	DeviceCallback	368	1		DeviceCallback
004AC540	gfxLoadVideoDatabse	432	1		gfxLoadVideoDatabse
004AC6F0	ResCallback	304	1		ResCallback
004AC820	?gfxSafeMode@@YAXXZ	80	1		gfxSafeMode
004AC870	?gfxApplySettings@@YAXXZ	64	1		gfxApplySettings
004AC8B0	?gfxDebugf@@YAXHPBDZZ	16	1		gfxDebugf
004AC8C0	?ilog2@@YAHH@Z	32	1		ilog2
004AC8E0	??0gfxTexture@@AAE@XZ	48	1	gfxTexture	gfxTexture
004AC910	??1gfxTexture@@AAE@XZ	160	1	gfxTexture	~gfxTexture
004AC9B0	?KillAll@gfxTexture@@SAXXZ	64	1	gfxTexture	KillAll
004AC9F0	?SetLODs@gfxTexture@@SAXXZ	32	1	gfxTexture	SetLODs
004ACA10	?MarkFirstUse@gfxTexture@@AAEXXZ	32	1	gfxTexture	MarkFirstUse
004ACA30	?MarkHigherUse@gfxTexture@@AAEXXZ	96	1	gfxTexture	MarkHigherUse
004ACA90	?Create@gfxTexture@@SAPAV1@HHW4gfxImageFormat@gfxImage@@0H@Z	1536	1	gfxTexture	Create
004AD090	?Create@gfxTexture@@SAPAV1@PAVgfxImage@@_N@Z	112	1	gfxTexture	Create
004AD100	?Load@gfxTexture@@QAEXPAVgfxImage@@@Z	1568	1	gfxTexture	Load
004AD720	?CreateFromTexture@gfxTexture@@QAEPAV1@PBDHHHH@Z	16	1	gfxTexture	CreateFromTexture
004AD730	?SetDefaultMIPMapEnv@gfxTexture@@SAXIM@Z	16	1	gfxTexture	SetDefaultMIPMapEnv
004AD740	?GetDefaultMIPMapEnv@gfxTexture@@SAXAAIAAM@Z	16	1	gfxTexture	GetDefaultMIPMapEnv
004AD750	?SetMIPMapEnv@gfxTexture@@QAEXIM@Z	16	1	gfxTexture	SetMIPMapEnv
004AD760	?GetMIPMapEnv@gfxTexture@@QAEXAAIAAM@Z	16	1	gfxTexture	GetMIPMapEnv
004AD770	?CalcMIPMapEnv@gfxTexture@@SAXHHAAG0@Z	16	1	gfxTexture	CalcMIPMapEnv
004AD780	?EnableTrilinearMipMaping@gfxTexture@@SAX_N@Z	16	1	gfxTexture	EnableTrilinearMipMaping
004AD790	?PreLoad@gfxTexture@@QAEXXZ	80	1	gfxTexture	PreLoad
004AD7E0	?MakeResident@gfxTexture@@QAEXXZ	64	1	gfxTexture	MakeResident
004AD820	?MakeUnresident@gfxTexture@@QAEXXZ	16	1	gfxTexture	MakeUnresident
004AD830	?MakeAllUnresident@gfxTexture@@SAXXZ	32	1	gfxTexture	MakeAllUnresident
004AD850	?EnableCache@gfxTexture@@SAX_N@Z	48	1	gfxTexture	EnableCache
004AD880	?InitCache@gfxTexture@@SAXXZ	592	1	gfxTexture	InitCache
004ADAD0	??0gfxTextureCacheEntry@@AAE@PAUIDirectDrawSurface7@@PAV0@@Z	48	1	gfxTextureCacheEntry	gfxTextureCacheEntry
004ADB00	?Evict@gfxTextureCacheEntry@@QAEXXZ	48	1	gfxTextureCacheEntry	Evict
004ADB30	?Lease@gfxTextureCacheEntry@@QAEXPAVgfxTexture@@@Z	64	1	gfxTextureCacheEntry	Lease
004ADB70	??1gfxTextureCacheEntry@@QAE@XZ	32	1	gfxTextureCacheEntry	~gfxTextureCacheEntry
004ADB90	??0gfxTextureCachePool@@QAE@PAV0@@Z	32	1	gfxTextureCachePool	gfxTextureCachePool
004ADBB0	??1gfxTextureCachePool@@QAE@XZ	48	1	gfxTextureCachePool	~gfxTextureCachePool
004ADBE0	?IsCompatibleWith@gfxTextureCachePool@@QAE_NPAVgfxTexture@@@Z	176	1	gfxTextureCachePool	IsCompatibleWith
004ADC90	?Init@gfxTextureCachePool@@QAEXPAVgfxTexture@@@Z	96	1	gfxTextureCachePool	Init
004ADCF0	?FindEntry@gfxTextureCachePool@@QAEXPAVgfxTexture@@@Z	64	1	gfxTextureCachePool	FindEntry
004ADD30	?AddSlot@gfxTextureCachePool@@QAE_NXZ	256	1	gfxTextureCachePool	AddSlot
004ADE30	?ShutdownCache@gfxTexture@@SAXXZ	160	1	gfxTexture	ShutdownCache
004ADED0	?FindEntry@gfxTexture@@QAEPAUIDirectDrawSurface7@@XZ	48	1	gfxTexture	FindEntry
004ADF00	?CreateRenderTarget@gfxTexture@@SAPAV1@HHII@Z	208	1	gfxTexture	CreateRenderTarget
004ADFD0	?CreateCubeMap@gfxTexture@@SAPAV1@HHQAPAV1@@Z	464	1	gfxTexture	CreateCubeMap
004AE1A0	?SetTexEnv@gfxTexture@@QAEXI@Z	16	1	gfxTexture	SetTexEnv
004AE1B0	?SetName@gfxTexture@@QAEXPBD@Z	48	1	gfxTexture	SetName
004AE1E0	?Blit@gfxTexture@@QAEXHHPAV1@HHHH@Z	112	1	gfxTexture	Blit
004AE250	?Clone@gfxTexture@@QAEPAV1@XZ	288	1	gfxTexture	Clone
004AE370	??0gfxBitmap@@AAE@HH@Z	64	1	gfxBitmap	gfxBitmap
004AE3B0	?SetName@gfxBitmap@@QAEXPBD@Z	48	1	gfxBitmap	SetName
004AE3E0	??1gfxBitmap@@AAE@XZ	96	1	gfxBitmap	~gfxBitmap
004AE440	?KillAll@gfxBitmap@@SAXXZ	64	1	gfxBitmap	KillAll
004AE480	?Create@gfxBitmap@@SAPAV1@PAVgfxImage@@_N@Z	80	1	gfxBitmap	Create
004AE4D0	?Create@gfxBitmap@@SAPAV1@HH_N@Z	176	1	gfxBitmap	Create
004AE580	?Clear@gfxBitmap@@QAEXI@Z	64	1	gfxBitmap	Clear
004AE5C0	?Load@gfxBitmap@@QAE_NPAVgfxImage@@@Z	768	1	gfxBitmap	Load
004AE8C0	??1gfxImage@@AAE@XZ	96	1	gfxImage	~gfxImage
004AE920	?Create@gfxImage@@SAPAV1@HHW4gfxImageFormat@1@0H@Z	272	1	gfxImage	Create
004AEA30	?GetFont@gfxImage@@SAPAV1@AAH0@Z	368	1	gfxImage	GetFont
004AEBA0	?Halve@gfxImage@@QAEXXZ	240	1	gfxImage	Halve
004AEC90	?GenerateMipmaps@gfxImage@@QAEXXZ	304	1	gfxImage	GenerateMipmaps
004AEDC0	?Scale@gfxImage@@QAEXHH@Z	992	1	gfxImage	Scale
004AF1A0	?Reformat@gfxImage@@QAEXW4gfxImageFormat@1@0@Z	304	1	gfxImage	Reformat
004AF2D0	?GetDominantColor@gfxImage@@QBEIXZ	416	1	gfxImage	GetDominantColor
004AF470	?Flip@gfxImage@@QAEXXZ	112	1	gfxImage	Flip
004AF4E0	?gfxSaveTargaImage@@YA_NPBDPAVgfxImage@@@Z	1040	1		gfxSaveTargaImage
004AF8F0	?gfxOpenRawBmpStream@@YAPAVStream@@PBDHH@Z	368	1		gfxOpenRawBmpStream
004AFA60	?gfxWriteRawBmpStream@@YAXPAVStream@@PAXH@Z	48	1		gfxWriteRawBmpStream
004AFA90	?gfxCloseRawBmpStream@@YAXPAVStream@@@Z	32	1		gfxCloseRawBmpStream
004AFAB0	?gfxSaveBmpImage@@YA_NPBDPAVgfxImage@@@Z	816	1		gfxSaveBmpImage
004AFDE0	?gfxLoadTargaImage@@YAPAVgfxImage@@PBD_N@Z	480	1		gfxLoadTargaImage
004AFFC0	?gfxLoadTexImage@@YAPAVgfxImage@@PBD_N@Z	181	1		gfxLoadTexImage
004B0075	LoadTEX_P8	484	1		LoadTEX_P8
004B0259	LoadTEX_PA8	486	1		LoadTEX_PA8
004B043F	LoadTEX_P8A8	238	1		LoadTEX_P8A8
004B052D	LoadTEX_P4	579	1		LoadTEX_P4
004B0770	LoadTEX_PA4	598	1		LoadTEX_PA4
004B09C6	LoadTEX_RGB888	104	1		LoadTEX_RGB888
004B0A2E	LoadTEX_RGBA8888	97	1		LoadTEX_RGBA8888
004B0A8F	LoadTEX_ARGB1555	97	1		LoadTEX_ARGB1555
004B0AF0	LoadTEX_Invalid	192	1		LoadTEX_Invalid
004B0BB0	texImage_CheckRes	32	1		texImage_CheckRes
004B0BD0	?gfxLoadRawImage@@YAPAVgfxImage@@PBD_N@Z	384	1		gfxLoadRawImage
004B0D50	?gfxLoadBmpImage@@YAPAVgfxImage@@PBD_N@Z	752	1		gfxLoadBmpImage
004B1040	?gfxLoadImageAll@@YAPAVgfxImage@@PBD_N@Z	80	1		gfxLoadImageAll
004B1090	?gfxDrawFont@@YAXABVVector4@@PBDABUgfxFontInfo@@@Z	304	1		gfxDrawFont
004B11C0	?gfxDrawFont@@YAXHHPBDABUgfxFontInfo@@@Z	64	1		gfxDrawFont
004B1200	?gfxCreateFont@@YAXXZ	96	1		gfxCreateFont
004B1260	?gfxFontGetWidth@@YAHXZ	16	1		gfxFontGetWidth
004B1270	?gfxFontGetHeight@@YAHXZ	16	1		gfxFontGetHeight
004B1280	?gfxDrawFont@@YAXHHPBD@Z	80	1		gfxDrawFont
004B12D0	?gfxReleaseFont@@YAXXZ	96	1		gfxReleaseFont
004B1330	?gfxComputeFontExtents@@YAXAAH0PBDABUgfxFontInfo@@@Z	112	1		gfxComputeFontExtents
004B13A0	??0gfxViewport@@AAE@XZ	256	1	gfxViewport	gfxViewport
004B14A0	?ResetWindow@gfxViewport@@QAEXXZ	32	1	gfxViewport	ResetWindow
004B14C0	?SetWindow@gfxViewport@@QAEXHHHHMM@Z	384	1	gfxViewport	SetWindow
004B1640	?Perspective@gfxViewport@@QAEXMMMM@Z	448	1	gfxViewport	Perspective
004B1800	?Ortho@gfxViewport@@QAEXMMMMMM@Z	208	1	gfxViewport	Ortho
004B18D0	?DoFlush@gfxViewport@@AAEXXZ	144	1	gfxViewport	DoFlush
004B1960	?Project@gfxViewport@@QAEXAAVVector4@@0@Z	80	1	gfxViewport	Project
004B19B0	?ComputeVFOV@gfxViewport@@QBEMM@Z	32	1	gfxViewport	ComputeVFOV
004B19D0	?IsSphereVisible@gfxViewport@@QBE?AW4gfxCullStatus@@MMMMPAM@Z	480	1	gfxViewport	IsSphereVisible
004B1BB0	?Reset@gfxMaterial@@QAEXXZ	80	1	gfxMaterial	Reset
004B1C00	?Reset@gfxLight@@QAEXXZ	112	1	gfxLight	Reset
004B1C70	?Init@gfxRenderState@@AAEXXZ	304	1	gfxRenderState	Init
004B1DA0	?Default@gfxRenderState@@QAEXXZ	944	1	gfxRenderState	Default
004B2150	?LerpRGBA@gfxRenderState@@QAEIIIM@Z	208	1	gfxRenderState	LerpRGBA
004B2220	?LightEnable@gfxRenderState@@QAEXH_N@Z	80	1	gfxRenderState	LightEnable
004B2270	?SetLight@gfxRenderState@@QAEXHPBUgfxLight@@@Z	96	1	gfxRenderState	SetLight
004B22D0	?DisableAllLights@gfxRenderState@@QAEXXZ	48	1	gfxRenderState	DisableAllLights
004B2300	?GetLight@gfxRenderState@@QAEXHPAUgfxLight@@@Z	48	1	gfxRenderState	GetLight
004B2330	?SetTexSource@gfxRenderState@@QAEXHH@Z	32	1	gfxRenderState	SetTexSource
004B2350	?SetBlendSet@gfxRenderState@@QAEXW4gfxBlendSet@@E@Z	672	1	gfxRenderState	SetBlendSet
004B25F0	?SetTexTransform@gfxRenderState@@QAEXHH_N@Z	48	1	gfxRenderState	SetTexTransform
004B2620	?SetTexMipmapBias@gfxRenderState@@QAEXHM@Z	32	1	gfxRenderState	SetTexMipmapBias
004B2640	?SetTexMatrix@gfxRenderState@@QAEXHABVMatrix44@@@Z	32	1	gfxRenderState	SetTexMatrix
004B2660	?SetBlendMatrix@gfxRenderState@@QAEXHABVMatrix44@@@Z	32	1	gfxRenderState	SetBlendMatrix
004B2680	?SetCard@gfxRenderState@@SAXABVVector3@@@Z	208	1	gfxRenderState	SetCard
004B2750	?SetCard@gfxRenderState@@SAXABVVector4@@@Z	208	1	gfxRenderState	SetCard
004B2820	?Regenerate@gfxRenderState@@CAXXZ	272	1	gfxRenderState	Regenerate
004B2930	j_nullsub_240	16	1		j_nullsub_240
004B2940	nullsub_240	16	1		nullsub_240
004B2950	j_nullsub_241	16	1		j_nullsub_241
004B2960	nullsub_241	16	1		nullsub_241
004B2970	?SetCamera@gfxRenderState@@SAXABVMatrix34@@@Z	176	1	gfxRenderState	SetCamera
004B2A20	?SetCamera@gfxRenderState@@SAXABVMatrix44@@@Z	96	1	gfxRenderState	SetCamera
004B2A80	?SetCameraFull@gfxRenderState@@SAXABVMatrix34@@@Z	208	1	gfxRenderState	SetCameraFull
004B2B50	?DoPerspective@gfxViewport@@SAXPAV1@@Z	400	1	gfxViewport	DoPerspective
004B2CE0	?StartFade@gfxPipeline@@SAXIM@Z	64	1	gfxPipeline	StartFade
004B2D20	?SetFade@gfxPipeline@@SAXI@Z	32	1	gfxPipeline	SetFade
004B2D40	?CopyClippedBitmap@gfxPipeline@@SA_NHHPAVgfxBitmap@@HHHH_N@Z	64	1	gfxPipeline	CopyClippedBitmap
004B2D80	?CopyClippedBitmap@gfxPipeline@@SA_NHHPAVgfxBitmap@@HHHHHHHH_N@Z	176	1	gfxPipeline	CopyClippedBitmap
004B2E30	?gfxFVFSize@@YAII@Z	80	1		gfxFVFSize
004B2E80	?gfxFVFOffset@@YAIII@Z	96	1		gfxFVFOffset
004B2EE0	?ForceSetViewport@gfxPipeline@@CAXPAVgfxViewport@@@Z	320	1	gfxPipeline	ForceSetViewport
004B3020	?gfxSetTexReduceSize@@YAHH@Z	32	1		gfxSetTexReduceSize
004B3040	?gfxDefaultPrepareImage@@YAPAVgfxImage@@PAV1@PBD_N@Z	96	1		gfxDefaultPrepareImage
004B30A0	?gfxAnnotateImage@@YAXPAVgfxImage@@PBD@Z	80	1		gfxAnnotateImage
004B30F0	?gfxGetTexture@@YAPAVgfxTexture@@PBD_N@Z	224	1		gfxGetTexture
004B31D0	?gfxFreeTexture@@YAXPAVgfxTexture@@@Z	64	1		gfxFreeTexture
004B3210	?gfxGetBitmap@@YAPAVgfxBitmap@@PBD_N1@Z	192	1		gfxGetBitmap
004B32D0	?gfxFreeBitmap@@YAXPAVgfxBitmap@@@Z	64	1		gfxFreeBitmap
004B3310	?ForceCPV@gfxPacket@@SAXI@Z	16	1	gfxPacket	ForceCPV
004B3320	?BeginRef@gfxPacket@@SAXXZ	16	1	gfxPacket	BeginRef
004B3330	?BeginProp@gfxPacket@@SAXXZ	16	1	gfxPacket	BeginProp
004B3340	?Draw@gfxPacket@@QBEXI@Z	352	1	gfxPacket	Draw
004B34A0	j_nullsub_242	16	1		j_nullsub_242
004B34B0	nullsub_242	16	1		nullsub_242
004B34C0	j_nullsub_243	16	1		j_nullsub_243
004B34D0	nullsub_243	16	1		nullsub_243
004B34E0	?Draw@gfxPacket@@QBEXPBVMatrix44@@I@Z	960	1	gfxPacket	Draw
004B38A0	??0gfxPacket@@QAE@IIIPBEIPBGIPAVgfxReskin@@IE00_N@Z	832	1	gfxPacket	gfxPacket
004B3BE0	?GetSkinnedVert@gfxPacket@@QBEXPBVMatrix34@@AAVVector3@@H@Z	48	1	gfxPacket	GetSkinnedVert
004B3C10	?GetPosition@gfxPacket@@QBEXAAVVector3@@H@Z	96	1	gfxPacket	GetPosition
004B3C70	?SetPosition@gfxPacket@@QBEXABVVector3@@H@Z	128	1	gfxPacket	SetPosition
004B3CF0	?GetNormal@gfxPacket@@QBEXAAVVector3@@H@Z	160	1	gfxPacket	GetNormal
004B3D90	?SetNormal@gfxPacket@@QBEXABVVector3@@H@Z	144	1	gfxPacket	SetNormal
004B3E20	?GetTexCoord@gfxPacket@@QBEXAAVVector2@@H@Z	160	1	gfxPacket	GetTexCoord
004B3EC0	?GetTri@gfxPacket@@QBEXQAHH@Z	64	1	gfxPacket	GetTri
004B3F00	?SetPacking@gfxPacket@@SAXMEEEME@Z	64	1	gfxPacket	SetPacking
004B3F40	?SetDefaultPacking@gfxPacket@@SAXXZ	32	1	gfxPacket	SetDefaultPacking
004B3F60	?AutoSetPacking@gfxPacket@@SAXIIPBE@Z	400	1	gfxPacket	AutoSetPacking
004B40F0	?Clone@gfxPacket@@QBEPAV1@XZ	128	1	gfxPacket	Clone
004B4170	??0gfxPacket@@QAE@PBV0@@Z	240	1	gfxPacket	gfxPacket
004B4260	?CopyFrom@gfxPacket@@QAEXPBV1@@Z	384	1	gfxPacket	CopyFrom
004B43E0	?AllocateVertexBuffer@gfxPacket@@IAEXXZ	400	1	gfxPacket	AllocateVertexBuffer
004B4570	?ReserveVertexBuffer@gfxPacket@@SAXII@Z	96	1	gfxPacket	ReserveVertexBuffer
004B45D0	?Persist@gfxPacket@@KAPAEPAUIDirect3DVertexBuffer7@@IPAXI@Z	112	1	gfxPacket	Persist
004B4640	?FreeAllVertexBuffers@gfxPacket@@SAXXZ	80	1	gfxPacket	FreeAllVertexBuffers
004B4690	?RestoreAllVertexBuffers@gfxPacket@@SAXXZ	144	1	gfxPacket	RestoreAllVertexBuffers
004B4720	?DoLock@gfxPacket@@IAEXXZ	32	1	gfxPacket	DoLock
004B4740	?DoUnlock@gfxPacket@@IAEXXZ	32	1	gfxPacket	DoUnlock
004B4760	?OrthoMap@gfxPacket@@QAEXM@Z	256	1	gfxPacket	OrthoMap
004B4860	?MakeList@gfxPacket@@SAPAVgfxPacketList@@PAV1@@Z	16	1	gfxPacket	MakeList
004B4870	?DrawList@gfxPacket@@SAXPBVgfxPacketList@@@Z	112	1	gfxPacket	DrawList
004B48E0	?gfxGetTextureMovie@@YAPAVgfxTextureMovie@@AAPAVgfxTexture@@PBD_N@Z	528	1		gfxGetTextureMovie
004B4AF0	?UpdateAll@gfxTextureMovie@@SAXM@Z	48	1	gfxTextureMovie	UpdateAll
004B4B20	?KillAll@gfxTextureMovie@@SAXXZ	16	1	gfxTextureMovie	KillAll
004B4B30	?Update@gfxTextureMovie@@QAEXM@Z	112	1	gfxTextureMovie	Update
004B4BA0	??0gfxTextureMovie@@AAE@PBDH@Z	96	1	gfxTextureMovie	gfxTextureMovie
004B4C00	?AddClient@gfxTextureMovie@@QAEXPAPAVgfxTexture@@@Z	64	1	gfxTextureMovie	AddClient
004B4C40	?DoFlush@gfxRenderState@@QAEXPAVgfxRenderStateData@@@Z	1888	1	gfxRenderState	DoFlush
004B53A0	?BeginInternal@gfxPipeline@@SAXXZ	32	1	gfxPipeline	BeginInternal
004B53C0	?EndInternal@gfxPipeline@@SAXXZ	96	1	gfxPipeline	EndInternal
004B5420	j_nullsub_244	16	1		j_nullsub_244
004B5430	nullsub_244	16	1		nullsub_244
004B5440	?Render@gfxPipeline@@SAXW4gfxDrawMode@@IIPAX@Z	112	1	gfxPipeline	Render
004B54B0	?RenderIdx@gfxPipeline@@SAXW4gfxDrawMode@@IIPAXIPAG@Z	8064	1	gfxPipeline	RenderIdx
004B7430	nullsub_281	96	1		nullsub_281
004B7490	nullsub_21	9248	1		nullsub_21
004B98B0	?GetInfo@AgeDevice@@UAGJKPAXK@Z	32	1	AgeDevice	GetInfo
004B98D0	?GetClipPlane@AgeDevice@@UAGJKPAM@Z	32	1	AgeDevice	GetClipPlane
004B98F0	?SetClipPlane@AgeDevice@@UAGJKPAM@Z	32	1	AgeDevice	SetClipPlane
004B9910	?GetLightEnable@AgeDevice@@UAGJKPAH@Z	32	1	AgeDevice	GetLightEnable
004B9930	?LightEnable@AgeDevice@@UAGJKH@Z	32	1	AgeDevice	LightEnable
004B9950	?Load@AgeDevice@@UAGJPAUIDirectDrawSurface7@@PAUtagPOINT@@0PAUtagRECT@@K@Z	96	1	AgeDevice	Load
004B99B0	?CreateStateBlock@AgeDevice@@UAGJW4_D3DSTATEBLOCKTYPE@@PAK@Z	32	1	AgeDevice	CreateStateBlock
004B99D0	?DeleteStateBlock@AgeDevice@@UAGJK@Z	32	1	AgeDevice	DeleteStateBlock
004B99F0	?CaptureStateBlock@AgeDevice@@UAGJK@Z	32	1	AgeDevice	CaptureStateBlock
004B9A10	?ApplyStateBlock@AgeDevice@@UAGJK@Z	32	1	AgeDevice	ApplyStateBlock
004B9A30	?ValidateDevice@AgeDevice@@UAGJPAK@Z	32	1	AgeDevice	ValidateDevice
004B9A50	?SetTextureStageState@AgeDevice@@UAGJKW4_D3DTEXTURESTAGESTATETYPE@@K@Z	448	1	AgeDevice	SetTextureStageState
004B9C10	nullsub_22	128	1		nullsub_22
004B9C90	?GetTextureStageState@AgeDevice@@UAGJKW4_D3DTEXTURESTAGESTATETYPE@@PAK@Z	32	1	AgeDevice	GetTextureStageState
004B9CB0	?SetTexture@AgeDevice@@UAGJKPAUIDirectDrawSurface7@@@Z	160	1	AgeDevice	SetTexture
004B9D50	?GetTexture@AgeDevice@@UAGJKPAPAUIDirectDrawSurface7@@@Z	32	1	AgeDevice	GetTexture
004B9D70	?ComputeSphereVisibility@AgeDevice@@UAGJPAU_D3DVECTOR@@PAMKKPAK@Z	32	1	AgeDevice	ComputeSphereVisibility
004B9D90	?DrawIndexedPrimitiveVB@AgeDevice@@UAGJW4_D3DPRIMITIVETYPE@@PAUIDirect3DVertexBuffer7@@KKPAGKK@Z	32	1	AgeDevice	DrawIndexedPrimitiveVB
004B9DB0	?DrawPrimitiveVB@AgeDevice@@UAGJW4_D3DPRIMITIVETYPE@@PAUIDirect3DVertexBuffer7@@KKK@Z	32	1	AgeDevice	DrawPrimitiveVB
004B9DD0	?DrawIndexedPrimitiveStrided@AgeDevice@@UAGJW4_D3DPRIMITIVETYPE@@KPAU_D3DDRAWPRIMITIVESTRIDEDDATA@@KPAGKK@Z	32	1	AgeDevice	DrawIndexedPrimitiveStrided
004B9DF0	?DrawPrimitiveStrided@AgeDevice@@UAGJW4_D3DPRIMITIVETYPE@@KPAU_D3DDRAWPRIMITIVESTRIDEDDATA@@KK@Z	32	1	AgeDevice	DrawPrimitiveStrided
004B9E10	?GetClipStatus@AgeDevice@@UAGJPAU_D3DCLIPSTATUS@@@Z	32	1	AgeDevice	GetClipStatus
004B9E30	?SetClipStatus@AgeDevice@@UAGJPAU_D3DCLIPSTATUS@@@Z	32	1	AgeDevice	SetClipStatus
004B9E50	?DrawIndexedPrimitive@AgeDevice@@UAGJW4_D3DPRIMITIVETYPE@@KPAXKPAGKK@Z	416	1	AgeDevice	DrawIndexedPrimitive
004B9FF0	?DrawPrimitive@AgeDevice@@UAGJW4_D3DPRIMITIVETYPE@@KPAXKK@Z	256	1	AgeDevice	DrawPrimitive
004BA0F0	?PreLoad@AgeDevice@@UAGJPAUIDirectDrawSurface7@@@Z	32	1	AgeDevice	PreLoad
004BA110	?EndStateBlock@AgeDevice@@UAGJPAK@Z	32	1	AgeDevice	EndStateBlock
004BA130	?BeginStateBlock@AgeDevice@@UAGJXZ	32	1	AgeDevice	BeginStateBlock
004BA150	?GetRenderState@AgeDevice@@UAGJW4_D3DRENDERSTATETYPE@@PAK@Z	32	1	AgeDevice	GetRenderState
004BA170	?SetRenderState@AgeDevice@@UAGJW4_D3DRENDERSTATETYPE@@K@Z	32	1	AgeDevice	SetRenderState
004BA190	?GetLight@AgeDevice@@UAGJKPAU_D3DLIGHT7@@@Z	48	1	AgeDevice	GetLight
004BA1C0	?SetLight@AgeDevice@@UAGJKPAU_D3DLIGHT7@@@Z	48	1	AgeDevice	SetLight
004BA1F0	?GetMaterial@AgeDevice@@UAGJPAU_D3DMATERIAL7@@@Z	32	1	AgeDevice	GetMaterial
004BA210	?SetMaterial@AgeDevice@@UAGJPAU_D3DMATERIAL7@@@Z	32	1	AgeDevice	SetMaterial
004BA230	?GetViewport@AgeDevice@@UAGJPAU_D3DVIEWPORT7@@@Z	32	1	AgeDevice	GetViewport
004BA250	?MultiplyTransform@AgeDevice@@UAGJW4_D3DTRANSFORMSTATETYPE@@PAU_D3DMATRIX@@@Z	32	1	AgeDevice	MultiplyTransform
004BA270	?SetViewport@AgeDevice@@UAGJPAU_D3DVIEWPORT7@@@Z	16	1	AgeDevice	SetViewport
004BA280	?GetTransform@AgeDevice@@UAGJW4_D3DTRANSFORMSTATETYPE@@PAU_D3DMATRIX@@@Z	32	1	AgeDevice	GetTransform
004BA2A0	?SetTransform@AgeDevice@@UAGJW4_D3DTRANSFORMSTATETYPE@@PAU_D3DMATRIX@@@Z	16	1	AgeDevice	SetTransform
004BA2B0	?Clear@AgeDevice@@UAGJKPAU_D3DRECT@@KKMK@Z	192	1	AgeDevice	Clear
004BA370	?GetRenderTarget@AgeDevice@@UAGJPAPAUIDirectDrawSurface7@@@Z	32	1	AgeDevice	GetRenderTarget
004BA390	?SetRenderTarget@AgeDevice@@UAGJPAUIDirectDrawSurface7@@K@Z	448	1	AgeDevice	SetRenderTarget
004BA550	?GetDirect3D@AgeDevice@@UAGJPAPAUIDirect3D7@@@Z	32	1	AgeDevice	GetDirect3D
004BA570	?EndScene@AgeDevice@@UAGJXZ	32	1	AgeDevice	EndScene
004BA590	?BeginScene@AgeDevice@@UAGJXZ	112	1	AgeDevice	BeginScene
004BA600	?EnumTextureFormats@AgeDevice@@UAGJP6GJPAU_DDPIXELFORMAT@@PAX@Z1@Z	48	1	AgeDevice	EnumTextureFormats
004BA630	?GetCaps@AgeDevice@@UAGJPAU_D3DDeviceDesc7@@@Z	96	1	AgeDevice	GetCaps
004BA690	?Release@AgeDevice@@UAGKXZ	48	1	AgeDevice	Release
004BA6C0	?AddRef@AgeDevice@@UAGKXZ	16	1	AgeDevice	AddRef
004BA6D0	?QueryInterface@AgeDevice@@UAGJABU_GUID@@PAPAX@Z	32	1	AgeDevice	QueryInterface
004BA6F0	?Initialize@AgeDevice@@UAGJPAUIDirectDrawSurface7@@@Z	416	1	AgeDevice	Initialize
004BA890	_CreateAgeDevice	32	1		_CreateAgeDevice
004BA8B0	?Begin@ioInput@@SAX_N@Z	48	1	ioInput	Begin
004BA8E0	?End@ioInput@@SAXXZ	32	1	ioInput	End
004BA900	?Poll@ioInput@@SAXXZ	16	1	ioInput	Poll
004BA910	?Update@ioInput@@SAXXZ	32	1	ioInput	Update
004BA930	?Pop@ioEventQueue@@SA_NAAUioEvent@@@Z	80	1	ioEventQueue	Pop
004BA980	?Peek@ioEventQueue@@SA_NAAUioEvent@@AAH@Z	80	1	ioEventQueue	Peek
004BA9D0	?Queue@ioEventQueue@@SAXW4ioEventType@ioEvent@@HHH@Z	128	1	ioEventQueue	Queue
004BAA50	?Command@ioEventQueue@@SAXPAX@Z	32	1	ioEventQueue	Command
004BAA70	?Begin@ioKeyboard@@SAX_N@Z	240	1	ioKeyboard	Begin
004BAB60	?End@ioKeyboard@@SAXXZ	64	1	ioKeyboard	End
004BABA0	?Update@ioKeyboard@@SAXXZ	128	1	ioKeyboard	Update
004BAC20	?GetBufferedInput@ioKeyboard@@SAHPADH@Z	176	1	ioKeyboard	GetBufferedInput
004BACD0	??0winDispatchable@@QAE@I@Z	48	1	winDispatchable	winDispatchable
004BAD00	??1winDispatchable@@UAE@XZ	32	1	winDispatchable	~winDispatchable
004BAD20	?InputWindowProc@@YGJPAUHWND__@@IIJ@Z	495	1		InputWindowProc
004BAF0F	glb_4BAF0F	89	1		glb_4BAF0F
004BAF68	glb_4BAF68	85	1		glb_4BAF68
004BAFBD	glb_4BAFBD	70	1		glb_4BAFBD
004BB003	glb_4BB003	87	1		glb_4BB003
004BB05A	glb_4BB05A	214	1		glb_4BB05A
004BB130	KeyCodeToEventCode	48	1		KeyCodeToEventCode
004BB160	SetWindowFocus	32	1		SetWindowFocus
004BB180	ReleaseWindowFocus	32	1		ReleaseWindowFocus
004BB1A0	?diInit@@YAXXZ	80	1		diInit
004BB1F0	??_GwinDispatchable@@UAEPAXI@Z	48	1	winDispatchable	`scalar deleting destructor'
004BB220	?Begin@ioMouse@@SAX_N@Z	320	1	ioMouse	Begin
004BB360	?End@ioMouse@@SAXXZ	64	1	ioMouse	End
004BB3A0	?Update@ioMouse@@SAXXZ	320	1	ioMouse	Update
004BB4E0	?Begin@ioPad@@AAEXH@Z	64	1	ioPad	Begin
004BB520	?End@ioPad@@AAEXXZ	16	1	ioPad	End
004BB530	?Update@ioPad@@AAEXXZ	480	1	ioPad	Update
004BB710	?AddDeadZone@@YAMMM@Z	80	1		AddDeadZone
004BB760	?BeginAll@ioPad@@SAXXZ	32	1	ioPad	BeginAll
004BB780	?EndAll@ioPad@@SAXXZ	32	1	ioPad	EndAll
004BB7A0	?UpdateAll@ioPad@@SAXXZ	32	1	ioPad	UpdateAll
004BB7C0	??0ioPad@@QAE@XZ	32	1	ioPad	ioPad
004BB7E0	??1ioPad@@QAE@XZ	16	1	ioPad	~ioPad
004BB7F0	?EnumDeviceProc@ioJoystick@@CGHPBUDIDEVICEINSTANCEA@@PAX@Z	528	1	ioJoystick	EnumDeviceProc
004BBA00	?BeginAll@ioJoystick@@SAXXZ	80	1	ioJoystick	BeginAll
004BBA50	?PollAll@ioJoystick@@SAXXZ	48	1	ioJoystick	PollAll
004BBA80	?UpdateAll@ioJoystick@@SAXXZ	48	1	ioJoystick	UpdateAll
004BBAB0	?EndAll@ioJoystick@@SAXXZ	48	1	ioJoystick	EndAll
004BBAE0	?EnumObjectProc@ioJoystick@@CGHPBUDIDEVICEOBJECTINSTANCEA@@PAX@Z	16	1	ioJoystick	EnumObjectProc
004BBAF0	?Begin@ioJoystick@@AAEXXZ	352	1	ioJoystick	Begin
004BBC50	?Poll@ioJoystick@@AAEXXZ	16	1	ioJoystick	Poll
004BBC60	?Update@ioJoystick@@AAEXXZ	192	1	ioJoystick	Update
004BBD20	?End@ioJoystick@@AAEXXZ	48	1	ioJoystick	End
004BBD50	?DisableGlobalSeed@@YAXXZ	48	1		DisableGlobalSeed
004BBD80	?EnableGlobalSeed@@YAXXZ	48	1		EnableGlobalSeed
004BBDB0	?ResetRandomSeed@@YAXXZ	16	1		ResetRandomSeed
004BBDC0	?irand@@YAHH@Z	48	1		irand
004BBDF0	?irand@@YAHXZ	64	1		irand
004BBE30	?frand@@YAMXZ	32	1		frand
004BBE50	?frand@@YAMH@Z	32	1		frand
004BBE70	_rand	176	1		_rand
004BBF20	?Identity@Matrix34@@QAEXXZ	48	1	Matrix34	Identity
004BBF50	?Identity3x3@Matrix34@@QAEXXZ	48	1	Matrix34	Identity3x3
004BBF80	?Zero@Matrix34@@QAEXXZ	48	1	Matrix34	Zero
004BBFB0	?Set@Matrix34@@QAEXABV1@@Z	80	1	Matrix34	Set
004BC000	?Add@Matrix34@@QAEXABV1@@Z	128	1	Matrix34	Add
004BC080	?Add@Matrix34@@QAEXABV1@0@Z	128	1	Matrix34	Add
004BC100	?Add3x3@Matrix34@@QAEXABV1@@Z	96	1	Matrix34	Add3x3
004BC160	?Add3x3@Matrix34@@QAEXABV1@0@Z	96	1	Matrix34	Add3x3
004BC1C0	?Subtract@Matrix34@@QAEXABV1@@Z	128	1	Matrix34	Subtract
004BC240	?Subtract@Matrix34@@QAEXABV1@0@Z	128	1	Matrix34	Subtract
004BC2C0	?Subtract3x3@Matrix34@@QAEXABV1@@Z	96	1	Matrix34	Subtract3x3
004BC320	?Subtract3x3@Matrix34@@QAEXABV1@0@Z	96	1	Matrix34	Subtract3x3
004BC380	?AddScaled@Matrix34@@QAEXABV1@M@Z	128	1	Matrix34	AddScaled
004BC400	?Dot@Matrix34@@QAEXABV1@@Z	384	1	Matrix34	Dot
004BC580	?Dot@Matrix34@@QAEXABV1@0@Z	320	1	Matrix34	Dot
004BC6C0	?DotTranspose@Matrix34@@QAEXABV1@@Z	368	1	Matrix34	DotTranspose
004BC830	?DotTranspose@Matrix34@@QAEXABV1@0@Z	320	1	Matrix34	DotTranspose
004BC970	?Dot3x3@Matrix34@@QAEXABV1@@Z	288	1	Matrix34	Dot3x3
004BCA90	?Dot3x3@Matrix34@@QAEXABV1@0@Z	240	1	Matrix34	Dot3x3
004BCB80	?Dot3x3Transpose@Matrix34@@QAEXABV1@@Z	256	1	Matrix34	Dot3x3Transpose
004BCC80	?Dot3x3Transpose@Matrix34@@QAEXABV1@0@Z	240	1	Matrix34	Dot3x3Transpose
004BCD70	?Rotate@Matrix34@@QAEXABVVector3@@M@Z	48	1	Matrix34	Rotate
004BCDA0	?RotateX@Matrix34@@QAEXM@Z	48	1	Matrix34	RotateX
004BCDD0	?RotateY@Matrix34@@QAEXM@Z	48	1	Matrix34	RotateY
004BCE00	?RotateZ@Matrix34@@QAEXM@Z	48	1	Matrix34	RotateZ
004BCE30	?RotateUnitAxis@Matrix34@@QAEXABVVector3@@M@Z	48	1	Matrix34	RotateUnitAxis
004BCE60	?RotateFull@Matrix34@@QAEXABVVector3@@M@Z	64	1	Matrix34	RotateFull
004BCEA0	?RotateFullX@Matrix34@@QAEXM@Z	64	1	Matrix34	RotateFullX
004BCEE0	?RotateFullY@Matrix34@@QAEXM@Z	64	1	Matrix34	RotateFullY
004BCF20	?RotateFullZ@Matrix34@@QAEXM@Z	64	1	Matrix34	RotateFullZ
004BCF60	?RotateFullUnitAxis@Matrix34@@QAEXABVVector3@@M@Z	64	1	Matrix34	RotateFullUnitAxis
004BCFA0	?MakeRotate@Matrix34@@QAEXABVVector3@@M@Z	352	1	Matrix34	MakeRotate
004BD100	?MakeRotateX@Matrix34@@QAEXM@Z	64	1	Matrix34	MakeRotateX
004BD140	?MakeRotateY@Matrix34@@QAEXM@Z	64	1	Matrix34	MakeRotateY
004BD180	?MakeRotateZ@Matrix34@@QAEXM@Z	64	1	Matrix34	MakeRotateZ
004BD1C0	?MakeRotateUnitAxis@Matrix34@@QAEXABVVector3@@M@Z	208	1	Matrix34	MakeRotateUnitAxis
004BD290	?RotateTo@Matrix34@@QAEXABVVector3@@0@Z	240	1	Matrix34	RotateTo
004BD380	?RotateTo@Matrix34@@QAEXABVVector3@@0M@Z	256	1	Matrix34	RotateTo
004BD480	?GetEulers@Matrix34@@QBE?AVVector3@@PBD@Z	576	1	Matrix34	GetEulers
004BD6C0	?GetEulers@Matrix34@@QBE?AVVector3@@XZ	80	1	Matrix34	GetEulers
004BD710	?FromEulers@Matrix34@@QAEXABVVector3@@PAD@Z	256	1	Matrix34	FromEulers
004BD810	?FromEulersXYZ@Matrix34@@QAEXABVVector3@@@Z	272	1	Matrix34	FromEulersXYZ
004BD920	?FromEulersXZY@Matrix34@@QAEXABVVector3@@@Z	272	1	Matrix34	FromEulersXZY
004BDA30	?FromEulersYXZ@Matrix34@@QAEXABVVector3@@@Z	288	1	Matrix34	FromEulersYXZ
004BDB50	?FromEulersYZX@Matrix34@@QAEXABVVector3@@@Z	272	1	Matrix34	FromEulersYZX
004BDC60	?FromEulersZXY@Matrix34@@QAEXABVVector3@@@Z	272	1	Matrix34	FromEulersZXY
004BDD70	?FromEulersZYX@Matrix34@@QAEXABVVector3@@@Z	272	1	Matrix34	FromEulersZYX
004BDE80	?FromQuaternion@Matrix34@@QAEXABVQuaternion@@@Z	192	1	Matrix34	FromQuaternion
004BDF40	?ToEulers@Matrix34@@QBEXAAVVector3@@PAD@Z	256	1	Matrix34	ToEulers
004BE040	?ToEulersXYZ@Matrix34@@QBEXAAVVector3@@@Z	208	1	Matrix34	ToEulersXYZ
004BE110	?ToEulersXZY@Matrix34@@QBEXAAVVector3@@@Z	192	1	Matrix34	ToEulersXZY
004BE1D0	?ToEulersYXZ@Matrix34@@QBEXAAVVector3@@@Z	208	1	Matrix34	ToEulersYXZ
004BE2A0	?ToEulersYZX@Matrix34@@QBEXAAVVector3@@@Z	192	1	Matrix34	ToEulersYZX
004BE360	?ToEulersZXY@Matrix34@@QBEXAAVVector3@@@Z	208	1	Matrix34	ToEulersZXY
004BE430	?ToEulersZYX@Matrix34@@QBEXAAVVector3@@@Z	208	1	Matrix34	ToEulersZYX
004BE500	?Scale@Matrix34@@QAEXM@Z	96	1	Matrix34	Scale
004BE560	?Scale@Matrix34@@QAEXMMM@Z	96	1	Matrix34	Scale
004BE5C0	?ScaleFull@Matrix34@@QAEXM@Z	128	1	Matrix34	ScaleFull
004BE640	?ScaleFull@Matrix34@@QAEXMMM@Z	128	1	Matrix34	ScaleFull
004BE6C0	?MakeScale@Matrix34@@QAEXM@Z	48	1	Matrix34	MakeScale
004BE6F0	?MakeScale@Matrix34@@QAEXMMM@Z	48	1	Matrix34	MakeScale
004BE720	?Inverse@Matrix34@@QAEXXZ	368	1	Matrix34	Inverse
004BE890	?Inverse@Matrix34@@QAEXABV1@@Z	32	1	Matrix34	Inverse
004BE8B0	?FastInverse@Matrix34@@QAEXXZ	48	1	Matrix34	FastInverse
004BE8E0	?FastInverse@Matrix34@@QAEXABV1@@Z	176	1	Matrix34	FastInverse
004BE990	?Transpose@Matrix34@@QAEXXZ	48	1	Matrix34	Transpose
004BE9C0	?Transpose@Matrix34@@QAEXABV1@@Z	64	1	Matrix34	Transpose
004BEA00	?Transpose3x4@Matrix34@@QAEXXZ	128	1	Matrix34	Transpose3x4
004BEA80	?Transpose3x4@Matrix34@@QAEXABV1@@Z	160	1	Matrix34	Transpose3x4
004BEB20	?LookAt@Matrix34@@QAEXABVVector3@@0@Z	304	1	Matrix34	LookAt
004BEC50	?PolarView@Matrix34@@QAEXMMMM@Z	80	1	Matrix34	PolarView
004BECA0	?GetPolar@Matrix34@@QBEXPAVVector4@@PAVVector3@@M@Z	64	1	Matrix34	GetPolar
004BECE0	?GetLookAt@Matrix34@@QBEXPAVVector3@@0M@Z	80	1	Matrix34	GetLookAt
004BED30	?Dot3x3CrossProdMtx@Matrix34@@QAEXABVVector3@@@Z	176	1	Matrix34	Dot3x3CrossProdMtx
004BEDE0	?Dot3x3CrossProdTranspose@Matrix34@@QAEXABVVector3@@@Z	176	1	Matrix34	Dot3x3CrossProdTranspose
004BEE90	?Normalize@Matrix34@@QAEXXZ	384	1	Matrix34	Normalize
004BF010	?Determinant3x3@Matrix34@@QBEMXZ	112	1	Matrix34	Determinant3x3
004BF080	?Interpolate@Matrix34@@QAEXABV1@0M@Z	208	1	Matrix34	Interpolate
004BF150	?Print@Matrix34@@QBEXPBD@Z	160	1	Matrix34	Print
004BF1F0	?SolveSVD@Matrix34@@QBE?AVVector3@@ABV2@@Z	2928	1	Matrix34	SolveSVD
004BFD60	?Transform4@Matrix34@@QBEXPBVVector3@@PAVVector4@@H@Z	336	1	Matrix34	Transform4
004BFEB0	?Print@Vector3@@QBEXXZ	48	1	Vector3	Print
004BFEE0	?Print@Vector3@@QBEXPBD@Z	64	1	Vector3	Print
004BFF20	?Approach@Vector3@@QAE_NABV1@MM@Z	256	1	Vector3	Approach
004C0020	?RotateAboutAxis@Vector3@@QAEXMH@Z	160	1	Vector3	RotateAboutAxis
004C00C0	?GetVector2@Vector3@@QBEXHAAVVector2@@@Z	160	1	Vector3	GetVector2
004C0160	?RGBtoHSV@Vector3@@QAEXXZ	272	1	Vector3	RGBtoHSV
004C0270	?HSVtoRGB@Vector3@@QAEXXZ	288	1	Vector3	HSVtoRGB
004C0390	?RotateX@Vector3@@QAEXM@Z	64	1	Vector3	RotateX
004C03D0	?RotateY@Vector3@@QAEXM@Z	48	1	Vector3	RotateY
004C0400	?RotateZ@Vector3@@QAEXM@Z	48	1	Vector3	RotateZ
004C0430	?Angle@Vector3@@QBEMABV1@@Z	208	1	Vector3	Angle
004C0500	?FastAngle@Vector3@@QBEMABV1@@Z	48	1	Vector3	FastAngle
004C0530	?GetPolar@Vector3@@QBEXABV1@PAVVector4@@PAV1@@Z	160	1	Vector3	GetPolar
004C05D0	?Extend@Vector3@@QAEXM@Z	80	1	Vector3	Extend
004C0620	?Extend@Vector3@@QAEXABV1@M@Z	272	1	Vector3	Extend
004C0730	?Identity@Matrix44@@QAEXXZ	64	1	Matrix44	Identity
004C0770	?Zero@Matrix44@@QAEXXZ	64	1	Matrix44	Zero
004C07B0	?Set@Matrix44@@QAEXABV1@@Z	112	1	Matrix44	Set
004C0820	?Bezier@Matrix44@@QAEXXZ	80	1	Matrix44	Bezier
004C0870	?Hermite@Matrix44@@QAEXXZ	80	1	Matrix44	Hermite
004C08C0	?CatmullRom@Matrix44@@QAEXXZ	96	1	Matrix44	CatmullRom
004C0920	?Transpose@Matrix44@@QAEXXZ	80	1	Matrix44	Transpose
004C0970	?FromMatrix34@Matrix44@@QAEXABVMatrix34@@@Z	112	1	Matrix44	FromMatrix34
004C09E0	?ToMatrix34@Matrix44@@QBEXAAVMatrix34@@@Z	80	1	Matrix44	ToMatrix34
004C0A30	?Add@Matrix44@@QAEXABV1@@Z	160	1	Matrix44	Add
004C0AD0	?Add@Matrix44@@QAEXABV1@0@Z	160	1	Matrix44	Add
004C0B70	?Subtract@Matrix44@@QAEXABV1@@Z	160	1	Matrix44	Subtract
004C0C10	?Subtract@Matrix44@@QAEXABV1@0@Z	160	1	Matrix44	Subtract
004C0CB0	?AddScaled@Matrix44@@QAEXABV1@M@Z	160	1	Matrix44	AddScaled
004C0D50	?Dot@Matrix44@@QAEAAV1@ABV1@@Z	624	1	Matrix44	Dot
004C0FC0	?Dot@Matrix44@@QAEAAV1@ABV1@0@Z	432	1	Matrix44	Dot
004C1170	?Dot@Vector4@@QAEAAV1@ABV1@ABVMatrix44@@@Z	144	1	Vector4	Dot
004C1200	?Dot3x3@Vector4@@QAEAAV1@ABV1@ABVMatrix44@@@Z	96	1	Vector4	Dot3x3
004C1260	?FastInverse@Matrix44@@QAEXABV1@@Z	192	1	Matrix44	FastInverse
004C1320	?Determinant@Matrix44@@QBEMXZ	496	1	Matrix44	Determinant
004C1510	?InvertTo@Matrix44@@QBEXAAV1@@Z	1776	1	Matrix44	InvertTo
004C1C00	?MakeRotX@Matrix44@@QAEAAV1@M@Z	80	1	Matrix44	MakeRotX
004C1C50	?MakeRotY@Matrix44@@QAEAAV1@M@Z	80	1	Matrix44	MakeRotY
004C1CA0	?MakeRotZ@Matrix44@@QAEAAV1@M@Z	80	1	Matrix44	MakeRotZ
004C1CF0	?Print@Matrix44@@QBEXPBD@Z	112	1	Matrix44	Print
004C1D60	?Transform4@Matrix44@@QBEXPBVVector3@@PAVVector4@@H@Z	144	1	Matrix44	Transform4
004C1DF0	?__vectorDotMatrix@@YAXAAVVector4@@ABV1@ABVMatrix44@@@Z	144	1		__vectorDotMatrix
004C1E80	?ComputeBoundSphere@@YAXHQBMIAAVVector4@@@Z	80	1		ComputeBoundSphere
004C1ED0	?ComputeBoundInfo@@YAXHQBMIPAVVector3@@11PAM@Z	1312	1		ComputeBoundInfo
004C23F0	?FindImpactPolygonToSphere@@YAHABVVector3@@MPBV1@H0PAV1@PAH2PAM@Z	1232	1		FindImpactPolygonToSphere
004C28C0	?FindImpactEdgeToShaft@@YAHABVVector3@@000MPAHPAV1@PAM2@Z	624	1		FindImpactEdgeToShaft
004C2B30	?IsPointBehindPlane@@YA_NABVVector3@@00M@Z	64	1		IsPointBehindPlane
004C2B70	?IsPointNearPlane@@YA_NABVVector3@@00M@Z	80	1		IsPointNearPlane
004C2BC0	?IsPointInBox@@YA_NABVVector3@@MMM@Z	96	1		IsPointInBox
004C2C20	?IsNearZero@@YAHMM@Z	48	1		IsNearZero
004C2C50	?FindClosestPointSegToPoint@@YAHABVVector3@@00PAV1@PAM@Z	128	1		FindClosestPointSegToPoint
004C2CD0	?FindClosestPointSegToOrigin@@YAHABVVector3@@0PAV1@PAM@Z	224	1		FindClosestPointSegToOrigin
004C2DB0	?DistanceLineToLine@@YAMABVVector3@@000PAV1@M@Z	336	1		DistanceLineToLine
004C2F00	?DistanceParallelLineToLine@@YAMABVVector3@@000PAV1@@Z	240	1		DistanceParallelLineToLine
004C2FF0	?DistanceLineToYAxis@@YAMABVVector3@@0PAV1@@Z	176	1		DistanceLineToYAxis
004C30A0	?DistanceLineToPoint@@YAMABVVector3@@00@Z	208	1		DistanceLineToPoint
004C3170	?FindTValueSegToPoint@@YAMABVVector3@@00@Z	64	1		FindTValueSegToPoint
004C31B0	?FindTValueSegToOrigin@@YAMABVVector3@@0@Z	128	1		FindTValueSegToOrigin
004C3230	?FindTValuesSegToSeg@@YA_NABVVector3@@000PAM1@Z	768	1		FindTValuesSegToSeg
004C3530	?FindTValuesLineToLine@@YA_NABVVector3@@000PAM1@Z	528	1		FindTValuesLineToLine
004C3740	?FindTValuesLineToYAxis@@YA_NABVVector3@@0MMPAM1@Z	464	1		FindTValuesLineToYAxis
004C3910	?FindTValuesLineToBoxFace@@YA_NABVVector3@@000PAM1PAH2@Z	784	1		FindTValuesLineToBoxFace
004C3C20	?SegmentToSphereIntersections@@YAHABVVector3@@0MPAM1@Z	352	1		SegmentToSphereIntersections
004C3D80	?SegmentToHemisphereIntersections@@YAHABVVector3@@0MPAM1_N@Z	544	1		SegmentToHemisphereIntersections
004C3FA0	?SegmentToDiskIntersection@@YA_NABVVector3@@0MPAM@Z	128	1		SegmentToDiskIntersection
004C4020	?SegmentToUprightCylIsects@@YAHABVVector3@@0MMPAM111@Z	368	1		SegmentToUprightCylIsects
004C4190	?SegmentToInfCylIsects@@YAHABVVector3@@000MPAM1@Z	496	1		SegmentToInfCylIsects
004C4380	?SegmentToBoxIntersections@@YAHABVVector3@@0MMMPAM1PAV1@2PAH3@Z	960	1		SegmentToBoxIntersections
004C4740	?AddIntersection@@YAHMPAM0ABVVector3@@PAV1@2HHPAH3@Z	208	1		AddIntersection
004C4810	?AddIntersection@@YAHMPAM0HPAH1H@Z	128	1		AddIntersection
004C4890	?OrderIntersections@@YAXPAM000PAH1@Z	64	1		OrderIntersections
004C48D0	?IsPointInRegion@@YA_NMMPBVVector3@@H@Z	224	1		IsPointInRegion
004C49B0	?CollidePlane@@YA_NABVVector3@@0ABVVector4@@PAM@Z	96	1		CollidePlane
004C4A10	?CollideRayTriangle@@YA_NABVVector3@@0000PAM@Z	464	1		CollideRayTriangle
004C4BE0	?Print@Quaternion@@QBEXXZ	64	1	Quaternion	Print
004C4C20	?Print@Quaternion@@QBEXPBD@Z	64	1	Quaternion	Print
004C4C60	?Slerp@Quaternion@@QAEXMABV1@0@Z	512	1	Quaternion	Slerp
004C4E60	?FromMatrix@Quaternion@@QAEXABVMatrix34@@@Z	448	1	Quaternion	FromMatrix
004C5020	?Multiply@Quaternion@@QAEXABV1@0@Z	144	1	Quaternion	Multiply
004C50B0	?Multiply@Quaternion@@QAEXABV1@@Z	160	1	Quaternion	Multiply
004C5150	?MultiplyInverse@Quaternion@@QAEXABV1@@Z	160	1	Quaternion	MultiplyInverse
004C51F0	?EnableNanSignal@@YAX_N@Z	96	1		EnableNanSignal
004C5250	?Print@Vector4@@QBEXXZ	64	1	Vector4	Print
004C5290	?Print@Vector4@@QBEXPBD@Z	64	1	Vector4	Print
004C52D0	?ComputePlane@Vector4@@QAEXABVVector3@@00@Z	224	1	Vector4	ComputePlane
004C53B0	?ComputePlane@Vector4@@QAEXABVVector3@@0@Z	64	1	Vector4	ComputePlane
004C53F0	?Min@Vector4@@QAEXABV1@0@Z	112	1	Vector4	Min
004C5460	?Max@Vector4@@QAEXABV1@0@Z	112	1	Vector4	Max
004C54D0	?Outcode@Vector4@@QBEHXZ	112	1	Vector4	Outcode
004C5540	?SetPath@datAssetManager@@SAXPBD@Z	160	1	datAssetManager	SetPath
004C55E0	?FullPath@datAssetManager@@SAXPADHPBD1@Z	272	1	datAssetManager	FullPath
004C56F0	?FullPath@datAssetManager@@SAXPADHPBD11@Z	384	1	datAssetManager	FullPath
004C5870	?Open@datAssetManager@@SAPAVStream@@PBD0_N1@Z	80	1	datAssetManager	Open
004C58C0	?Open@datAssetManager@@SAPAVStream@@PBD00_N1@Z	80	1	datAssetManager	Open
004C5910	?Create@datAssetManager@@SAPAVStream@@PBD0_N@Z	80	1	datAssetManager	Create
004C5960	?Create@datAssetManager@@SAPAVStream@@PBD00_N@Z	80	1	datAssetManager	Create
004C59B0	?Exists@datAssetManager@@SA_NPBD0@Z	48	1	datAssetManager	Exists
004C59E0	?Exists@datAssetManager@@SA_NPBD00@Z	48	1	datAssetManager	Exists
004C5A10	?FileName@datAssetManager@@SAPBDPBD@Z	48	1	datAssetManager	FileName
004C5A40	?BaseName@datAssetManager@@SAXPBDPADH@Z	64	1	datAssetManager	BaseName
004C5A80	?EnumFiles@datAssetManager@@SAHPBDP6AX0_NPAX@Z21@Z	304	1	datAssetManager	EnumFiles
004C5BB0	?Init@datArgParser@@SAXXZ	16	1	datArgParser	Init
004C5BC0	?Init@datArgParser@@SAXHPAPAD@Z	336	1	datArgParser	Init
004C5D10	?RestoreFromArchive@datArgParser@@SAXPAD@Z	432	1	datArgParser	RestoreFromArchive
004C5EC0	?SaveToArchive@datArgParser@@SAHPAD@Z	592	1	datArgParser	SaveToArchive
004C6110	?Kill@datArgParser@@SAXXZ	16	1	datArgParser	Kill
004C6120	?AddReplace@datArgParser@@SAXPBDPAD@Z	112	1	datArgParser	AddReplace
004C6190	?Get@datArgParser@@SA_NPBD@Z	48	1	datArgParser	Get
004C61C0	?Get@datArgParser@@SA_NPBDIAAH@Z	80	1	datArgParser	Get
004C6210	?Get@datArgParser@@SA_NPBDIAAM@Z	80	1	datArgParser	Get
004C6260	?Get@datArgParser@@SA_NPBDIPAPBD@Z	64	1	datArgParser	Get
004C62A0	?GetNum@datArgParser@@SAHPBD@Z	48	1	datArgParser	GetNum
004C62D0	log_alloc	48	1		log_alloc
004C6300	?Reset@datTimeManager@@SAXXZ	64	1	datTimeManager	Reset
004C6340	?Update@datTimeManager@@SAXXZ	432	1	datTimeManager	Update
004C64F0	?SetTempOverSampling@datTimeManager@@SAX_NH@Z	144	1	datTimeManager	SetTempOverSampling
004C6580	?RealTime@datTimeManager@@SAXM@Z	80	1	datTimeManager	RealTime
004C65D0	?FixedFrame@datTimeManager@@SAXMI@Z	96	1	datTimeManager	FixedFrame
004C6630	??0HashTable@@QAE@H_NH@Z	80	1	HashTable	HashTable
004C6680	??1HashTable@@QAE@XZ	48	1	HashTable	~HashTable
004C66B0	?InitFixed@HashTable@@AAEXHH@Z	192	1	HashTable	InitFixed
004C6770	?InitCommon@HashTable@@AAEXH@Z	64	1	HashTable	InitCommon
004C67B0	?Kill@HashTable@@QAEXXZ	160	1	HashTable	Kill
004C6850	?KillAll@HashTable@@SAXXZ	32	1	HashTable	KillAll
004C6870	?MakePermanent@HashTable@@QAEXXZ	48	1	HashTable	MakePermanent
004C68A0	??4HashTable@@QAEXABV0@@Z	96	1	HashTable	operator=
004C6900	?GetEmptySlot@HashTable@@QAEAAVHashEntry@@PBDPAXPAV2@@Z	160	1	HashTable	GetEmptySlot
004C69A0	?MakeEmpty@HashTable@@QAEXXZ	80	1	HashTable	MakeEmpty
004C69F0	?Insert@HashTable@@QAE_NPBDPAX@Z	304	1	HashTable	Insert
004C6B20	?Delete@HashTable@@QAE_NPBD@Z	320	1	HashTable	Delete
004C6C60	?Change@HashTable@@QAE_NPBD0@Z	64	1	HashTable	Change
004C6CA0	?Access@HashTable@@QAEPAXPBD@Z	112	1	HashTable	Access
004C6D10	?Access@HashTable@@QAE_NPBDPAPBX@Z	112	1	HashTable	Access
004C6D80	?AccessName@HashTable@@QAEPBDH@Z	32	1	HashTable	AccessName
004C6DA0	?AccessData@HashTable@@QAEPAXH@Z	32	1	HashTable	AccessData
004C6DC0	?Hash@HashTable@@AAEHPBD@Z	128	1	HashTable	Hash
004C6E40	?ComputePrime@HashTable@@AAEHH@Z	80	1	HashTable	ComputePrime
004C6E90	?Recompute@HashTable@@AAEXH@Z	240	1	HashTable	Recompute
004C6F80	?GetEntry@HashTable@@AAEPAVHashEntry@@H@Z	128	1	HashTable	GetEntry
004C7000	?GetFirstEntry@HashTable@@QAE_NAAVHashPosition@@@Z	80	1	HashTable	GetFirstEntry
004C7050	?GetNextEntry@HashTable@@QAE_NAAVHashPosition@@@Z	80	1	HashTable	GetNextEntry
004C70A0	??0FixedHashEntry@@AAE@XZ	16	1	FixedHashEntry	FixedHashEntry
004C70B0	??_EFixedHashEntry@@QAEPAXI@Z	96	1	FixedHashEntry	`vector deleting destructor'
004C7110	??1FixedHashEntry@@QAE@XZ	16	1	FixedHashEntry	~FixedHashEntry
004C7120	?GetTimestamp@datStack@@SAPBDXZ	16	1	datStack	GetTimestamp
004C7130	?InitMap@@YAXXZ	832	1		InitMap
004C7470	?LookupAddress@datStack@@SAXPADH@Z	128	1	datStack	LookupAddress
004C74F0	?DoTraceback@datStack@@SAXHPAHPAU_iobuf@@PBD@Z	208	1	datStack	DoTraceback
004C75C0	?Traceback@datStack@@SAXHPAU_iobuf@@@Z	48	1	datStack	Traceback
004C75F0	?LogTraceback@datStack@@SAHPAHH@Z	192	1	datStack	LogTraceback
004C76B0	?DumpTraceback@datStack@@SAXPAHHPAU_iobuf@@@Z	112	1	datStack	DumpTraceback
004C7720	?ExceptionFilter@datStack@@SAHPAU_EXCEPTION_POINTERS@@@Z	160	1	datStack	ExceptionFilter
004C77C0	?IsOnStack@@YA_NPAX@Z	32	1		IsOnStack
004C77E0	?Ticks@Timer@@SAKXZ	48	1	Timer	Ticks
004C7810	?QuickTicks@Timer@@SAIXZ	48	1	Timer	QuickTicks
004C7840	??0Timer@@QAE@XZ	320	1	Timer	Timer
004C7980	?BeginBenchmark@Timer@@SAXXZ	112	1	Timer	BeginBenchmark
004C79F0	?EndBenchmark@Timer@@SAXXZ	80	1	Timer	EndBenchmark
004C7A40	??0datCallback@@QAE@XZ	16	1	datCallback	datCallback
004C7A50	??0datCallback@@QAE@P8Base@@AEXXZPAV1@@Z	48	1	datCallback	datCallback
004C7A80	??0datCallback@@QAE@P8Base@@AEXPAX@ZPAV1@0@Z	32	1	datCallback	datCallback
004C7AA0	??0datCallback@@QAE@P8Base@@AEXPAX0@ZPAV1@0@Z	32	1	datCallback	datCallback
004C7AC0	??0datCallback@@QAE@P6AXXZ@Z	48	1	datCallback	datCallback
004C7AF0	??0datCallback@@QAE@P6AXPAX@Z0@Z	48	1	datCallback	datCallback
004C7B20	??0datCallback@@QAE@P6AXPAX0@Z0@Z	48	1	datCallback	datCallback
004C7B50	?Call@datCallback@@QAEXPAX@Z	160	1	datCallback	Call
004C7BF0	?DebugLogInit@@YAX_N@Z	96	1		DebugLogInit
004C7C50	?DebugLogShutdown@@YAXXZ	32	1		DebugLogShutdown
004C7C70	?DebugLog@@YAXHPBXH_N@Z	560	1		DebugLog
004C7EA0	?LogStackTraceback@@YAHPAHH@Z	192	1		LogStackTraceback
004C7F60	?DumpStackTraceback@@YAXPAHH@Z	80	1		DumpStackTraceback
004C7FB0	?HexDump@@YAXPAXH@Z	256	1		HexDump
004C80B0	?FloatDump@@YAXPAXH@Z	208	1		FloatDump
004C8180	?StringDuplicate@@YAPADPBD@Z	80	1		StringDuplicate
004C81D0	?formatf@@YAPADPADHPBDZZ	48	1		formatf
004C8200	??1Base@@UAE@XZ	16	1	Base	~Base
004C8210	?Init@datBaseTokenizer@@QAEXPBDPAVStream@@@Z	48	1	datBaseTokenizer	Init
004C8240	?PushBack@datBaseTokenizer@@AAEXPBDH@Z	48	1	datBaseTokenizer	PushBack
004C8270	?GetTokenCh@datBaseTokenizer@@AAEHXZ	64	1	datBaseTokenizer	GetTokenCh
004C82B0	?SkipComment@datBaseTokenizer@@IAEXXZ	64	1	datBaseTokenizer	SkipComment
004C82F0	?GetToken@datBaseTokenizer@@QAEHPADH@Z	336	1	datBaseTokenizer	GetToken
004C8440	?GetBlock@datBaseTokenizer@@QAEHPADH@Z	64	1	datBaseTokenizer	GetBlock
004C8480	?MatchToken@datBaseTokenizer@@QAEXPBD@Z	128	1	datBaseTokenizer	MatchToken
004C8500	?CheckToken@datBaseTokenizer@@QAE_NPBD_N@Z	144	1	datBaseTokenizer	CheckToken
004C8590	?GetTokenToChar@datBaseTokenizer@@QAEHPADHD@Z	192	1	datBaseTokenizer	GetTokenToChar
004C8650	?SkipToEndOfLine@datBaseTokenizer@@QAEXXZ	32	1	datBaseTokenizer	SkipToEndOfLine
004C8670	?IgnoreToken@datBaseTokenizer@@QAEXXZ	32	1	datBaseTokenizer	IgnoreToken
004C8690	?Pop@datBaseTokenizer@@QAEXXZ	64	1	datBaseTokenizer	Pop
004C86D0	?Put@datBaseTokenizer@@UAE_ND@Z	96	1	datBaseTokenizer	Put
004C8730	?PutStr@datBaseTokenizer@@QAA_NPBDZZ	64	1	datBaseTokenizer	PutStr
004C8770	?GetInt@datAsciiTokenizer@@UAEHXZ	96	1	datAsciiTokenizer	GetInt
004C87D0	?GetFloat@datAsciiTokenizer@@UAEMXZ	96	1	datAsciiTokenizer	GetFloat
004C8830	?GetVector@datAsciiTokenizer@@UAEXAAVVector2@@@Z	48	1	datAsciiTokenizer	GetVector
004C8860	?GetVector@datAsciiTokenizer@@UAEXAAVVector3@@@Z	48	1	datAsciiTokenizer	GetVector
004C8890	?GetVector@datAsciiTokenizer@@UAEXAAVVector4@@@Z	64	1	datAsciiTokenizer	GetVector
004C88D0	?GetDelimiter@datAsciiTokenizer@@UAEXPBD@Z	16	1	datAsciiTokenizer	GetDelimiter
004C88E0	?MatchInt@datAsciiTokenizer@@UAEHPBD@Z	32	1	datAsciiTokenizer	MatchInt
004C8900	?MatchFloat@datAsciiTokenizer@@UAEMPBD@Z	32	1	datAsciiTokenizer	MatchFloat
004C8920	?MatchVector@datAsciiTokenizer@@UAEXPBDAAVVector2@@@Z	32	1	datAsciiTokenizer	MatchVector
004C8940	?MatchVector@datAsciiTokenizer@@UAEXPBDAAVVector3@@@Z	32	1	datAsciiTokenizer	MatchVector
004C8960	?MatchVector@datAsciiTokenizer@@UAEXPBDAAVVector4@@@Z	32	1	datAsciiTokenizer	MatchVector
004C8980	?Put@datAsciiTokenizer@@UAE_NPBDI@Z	128	1	datAsciiTokenizer	Put
004C8A00	?Put@datAsciiTokenizer@@UAE_NH@Z	64	1	datAsciiTokenizer	Put
004C8A40	?Put@datAsciiTokenizer@@UAE_NM@Z	80	1	datAsciiTokenizer	Put
004C8A90	?Put@datAsciiTokenizer@@UAE_NABVVector2@@@Z	96	1	datAsciiTokenizer	Put
004C8AF0	?Put@datAsciiTokenizer@@UAE_NABVVector3@@@Z	96	1	datAsciiTokenizer	Put
004C8B50	?Put@datAsciiTokenizer@@UAE_NABVVector4@@@Z	112	1	datAsciiTokenizer	Put
004C8BC0	?PutDelimiter@datAsciiTokenizer@@UAE_NPBD@Z	32	1	datAsciiTokenizer	PutDelimiter
004C8BE0	?GetInt@datBinTokenizer@@UAEHXZ	64	1	datBinTokenizer	GetInt
004C8C20	?GetFloat@datBinTokenizer@@UAEMXZ	80	1	datBinTokenizer	GetFloat
004C8C70	?GetVector@datBinTokenizer@@UAEXAAVVector2@@@Z	64	1	datBinTokenizer	GetVector
004C8CB0	?GetVector@datBinTokenizer@@UAEXAAVVector3@@@Z	64	1	datBinTokenizer	GetVector
004C8CF0	?GetVector@datBinTokenizer@@UAEXAAVVector4@@@Z	64	1	datBinTokenizer	GetVector
004C8D30	?GetDelimiter@datBinTokenizer@@UAEXPBD@Z	16	1	datBinTokenizer	GetDelimiter
004C8D40	?MatchInt@datBinTokenizer@@UAEHPBD@Z	16	1	datBinTokenizer	MatchInt
004C8D50	?MatchFloat@datBinTokenizer@@UAEMPBD@Z	16	1	datBinTokenizer	MatchFloat
004C8D60	?MatchVector@datBinTokenizer@@UAEXPBDAAVVector2@@@Z	16	1	datBinTokenizer	MatchVector
004C8D70	?MatchVector@datBinTokenizer@@UAEXPBDAAVVector3@@@Z	16	1	datBinTokenizer	MatchVector
004C8D80	?MatchVector@datBinTokenizer@@UAEXPBDAAVVector4@@@Z	16	1	datBinTokenizer	MatchVector
004C8D90	?Put@datBinTokenizer@@UAE_NPBDI@Z	80	1	datBinTokenizer	Put
004C8DE0	?Put@datBinTokenizer@@UAE_NH@Z	32	1	datBinTokenizer	Put
004C8E00	?Put@datBinTokenizer@@UAE_NM@Z	32	1	datBinTokenizer	Put
004C8E20	?Put@datBinTokenizer@@UAE_NABVVector2@@@Z	32	1	datBinTokenizer	Put
004C8E40	?Put@datBinTokenizer@@UAE_NABVVector3@@@Z	32	1	datBinTokenizer	Put
004C8E60	?Put@datBinTokenizer@@UAE_NABVVector4@@@Z	32	1	datBinTokenizer	Put
004C8E80	?PutDelimiter@datBinTokenizer@@UAE_NPBD@Z	16	1	datBinTokenizer	PutDelimiter
004C8E90	??0datMultiTokenizer@@QAE@XZ	16	1	datMultiTokenizer	datMultiTokenizer
004C8EA0	?GetReadTokenizer@datMultiTokenizer@@QAEAAVdatBaseTokenizer@@PBDPAVStream@@00@Z	272	1	datMultiTokenizer	GetReadTokenizer
004C8FB0	?GetWriteTokenizer@datMultiTokenizer@@QAEAAVdatBaseTokenizer@@PBDPAVStream@@_N0@Z	80	1	datMultiTokenizer	GetWriteTokenizer
004C9000	??0datTokenizer@@QAE@XZ	16	1	datTokenizer	datTokenizer
004C9010	??0datTokenizer@@QAE@PBDPAVStream@@@Z	48	1	datTokenizer	datTokenizer
004C9040	?Reset@datReplay@@SAXXZ	32	1	datReplay	Reset
004C9060	?GetByte@datReplay@@SAHXZ	32	1	datReplay	GetByte
004C9080	?GetInt@datReplay@@SAHXZ	48	1	datReplay	GetInt
004C90B0	?RecordByte@datReplay@@SAXE@Z	48	1	datReplay	RecordByte
004C90E0	?RecordInt@datReplay@@SAXH@Z	48	1	datReplay	RecordInt
004C9110	?BeginRecord@datReplay@@SA_NPAVdatMemStream@@@Z	64	1	datReplay	BeginRecord
004C9150	?BeginPlayback@datReplay@@SA_NPAVdatMemStream@@@Z	96	1	datReplay	BeginPlayback
004C91B0	?Close@datReplay@@SAXXZ	48	1	datReplay	Close
004C91E0	?BeginFrame@datReplay@@SAXXZ	16	1	datReplay	BeginFrame
004C91F0	?EndFrame@datReplay@@SA_NXZ	144	1	datReplay	EndFrame
004C9280	?Read@datMemStream@@QAEHPAXH@Z	80	1	datMemStream	Read
004C92D0	?Write@datMemStream@@QAEHPBXH@Z	96	1	datMemStream	Write
004C9330	?GetCh@datMemStream@@QAEHXZ	48	1	datMemStream	GetCh
004C9360	?PutCh@datMemStream@@QAEHE@Z	48	1	datMemStream	PutCh
004C9390	?Close@datMemStream@@QAEHXZ	16	1	datMemStream	Close
004C93A0	?Size@datMemStream@@QAEHXZ	16	1	datMemStream	Size
004C93B0	?__ComputeCpuSpeed@@YAIXZ	192	1		__ComputeCpuSpeed
004C9470	?ComputeCpuSpeed@@YAIXZ	96	1		ComputeCpuSpeed
004C94D0	?DisablePopUpErrors@@YAXXZ	16	1		DisablePopUpErrors
004C94E0	?DisablePopUpQuits@@YAXXZ	16	1		DisablePopUpQuits
004C94F0	?EnablePopUpErrors@@YAXXZ	16	1		EnablePopUpErrors
004C9500	?EnablePopUpQuits@@YAXXZ	16	1		EnablePopUpQuits
004C9510	DefaultPrintString	32	1		DefaultPrintString
004C9530	?CloseLog@datOutput@@SAXXZ	32	1	datOutput	CloseLog
004C9550	?SetBeforeMsgBoxFunction@datOutput@@SAXP6AXXZ@Z	16	1	datOutput	SetBeforeMsgBoxFunction
004C9560	?SetAfterMsgBoxFunction@datOutput@@SAXP6AXXZ@Z	16	1	datOutput	SetAfterMsgBoxFunction
004C9570	?CallBeforeMsgBoxFunction@datOutput@@SAXXZ	16	1	datOutput	CallBeforeMsgBoxFunction
004C9580	?CallAfterMsgBoxFunction@datOutput@@SAXXZ	16	1	datOutput	CallAfterMsgBoxFunction
004C9590	?SetOutputMask@datOutput@@SAXI@Z	16	1	datOutput	SetOutputMask
004C95A0	?OpenLog@datOutput@@SA_NPBD@Z	80	1	datOutput	OpenLog
004C95F0	?DefaultPrinter@@YAXHPBDPAD@Z	304	1		DefaultPrinter
004C9720	?Printf@@YAXPBDZZ	48	1		Printf
004C9750	?Messagef@@YAXPBDZZ	48	1		Messagef
004C9780	?Displayf@@YAXPBDZZ	48	1		Displayf
004C97B0	?Warningf@@YAXPBDZZ	48	1		Warningf
004C97E0	?Errorf@@YAXPBDZZ	48	1		Errorf
004C9810	?Quitf@@YAXPBDZZ	64	1		Quitf
004C9850	?Abortf@@YAXPBDZZ	80	1		Abortf
004C98A0	nullsub_76	48	1		nullsub_76
004C98D0	?AllocStream@Stream@@CAPAV1@PBDHPBUcoreFileMethods@@@Z	160	1	Stream	AllocStream
004C9970	?DumpOpenFiles@Stream@@SAXXZ	80	1	Stream	DumpOpenFiles
004C99C0	?Open@Stream@@SAPAV1@PBD_N@Z	64	1	Stream	Open
004C9A00	?Create@Stream@@SAPAV1@PBD@Z	64	1	Stream	Create
004C9A40	?Open@Stream@@SAPAV1@PBDPBUcoreFileMethods@@_N@Z	48	1	Stream	Open
004C9A70	?Create@Stream@@SAPAV1@PBDPBUcoreFileMethods@@@Z	48	1	Stream	Create
004C9AA0	?Read@Stream@@QAEHPAXH@Z	336	1	Stream	Read
004C9BF0	?Write@Stream@@QAEHPBXH@Z	272	1	Stream	Write
004C9D00	?GetCh@Stream@@QAEHXZ	48	1	Stream	GetCh
004C9D30	?PutCh@Stream@@QAEHE@Z	48	1	Stream	PutCh
004C9D60	?Seek@Stream@@QAEHH@Z	80	1	Stream	Seek
004C9DB0	?Tell@Stream@@QAEHXZ	16	1	Stream	Tell
004C9DC0	?Close@Stream@@QAEHXZ	64	1	Stream	Close
004C9E00	?Size@Stream@@QAEHXZ	96	1	Stream	Size
004C9E60	?Flush@Stream@@QAEHXZ	112	1	Stream	Flush
004C9ED0	?fprintf@@YAXPAVStream@@PBDZZ	80	1		fprintf
004C9F20	?fseek@@YAHPAVStream@@HH@Z	96	1		fseek
004C9F80	?fgets@@YAHPADHPAVStream@@@Z	112	1		fgets
004C9FF0	?fscanf@@YAHPAVStream@@PBDZZ	176	1		fscanf
004CA0A0	?memReadFile@@YAHHPAXH@Z	16	1		memReadFile
004CA0B0	?memCloseFile@@YAHH@Z	32	1		memCloseFile
004CA0D0	?memSizeFile@@YAHH@Z	16	1		memSizeFile
004CA0E0	?PreLoad@Stream@@SAPAV1@PAV1@@Z	208	1	Stream	PreLoad
004CA1B0	?coreRawOpenFile@@YAHPBD_N@Z	64	1		coreRawOpenFile
004CA1F0	?coreRawCreateFile@@YAHPBD@Z	48	1		coreRawCreateFile
004CA220	?coreRawSeekFile@@YAHHHW4seekWhence@@@Z	32	1		coreRawSeekFile
004CA240	?coreRawWriteFile@@YAHHPBXH@Z	48	1		coreRawWriteFile
004CA270	?coreRawReadFile@@YAHHPAXH@Z	48	1		coreRawReadFile
004CA2A0	?coreRawCloseFile@@YAHH@Z	32	1		coreRawCloseFile
004CA2C0	?coreRawEnumFiles@@YAHPBDP6AX0_NPAX@Z2@Z	192	1		coreRawEnumFiles
004CA380	??0vehCarDamage@@QAE@XZ	432	1	vehCarDamage	vehCarDamage
004CA530	??1vehCarDamage@@UAE@XZ	192	1	vehCarDamage	~vehCarDamage
004CA5F0	?GetDirName@vehCarDamage@@UAEPBDXZ	16	1	vehCarDamage	GetDirName
004CA600	?Init@vehCarDamage@@QAEXPAVvehCar@@PBD@Z	720	1	vehCarDamage	Init
004CA8D0	?SpewSmoke@vehCarDamage@@AAEXPAVasParticles@@PAMAAVVector3@@M@Z	368	1	vehCarDamage	SpewSmoke
004CAA40	?Update@vehCarDamage@@UAEXXZ	1056	1	vehCarDamage	Update
004CAE60	?Reset@vehCarDamage@@UAEXXZ	32	1	vehCarDamage	Reset
004CAE80	?ClearDamage@vehCarDamage@@QAEXXZ	64	1	vehCarDamage	ClearDamage
004CAEC0	?AddDamage@vehCarDamage@@QAEXM@Z	48	1	vehCarDamage	AddDamage
004CAEF0	?InsertImpact@vehCarDamage@@AAEXPAUImpactCBData@@PAVphCollider@@@Z	592	1	vehCarDamage	InsertImpact
004CB140	?ApplyImpact@vehCarDamage@@AAEXPAUvehDamageImpactInfo@@@Z	528	1	vehCarDamage	ApplyImpact
004CB350	?Impact@vehCarDamage@@SAXPAV1@PAUImpactCBData@@@Z	144	1	vehCarDamage	Impact
004CB3E0	?SetGameCallback@vehCarDamage@@QAEXVdatCallback@@@Z	32	1	vehCarDamage	SetGameCallback
004CB400	?FileIO@vehCarDamage@@UAEXAAVdatParser@@@Z	528	1	vehCarDamage	FileIO
004CB610	??_GvehCarDamage@@UAEPAXI@Z	48	1	vehCarDamage	`scalar deleting destructor'
004CB640	?GetClassName@vehCarDamage@@UAEPADXZ	16	1	vehCarDamage	GetClassName
004CB650	?GetDamageModifier@vehCarDamage@@UAEMPAVphCollider@@@Z	16	1	vehCarDamage	GetDamageModifier
004CB660	??0vehCarSim@@QAE@XZ	640	1	vehCarSim	vehCarSim
004CB8E0	??1vehCarSim@@UAE@XZ	400	1	vehCarSim	~vehCarSim
004CBA70	?Reset@vehCarSim@@UAEXXZ	128	1	vehCarSim	Reset
004CBAF0	?GetDirName@vehCarSim@@UAEPBDXZ	16	1	vehCarSim	GetDirName
004CBB00	?OnGround@vehCarSim@@QAEHXZ	64	1	vehCarSim	OnGround
004CBB40	?BottomedOut@vehCarSim@@QAEHXZ	64	1	vehCarSim	BottomedOut
004CBB80	?Init@vehCarSim@@QAEXPBDPAVphColliderJointed@@PAVlvlInstance@@@Z	976	1	vehCarSim	Init
004CBF50	?SetWorldMatrix@vehCarSim@@QAEXXZ	256	1	vehCarSim	SetWorldMatrix
004CC050	?RestoreImpactParams@vehCarSim@@QAEXXZ	48	1	vehCarSim	RestoreImpactParams
004CC080	?SetHackedImpactParams@vehCarSim@@QAEXXZ	48	1	vehCarSim	SetHackedImpactParams
004CC0B0	?ReconfigureDrivetrain@vehCarSim@@QAEXXZ	32	1	vehCarSim	ReconfigureDrivetrain
004CC0D0	?ConfigureDrivetrain@vehCarSim@@QAEXXZ	1040	1	vehCarSim	ConfigureDrivetrain
004CC4E0	?UnconfigureDrivetrain@vehCarSim@@QAEXXZ	848	1	vehCarSim	UnconfigureDrivetrain
004CC830	?SetResetPos@vehCarSim@@QAEXABVVector3@@@Z	80	1	vehCarSim	SetResetPos
004CC880	?ClearDamage@vehCarSim@@QAEXXZ	16	1	vehCarSim	ClearDamage
004CC890	?GetSSSFactor@vehCarSim@@QAEMM@Z	80	1	vehCarSim	GetSSSFactor
004CC8E0	?Update@vehCarSim@@UAEXXZ	464	1	vehCarSim	Update
004CCAB0	?PlaybackReplay@vehCarSim@@QAEXXZ	128	1	vehCarSim	PlaybackReplay
004CCB30	?RecordReplay@vehCarSim@@QAEXXZ	320	1	vehCarSim	RecordReplay
004CCC70	?FileIO@vehCarSim@@UAEXAAVdatParser@@@Z	528	1	vehCarSim	FileIO
004CCE80	??_GvehCarSim@@UAEPAXI@Z	48	1	vehCarSim	`scalar deleting destructor'
004CCEB0	??1vehTransmission@@UAE@XZ	16	1	vehTransmission	~vehTransmission
004CCEC0	??1vehDrivetrain@@UAE@XZ	16	1	vehDrivetrain	~vehDrivetrain
004CCED0	??1vehWheel@@UAE@XZ	16	1	vehWheel	~vehWheel
004CCEE0	??1vehAxle@@UAE@XZ	16	1	vehAxle	~vehAxle
004CCEF0	??1vehSuspension@@UAE@XZ	16	1	vehSuspension	~vehSuspension
004CCF00	??1vehAero@@UAE@XZ	16	1	vehAero	~vehAero
004CCF10	?GetClassName@vehCarSim@@UAEPADXZ	16	1	vehCarSim	GetClassName
004CCF20	??0vehCarModel@@QAE@XZ	96	1	vehCarModel	vehCarModel
004CCF80	??1vehCarModel@@QAE@XZ	96	1	vehCarModel	~vehCarModel
004CCFE0	?Init@vehCarModel@@QAEXPAVvehCar@@PBDH@Z	2624	1	vehCarModel	Init
004CDA20	?InitBound@vehCarModel@@QAEXPBD_N@Z	464	1	vehCarModel	InitBound
004CDBF0	?GetTrailerHitch@vehCarModel@@QAE_NPAVVector3@@@Z	96	1	vehCarModel	GetTrailerHitch
004CDC50	?InitBreakable@vehCarModel@@IAE_NPAVvehBreakableMgr@@PBD1HH@Z	80	1	vehCarModel	InitBreakable
004CDCA0	?EjectOneshot@vehCarModel@@QAEXXZ	608	1	vehCarModel	EjectOneshot
004CDF00	?GetSurfaceColor@vehCarModel@@IAE_NPAVmodStatic@@AAVVector3@@@Z	96	1	vehCarModel	GetSurfaceColor
004CDF60	?InitSirenLight@vehCarModel@@IAEXPBD0H@Z	112	1	vehCarModel	InitSirenLight
004CDFD0	?Reset@vehCarModel@@UAEXXZ	16	1	vehCarModel	Reset
004CDFE0	?SizeOf@vehCarModel@@UAEIXZ	16	1	vehCarModel	SizeOf
004CDFF0	?ClearDamage@vehCarModel@@QAEXXZ	80	1	vehCarModel	ClearDamage
004CE040	?Draw@vehCarModel@@UAEXH@Z	2048	1	vehCarModel	Draw
004CE840	?DrawPart@vehCarModel@@QAEXHHABVMatrix34@@PAVmodShader@@@Z	64	1	vehCarModel	DrawPart
004CE880	?DrawPart@vehCarModel@@QAEXPAVmodStatic@@ABVMatrix34@@PAVmodShader@@@Z	192	1	vehCarModel	DrawPart
004CE940	?DrawShadow@vehCarModel@@UAEXXZ	336	1	vehCarModel	DrawShadow
004CEA90	?DrawShadowMap@vehCarModel@@UAEXXZ	256	1	vehCarModel	DrawShadowMap
004CEB90	?DrawGlow@vehCarModel@@UAEXXZ	448	1	vehCarModel	DrawGlow
004CED50	?DrawHeadlights@vehCarModel@@QAEX_N@Z	512	1	vehCarModel	DrawHeadlights
004CEF50	?GetPosition@vehCarModel@@UAEABVVector3@@XZ	48	1	vehCarModel	GetPosition
004CEF80	?GetVelocity@vehCarModel@@UAEABVVector3@@XZ	16	1	vehCarModel	GetVelocity
004CEF90	?GetMatrix@vehCarModel@@UAEABVMatrix34@@AAV2@@Z	16	1	vehCarModel	GetMatrix
004CEFA0	?SetMatrix@vehCarModel@@UAEXABVMatrix34@@@Z	32	1	vehCarModel	SetMatrix
004CEFC0	?GetEntity@vehCarModel@@UAEPAVdgPhysEntity@@XZ	16	1	vehCarModel	GetEntity
004CEFD0	?AttachEntity@vehCarModel@@UAEPAVdgPhysEntity@@XZ	16	1	vehCarModel	AttachEntity
004CEFE0	?BreakElectrics@vehCarModel@@QAEXABVVector3@@@Z	112	1	vehCarModel	BreakElectrics
004CF050	?SetVisible@vehCarModel@@QAEX_N@Z	32	1	vehCarModel	SetVisible
004CF070	?GetVisible@vehCarModel@@QAE_NXZ	16	1	vehCarModel	GetVisible
004CF080	?DrawReflected@vehCarModel@@UAEXM@Z	16	1	vehCarModel	DrawReflected
004CF090	??_EltLight@@QAEPAXI@Z	96	1	ltLight	`vector deleting destructor'
004CF0F0	??0vehTransmission@@QAE@XZ	272	1	vehTransmission	vehTransmission
004CF200	?Reset@vehTransmission@@UAEXXZ	32	1	vehTransmission	Reset
004CF220	?ComputeConstants@vehTransmission@@QAEXXZ	784	1	vehTransmission	ComputeConstants
004CF530	?GearRatioFromMPH@vehTransmission@@AAEMM@Z	48	1	vehTransmission	GearRatioFromMPH
004CF560	?Init@vehTransmission@@QAEXPAVvehCarSim@@@Z	16	1	vehTransmission	Init
004CF570	?Upshift@vehTransmission@@QAEHXZ	64	1	vehTransmission	Upshift
004CF5B0	?Downshift@vehTransmission@@QAEHXZ	80	1	vehTransmission	Downshift
004CF600	?Update@vehTransmission@@UAEXXZ	176	1	vehTransmission	Update
004CF6B0	?Automatic@vehTransmission@@QAEXH@Z	16	1	vehTransmission	Automatic
004CF6C0	?SetReverse@vehTransmission@@QAEXXZ	16	1	vehTransmission	SetReverse
004CF6D0	?SetNeutral@vehTransmission@@QAEXXZ	16	1	vehTransmission	SetNeutral
004CF6E0	?SetForward@vehTransmission@@QAEXXZ	32	1	vehTransmission	SetForward
004CF700	?SetCurrentGear@vehTransmission@@QAEHH@Z	64	1	vehTransmission	SetCurrentGear
004CF740	?FileIO@vehTransmission@@UAEXAAVdatParser@@@Z	272	1	vehTransmission	FileIO
004CF850	??_GvehTransmission@@UAEPAXI@Z	48	1	vehTransmission	`scalar deleting destructor'
004CF880	?GetClassName@vehTransmission@@UAEPADXZ	16	1	vehTransmission	GetClassName
004CF890	??0aiAmbientVehicleAudio@@QAE@XZ	80	1	aiAmbientVehicleAudio	aiAmbientVehicleAudio
004CF8E0	??1aiAmbientVehicleAudio@@UAE@XZ	16	1	aiAmbientVehicleAudio	~aiAmbientVehicleAudio
004CF8F0	?Init@aiAmbientVehicleAudio@@QAEXPADPAVVector3@@@Z	192	1	aiAmbientVehicleAudio	Init
004CF9B0	?Reset@aiAmbientVehicleAudio@@QAEXXZ	32	1	aiAmbientVehicleAudio	Reset
004CF9D0	?AssignSounds@aiAmbientVehicleAudio@@UAEXXZ	128	1	aiAmbientVehicleAudio	AssignSounds
004CFA50	?UnAssignSounds@aiAmbientVehicleAudio@@UAEXH@Z	96	1	aiAmbientVehicleAudio	UnAssignSounds
004CFAB0	?PlayAvoidanceHorn@aiAmbientVehicleAudio@@QAE_NXZ	32	1	aiAmbientVehicleAudio	PlayAvoidanceHorn
004CFAD0	?PlayImpactHorn@aiAmbientVehicleAudio@@QAEXM@Z	32	1	aiAmbientVehicleAudio	PlayImpactHorn
004CFAF0	?UpdateHorn@aiAmbientVehicleAudio@@QAEXXZ	32	1	aiAmbientVehicleAudio	UpdateHorn
004CFB10	?GetAudImpactPtr@aiAmbientVehicleAudio@@QAEPAVAudImpact@@XZ	16	1	aiAmbientVehicleAudio	GetAudImpactPtr
004CFB20	?UpdateAudio@aiAmbientVehicleAudio@@UAEXXZ	112	1	aiAmbientVehicleAudio	UpdateAudio
004CFB90	?UpdateAudio@aiAmbientVehicleAudio@@QAEHM@Z	304	1	aiAmbientVehicleAudio	UpdateAudio
004CFCC0	?InitStatics@aiAmbientVehicleAudio@@SAXXZ	64	1	aiAmbientVehicleAudio	InitStatics
004CFD00	?DeallocateStatics@aiAmbientVehicleAudio@@SAXXZ	512	1	aiAmbientVehicleAudio	DeallocateStatics
004CFF00	?UpdateStatics@aiAmbientVehicleAudio@@SAXM@Z	48	1	aiAmbientVehicleAudio	UpdateStatics
004CFF30	?UpdateVoices@aiAmbientVehicleAudio@@CAXHM@Z	64	1	aiAmbientVehicleAudio	UpdateVoices
004CFF70	?SetCSVCatString@aiAmbientVehicleAudio@@SAXPAD@Z	48	1	aiAmbientVehicleAudio	SetCSVCatString
004CFFA0	?LoadNumVFileChoices@aiAmbientVehicleAudio@@SAXPAD@Z	64	1	aiAmbientVehicleAudio	LoadNumVFileChoices
004CFFE0	?EchoOn@aiAmbientVehicleAudio@@QAEXXZ	80	1	aiAmbientVehicleAudio	EchoOn
004D0030	?EchoOff@aiAmbientVehicleAudio@@QAEXXZ	48	1	aiAmbientVehicleAudio	EchoOff
004D0060	?UpdateEcho@aiAmbientVehicleAudio@@AAEXXZ	48	1	aiAmbientVehicleAudio	UpdateEcho
004D0090	?PlayImpactReaction@aiAmbientVehicleAudio@@QAEXM@Z	32	1	aiAmbientVehicleAudio	PlayImpactReaction
004D00B0	?PlayAvoidanceReaction@aiAmbientVehicleAudio@@QAEXM@Z	32	1	aiAmbientVehicleAudio	PlayAvoidanceReaction
004D00D0	?LoadEngine@aiAmbientVehicleAudio@@QAE_NPAD0@Z	560	1	aiAmbientVehicleAudio	LoadEngine
004D0300	?LoadHorn@aiAmbientVehicleAudio@@QAE_NPAD0@Z	560	1	aiAmbientVehicleAudio	LoadHorn
004D0530	?LoadVoices@aiAmbientVehicleAudio@@QAE_NPAD0_N@Z	640	1	aiAmbientVehicleAudio	LoadVoices
004D07B0	?LoadImpacts@aiAmbientVehicleAudio@@QAE_NPAD0@Z	848	1	aiAmbientVehicleAudio	LoadImpacts
004D0B00	?DeallocateAudioData@@YAXPAPAPAVaiEngineAudio@@PAH@Z	112	1		DeallocateAudioData
004D0B70	?DeallocateAudioData@@YAXPAPAPAVAudCreature@@PAH@Z	112	1		DeallocateAudioData
004D0BE0	?DeallocateAudioData@@YAXPAPAPAVAudImpact@@PAH@Z	112	1		DeallocateAudioData
004D0C50	??_GvehHornAudio@@QAEPAXI@Z	48	1	vehHornAudio	`scalar deleting destructor'
004D0C80	?SetSirenCSVName@vehCarAudioContainer@@SAXPBD@Z	48	1	vehCarAudioContainer	SetSirenCSVName
004D0CB0	?RegisterTypes@vehCarAudioContainer@@SAXPBD@Z	384	1	vehCarAudioContainer	RegisterTypes
004D0E30	?RegisterSemiNames@vehCarAudioContainer@@CAXPAVStream@@PAD@Z	224	1	vehCarAudioContainer	RegisterSemiNames
004D0F10	?RegisterPoliceNames@vehCarAudioContainer@@CAXPAVStream@@PAD@Z	224	1	vehCarAudioContainer	RegisterPoliceNames
004D0FF0	?InitStatics@vehCarAudioContainer@@SAXXZ	48	1	vehCarAudioContainer	InitStatics
004D1020	?DeallocateStatics@vehCarAudioContainer@@SAXXZ	208	1	vehCarAudioContainer	DeallocateStatics
004D10F0	??0vehCarAudioContainer@@QAE@XZ	32	1	vehCarAudioContainer	vehCarAudioContainer
004D1110	??0vehCarAudioContainer@@QAE@PBDPAVvehCarSim@@PAVvehCarDamage@@H@Z	192	1	vehCarAudioContainer	vehCarAudioContainer
004D11D0	?Init@vehCarAudioContainer@@QAEXPBDPAVvehCarSim@@PAVvehCarDamage@@H@Z	272	1	vehCarAudioContainer	Init
004D12E0	?InitPolice@vehCarAudioContainer@@QAEXPBDPAVvehCarSim@@PAVvehCarDamage@@H@Z	240	1	vehCarAudioContainer	InitPolice
004D13D0	?InitSemi@vehCarAudioContainer@@QAEXPBDPAVvehCarSim@@PAVvehCarDamage@@H@Z	272	1	vehCarAudioContainer	InitSemi
004D14E0	?InitNitro@vehCarAudioContainer@@QAEXPBDPAVvehCarSim@@PAVvehCarDamage@@H@Z	272	1	vehCarAudioContainer	InitNitro
004D15F0	??1vehCarAudioContainer@@QAE@XZ	112	1	vehCarAudioContainer	~vehCarAudioContainer
004D1660	?Set2DPan@vehCarAudioContainer@@QAEXM@Z	96	1	vehCarAudioContainer	Set2DPan
004D16C0	?Is3D@vehCarAudioContainer@@QAE_NXZ	48	1	vehCarAudioContainer	Is3D
004D16F0	?IsAirBorne@vehCarAudioContainer@@QAE_NXZ	64	1	vehCarAudioContainer	IsAirBorne
004D1730	?GetAudImpactPtr@vehCarAudioContainer@@QAEPAVAudImpact@@XZ	64	1	vehCarAudioContainer	GetAudImpactPtr
004D1770	?GetCarAudioPtr@vehCarAudioContainer@@QAEPAVvehCarAudio@@XZ	16	1	vehCarAudioContainer	GetCarAudioPtr
004D1780	?GetNitroCarAudioPtr@vehCarAudioContainer@@QAEPAVvehNitroCarAudio@@XZ	16	1	vehCarAudioContainer	GetNitroCarAudioPtr
004D1790	?GetPoliceCarAudioPtr@vehCarAudioContainer@@QAEPAVvehPoliceCarAudio@@XZ	16	1	vehCarAudioContainer	GetPoliceCarAudioPtr
004D17A0	?GetSemiCarAudioPtr@vehCarAudioContainer@@QAEPAVvehSemiCarAudio@@XZ	16	1	vehCarAudioContainer	GetSemiCarAudioPtr
004D17B0	?IsPlayer@vehCarAudioContainer@@QAE_NXZ	16	1	vehCarAudioContainer	IsPlayer
004D17C0	?PlayHorn@vehCarAudioContainer@@QAEXXZ	64	1	vehCarAudioContainer	PlayHorn
004D1800	?StopHorn@vehCarAudioContainer@@QAEXXZ	64	1	vehCarAudioContainer	StopHorn
004D1840	?Set3D@vehCarAudioContainer@@QAEX_N@Z	80	1	vehCarAudioContainer	Set3D
004D1890	?PlayNitro@vehCarAudioContainer@@QAEXXZ	16	1	vehCarAudioContainer	PlayNitro
004D18A0	?StopNitro@vehCarAudioContainer@@QAEXXZ	16	1	vehCarAudioContainer	StopNitro
004D18B0	?StartSiren@vehCarAudioContainer@@QAEXXZ	16	1	vehCarAudioContainer	StartSiren
004D18C0	?StopSiren@vehCarAudioContainer@@QAEXXZ	16	1	vehCarAudioContainer	StopSiren
004D18D0	?RemoveNetVehicleAudio@vehCarAudioContainer@@QAEXXZ	64	1	vehCarAudioContainer	RemoveNetVehicleAudio
004D1910	?SilenceEngine@vehCarAudioContainer@@QAEXH@Z	112	1	vehCarAudioContainer	SilenceEngine
004D1980	?Update@vehCarAudioContainer@@QAEXXZ	64	1	vehCarAudioContainer	Update
004D19C0	?Reset@vehCarAudioContainer@@QAEXXZ	64	1	vehCarAudioContainer	Reset
004D1A00	?IsSemiOrBus@vehCarAudioContainer@@SA_NPBD@Z	112	1	vehCarAudioContainer	IsSemiOrBus
004D1A70	?IsPolice@vehCarAudioContainer@@SA_NPBD@Z	400	1	vehCarAudioContainer	IsPolice
004D1C00	??0vehWheelPtx@@QAE@XZ	96	1	vehWheelPtx	vehWheelPtx
004D1C60	??1vehWheelPtx@@UAE@XZ	96	1	vehWheelPtx	~vehWheelPtx
004D1CC0	?ConstructClass@vehWheelPtx@@SAXPBD@Z	208	1	vehWheelPtx	ConstructClass
004D1D90	?DestroyClass@vehWheelPtx@@SAXXZ	48	1	vehWheelPtx	DestroyClass
004D1DC0	?Reset@vehWheelPtx@@UAEXXZ	16	1	vehWheelPtx	Reset
004D1DD0	?Init@vehWheelPtx@@QAEXPAVvehCarSim@@@Z	112	1	vehWheelPtx	Init
004D1E40	?Update@vehWheelPtx@@UAEXXZ	80	1	vehWheelPtx	Update
004D1E90	?UpdateWheel@vehWheelPtx@@QAEXPAVvehWheel@@@Z	96	1	vehWheelPtx	UpdateWheel
004D1EF0	?Blast@vehWheelPtx@@QAEXPAVvehWheel@@MHH@Z	624	1	vehWheelPtx	Blast
004D2160	??_GvehWheelPtx@@UAEPAXI@Z	48	1	vehWheelPtx	`scalar deleting destructor'
004D2190	??0vehWheel@@QAE@XZ	336	1	vehWheel	vehWheel
004D22E0	?Reset@vehWheel@@UAEXXZ	272	1	vehWheel	Reset
004D23F0	?ComputeConstants@vehWheel@@QAEXXZ	160	1	vehWheel	ComputeConstants
004D2490	?AddNormalLoad@vehWheel@@QAEXM@Z	48	1	vehWheel	AddNormalLoad
004D24C0	?SetNormalLoad@vehWheel@@QAEXM@Z	272	1	vehWheel	SetNormalLoad
004D25D0	?ComputeFriction@vehWheel@@AAEMMPAM@Z	192	1	vehWheel	ComputeFriction
004D2690	?Init@vehWheel@@QAEXPAVvehCarSim@@PBDPADVVector3@@PAVphInertialCS@@HH@Z	144	1	vehWheel	Init
004D2720	?CalcSuspensionForce@vehWheel@@AAEXM_NM@Z	736	1	vehWheel	CalcSuspensionForce
004D2A00	?ComputeDwtdw@vehWheel@@QAEXMPAM00@Z	2624	1	vehWheel	ComputeDwtdw
004D3440	?GetBumpDisplacement@vehWheel@@AAEMM@Z	160	1	vehWheel	GetBumpDisplacement
004D34E0	?Update@vehWheel@@UAEXXZ	2688	1	vehWheel	Update
004D3F60	?GetSurfaceSound@vehWheel@@QAEHXZ	32	1	vehWheel	GetSurfaceSound
004D3F80	?SetInputs@vehWheel@@QAEXMMM@Z	176	1	vehWheel	SetInputs
004D4030	?GetVisualDispVert@vehWheel@@QAEMXZ	96	1	vehWheel	GetVisualDispVert
004D4090	?GetVisualDispLat@vehWheel@@QAEMXZ	64	1	vehWheel	GetVisualDispLat
004D40D0	?GetVisualDispLong@vehWheel@@QAEMXZ	64	1	vehWheel	GetVisualDispLong
004D4110	?CopyVars@vehWheel@@QAEXPAV1@@Z	176	1	vehWheel	CopyVars
004D41C0	?FileIO@vehWheel@@UAEXAAVdatParser@@@Z	464	1	vehWheel	FileIO
004D4390	??_GvehWheel@@UAEPAXI@Z	48	1	vehWheel	`scalar deleting destructor'
004D43C0	?GetClassName@vehWheel@@UAEPADXZ	16	1	vehWheel	GetClassName
004D43D0	??0vehPoliceCarAudio@@QAE@PAVvehCarSim@@PAVvehCarDamage@@PBD2_N@Z	240	1	vehPoliceCarAudio	vehPoliceCarAudio
004D44C0	??1vehPoliceCarAudio@@UAE@XZ	208	1	vehPoliceCarAudio	~vehPoliceCarAudio
004D4590	?DeallocateSirenPlayInfo@vehPoliceCarAudio@@AAEXPAUtagSirenData@@@Z	96	1	vehPoliceCarAudio	DeallocateSirenPlayInfo
004D45F0	?EchoOn@vehPoliceCarAudio@@QAEXXZ	128	1	vehPoliceCarAudio	EchoOn
004D4670	?EchoOff@vehPoliceCarAudio@@QAEXXZ	64	1	vehPoliceCarAudio	EchoOff
004D46B0	?UpdateEcho@vehPoliceCarAudio@@QAEXXZ	64	1	vehPoliceCarAudio	UpdateEcho
004D46F0	?Init@vehPoliceCarAudio@@QAEXPAVvehCarSim@@PAVvehCarDamage@@PBD2_N@Z	64	1	vehPoliceCarAudio	Init
004D4730	?Load@vehPoliceCarAudio@@AAEXPBD@Z	208	1	vehPoliceCarAudio	Load
004D4800	?ReadSirenData@vehPoliceCarAudio@@AAEXPAVStream@@@Z	480	1	vehPoliceCarAudio	ReadSirenData
004D49E0	?ReadSirenData@vehPoliceCarAudio@@AAEXPAUtagSirenData@@PAD@Z	112	1	vehPoliceCarAudio	ReadSirenData
004D4A50	?ReadSirenPlayInfo@vehPoliceCarAudio@@AAEXPAUtagSirenData@@PAD@Z	176	1	vehPoliceCarAudio	ReadSirenPlayInfo
004D4B00	?ExplosionIsPlaying@vehPoliceCarAudio@@QAEHXZ	32	1	vehPoliceCarAudio	ExplosionIsPlaying
004D4B20	?StartSiren@vehPoliceCarAudio@@QAEXH@Z	256	1	vehPoliceCarAudio	StartSiren
004D4C20	?StopSiren@vehPoliceCarAudio@@QAEXXZ	112	1	vehPoliceCarAudio	StopSiren
004D4C90	?PlayExplosion@vehPoliceCarAudio@@QAEXXZ	192	1	vehPoliceCarAudio	PlayExplosion
004D4D50	?DamageSiren@vehPoliceCarAudio@@QAEXXZ	240	1	vehPoliceCarAudio	DamageSiren
004D4E40	?UpdateSiren@vehPoliceCarAudio@@QAEHMMM@Z	288	1	vehPoliceCarAudio	UpdateSiren
004D4F60	?UpdateSiren@vehPoliceCarAudio@@QAEXXZ	80	1	vehPoliceCarAudio	UpdateSiren
004D4FB0	?FluctuateSiren@vehPoliceCarAudio@@AAEXXZ	176	1	vehPoliceCarAudio	FluctuateSiren
004D5060	?UpdateAudio3D@vehPoliceCarAudio@@QAEHM@Z	80	1	vehPoliceCarAudio	UpdateAudio3D
004D50B0	?UpdateExplosion@vehPoliceCarAudio@@QAEXMM@Z	112	1	vehPoliceCarAudio	UpdateExplosion
004D5120	?PlayVoice@vehPoliceCarAudio@@QAEXXZ	16	1	vehPoliceCarAudio	PlayVoice
004D5130	?AssignSounds@vehPoliceCarAudio@@UAEXXZ	240	1	vehPoliceCarAudio	AssignSounds
004D5220	?UnAssignSounds@vehPoliceCarAudio@@UAEXH@Z	112	1	vehPoliceCarAudio	UnAssignSounds
004D5290	?Reset@vehPoliceCarAudio@@QAEXXZ	16	1	vehPoliceCarAudio	Reset
004D52A0	?UpdateAudio@vehPoliceCarAudio@@UAEXXZ	80	1	vehPoliceCarAudio	UpdateAudio
004D52F0	?UpdateAudio3D@vehPoliceCarAudio@@QAEXXZ	192	1	vehPoliceCarAudio	UpdateAudio3D
004D53B0	?UpdateAudioNon3D@vehPoliceCarAudio@@QAEXXZ	80	1	vehPoliceCarAudio	UpdateAudioNon3D
004D5400	?RandomizeNumber@vehPoliceCarAudio@@QAEFXZ	64	1	vehPoliceCarAudio	RandomizeNumber
004D5440	?GetNumCopsPursuingPlayer@vehPoliceCarAudio@@SAHXZ	16	1	vehPoliceCarAudio	GetNumCopsPursuingPlayer
004D5450	?SetNon3DParams@vehPoliceCarAudio@@UAEXXZ	160	1	vehPoliceCarAudio	SetNon3DParams
004D54F0	?Set2DPan@vehPoliceCarAudio@@QAEXM@Z	128	1	vehPoliceCarAudio	Set2DPan
004D5570	?Set3DParams@vehPoliceCarAudio@@UAEXXZ	16	1	vehPoliceCarAudio	Set3DParams
004D5580	?RemoveFromManager@vehPoliceCarAudio@@QAEXXZ	16	1	vehPoliceCarAudio	RemoveFromManager
004D5590	?Update@vehPoliceCarAudio@@UAEXXZ	304	1	vehPoliceCarAudio	Update
004D56C0	??0vehFeedback@@QAE@XZ	128	1	vehFeedback	vehFeedback
004D5740	??1vehFeedback@@UAE@XZ	16	1	vehFeedback	~vehFeedback
004D5750	?GetPad@vehFeedback@@QAEPAVioPad@@XZ	16	1	vehFeedback	GetPad
004D5760	?SetPad@vehFeedback@@QAEXPAVioPad@@@Z	16	1	vehFeedback	SetPad
004D5770	?GetPadID@vehFeedback@@QAEHXZ	16	1	vehFeedback	GetPadID
004D5780	?SetPadID@vehFeedback@@QAEXH@Z	32	1	vehFeedback	SetPadID
004D57A0	?SetFeedback@vehFeedback@@UAEH_N@Z	16	1	vehFeedback	SetFeedback
004D57B0	?SetTimingUnit@vehFeedback@@UAEHM@Z	48	1	vehFeedback	SetTimingUnit
004D57E0	?GetNumActuators@vehFeedback@@UAEHXZ	16	1	vehFeedback	GetNumActuators
004D57F0	?SetActuatorValue@vehFeedback@@UAEHHM@Z	64	1	vehFeedback	SetActuatorValue
004D5830	?PlayFeedbackSample@vehFeedback@@UAEHHHPAMPAH@Z	128	1	vehFeedback	PlayFeedbackSample
004D58B0	?PlayFeedbackSampleID@vehFeedback@@UAEHH@Z	96	1	vehFeedback	PlayFeedbackSampleID
004D5910	?ClearAllSamples@vehFeedback@@UAEH_N@Z	112	1	vehFeedback	ClearAllSamples
004D5980	?GetNextUnit@vehFeedback@@UAEMH@Z	256	1	vehFeedback	GetNextUnit
004D5A80	?Update@vehFeedback@@UAEHXZ	208	1	vehFeedback	Update
004D5B50	??_GvehFeedback@@UAEPAXI@Z	48	1	vehFeedback	`scalar deleting destructor'
004D5B80	??0vehGyro@@QAE@XZ	64	1	vehGyro	vehGyro
004D5BC0	?GetDirName@vehGyro@@UAEPBDXZ	16	1	vehGyro	GetDirName
004D5BD0	?Init@vehGyro@@QAEXPAVvehCarSim@@PBD@Z	48	1	vehGyro	Init
004D5C00	?Update@vehGyro@@UAEXXZ	736	1	vehGyro	Update
004D5EE0	?FileIO@vehGyro@@UAEXAAVdatParser@@@Z	128	1	vehGyro	FileIO
004D5F60	??_GvehGyro@@UAEPAXI@Z	48	1	vehGyro	`scalar deleting destructor'
004D5F90	??1vehGyro@@UAE@XZ	16	1	vehGyro	~vehGyro
004D5FA0	?GetClassName@vehGyro@@UAEPADXZ	16	1	vehGyro	GetClassName
004D5FB0	??0vehStuck@@QAE@XZ	176	1	vehStuck	vehStuck
004D6060	?Reset@vehStuck@@UAEXXZ	32	1	vehStuck	Reset
004D6080	?GetDirName@vehStuck@@UAEPBDXZ	16	1	vehStuck	GetDirName
004D6090	?Init@vehStuck@@QAEXPAVvehCarSim@@PBD@Z	48	1	vehStuck	Init
004D60C0	?Impact@vehStuck@@QAEXXZ	64	1	vehStuck	Impact
004D6100	?Pegged@vehStuck@@QAEHXZ	64	1	vehStuck	Pegged
004D6140	?Update@vehStuck@@UAEXXZ	976	1	vehStuck	Update
004D6510	?FileIO@vehStuck@@UAEXAAVdatParser@@@Z	160	1	vehStuck	FileIO
004D65B0	??_GvehStuck@@UAEPAXI@Z	48	1	vehStuck	`scalar deleting destructor'
004D65E0	??1vehStuck@@UAE@XZ	16	1	vehStuck	~vehStuck
004D65F0	?GetClassName@vehStuck@@UAEPADXZ	16	1	vehStuck	GetClassName
004D6600	??0vehSiren@@QAE@XZ	48	1	vehSiren	vehSiren
004D6630	??1vehSiren@@QAE@XZ	80	1	vehSiren	~vehSiren
004D6680	?Init@vehSiren@@QAE_NXZ	192	1	vehSiren	Init
004D6740	?AddLight@vehSiren@@QAE_NABVVector3@@0@Z	224	1	vehSiren	AddLight
004D6820	?Reset@vehSiren@@QAEXXZ	16	1	vehSiren	Reset
004D6830	?Update@vehSiren@@QAEXXZ	80	1	vehSiren	Update
004D6880	?Draw@vehSiren@@QAEXABVMatrix34@@@Z	384	1	vehSiren	Draw
004D6A00	??0vehSplash@@QAE@XZ	112	1	vehSplash	vehSplash
004D6A70	?Reset@vehSplash@@UAEXXZ	16	1	vehSplash	Reset
004D6A80	?Init@vehSplash@@QAEXPAVphInertialCS@@ABVVector3@@1@Z	336	1	vehSplash	Init
004D6BD0	?Activate@vehSplash@@QAEXM@Z	32	1	vehSplash	Activate
004D6BF0	?Update@vehSplash@@UAEXXZ	784	1	vehSplash	Update
004D6F00	??_GvehSplash@@UAEPAXI@Z	48	1	vehSplash	`scalar deleting destructor'
004D6F30	??1vehSplash@@UAE@XZ	16	1	vehSplash	~vehSplash
004D6F40	??0vehTrailer@@QAE@XZ	608	1	vehTrailer	vehTrailer
004D71A0	??1vehTrailer@@UAE@XZ	320	1	vehTrailer	~vehTrailer
004D72E0	?GetDirName@vehTrailer@@UAEPBDXZ	16	1	vehTrailer	GetDirName
004D72F0	?Init@vehTrailer@@QAEXPBDABVVector3@@PAVvehCarSim@@H@Z	1248	1	vehTrailer	Init
004D77D0	?SetMatrix@vehTrailerInstance@@UAEXABVMatrix34@@@Z	32	1	vehTrailerInstance	SetMatrix
004D77F0	?GetMatrix@vehTrailerInstance@@UAEABVMatrix34@@AAV2@@Z	32	1	vehTrailerInstance	GetMatrix
004D7810	?GetPosition@vehTrailerInstance@@UAEABVVector3@@XZ	16	1	vehTrailerInstance	GetPosition
004D7820	?GetEntity@vehTrailerInstance@@UAEPAVdgPhysEntity@@XZ	16	1	vehTrailerInstance	GetEntity
004D7830	?AttachEntity@vehTrailerInstance@@UAEPAVdgPhysEntity@@XZ	16	1	vehTrailerInstance	AttachEntity
004D7840	?GetVelocity@vehTrailerInstance@@UAEABVVector3@@XZ	16	1	vehTrailerInstance	GetVelocity
004D7850	?SizeOf@vehTrailerInstance@@UAEIXZ	16	1	vehTrailerInstance	SizeOf
004D7860	?GetInst@vehTrailer@@UAEPAVlvlInstance@@XZ	16	1	vehTrailer	GetInst
004D7870	?RequiresTerrainCollision@vehTrailer@@UAE_NXZ	272	1	vehTrailer	RequiresTerrainCollision
004D7980	?BottomedOut@vehTrailer@@QAEHXZ	64	1	vehTrailer	BottomedOut
004D79C0	?Reset@vehTrailer@@UAEXXZ	320	1	vehTrailer	Reset
004D7B00	?Update@vehTrailer@@UAEXXZ	320	1	vehTrailer	Update
004D7C40	?PostUpdate@vehTrailer@@UAEXXZ	16	1	vehTrailer	PostUpdate
004D7C50	?SetCarHitchOffset@vehTrailer@@QAEXXZ	48	1	vehTrailer	SetCarHitchOffset
004D7C80	?SetTrailerHitchOffset@vehTrailer@@QAEXXZ	48	1	vehTrailer	SetTrailerHitchOffset
004D7CB0	?FileIO@vehTrailer@@UAEXAAVdatParser@@@Z	224	1	vehTrailer	FileIO
004D7D90	?Save@vehTrailer@@UAE_NXZ	48	1	vehTrailer	Save
004D7DC0	?Load@vehTrailer@@UAE_NXZ	48	1	vehTrailer	Load
004D7DF0	?Init@vehTrailerInstance@@QAEXPBDABVVector3@@H@Z	304	1	vehTrailerInstance	Init
004D7F20	?Draw@vehTrailerInstance@@UAEXH@Z	720	1	vehTrailerInstance	Draw
004D81F0	?DrawShadow@vehTrailerInstance@@UAEXXZ	304	1	vehTrailerInstance	DrawShadow
004D8320	?DrawShadowMap@vehTrailerInstance@@UAEXXZ	256	1	vehTrailerInstance	DrawShadowMap
004D8420	?GetTrailerHitch@vehTrailerInstance@@QAE_NPAVVector3@@@Z	144	1	vehTrailerInstance	GetTrailerHitch
004D84B0	??_EvehTrailer@@UAEPAXI@Z	48	1	vehTrailer	`vector deleting destructor'
004D84E0	j_??1lvlInstance@@QAE@XZ_0	16	1		j_??1lvlInstance@@QAE@XZ_0
004D84F0	??_EvehTrailer@@WLE@AEPAXI@Z	16	1	vehTrailer	`vector deleting destructor'`adjustor{180}'
004D8500	?Update@vehTrailer@@WLE@AEXXZ	16	1	vehTrailer	Update
004D8510	?GetClassName@vehTrailer@@UAEPADXZ	16	1	vehTrailer	GetClassName
004D8520	?GetICS@vehTrailer@@UAEPAVphInertialCS@@XZ	16	1	vehTrailer	GetICS
004D8530	??0vehBreakable@@QAE@PAPAVmodStatic@@AAVMatrix34@@HHH@Z	80	1	vehBreakable	vehBreakable
004D8580	??0vehBreakableMgr@@QAE@XZ	48	1	vehBreakableMgr	vehBreakableMgr
004D85B0	??1vehBreakableMgr@@QAE@XZ	48	1	vehBreakableMgr	~vehBreakableMgr
004D85E0	?Init@vehBreakableMgr@@QAE_NPAVMatrix34@@@Z	32	1	vehBreakableMgr	Init
004D8600	?Create@vehBreakableMgr@@QAEPAVvehBreakable@@PBD0PAPAVmodStatic@@HH@Z	160	1	vehBreakableMgr	Create
004D86A0	?Add@vehBreakableMgr@@QAEXPBD0PAPAVmodStatic@@HH@Z	80	1	vehBreakableMgr	Add
004D86F0	?Get@vehBreakableMgr@@QAEPAVvehBreakable@@H@Z	32	1	vehBreakableMgr	Get
004D8710	?Reset@vehBreakableMgr@@QAEXXZ	96	1	vehBreakableMgr	Reset
004D8770	?Update@vehBreakableMgr@@QAEXXZ	16	1	vehBreakableMgr	Update
004D8780	?Draw@vehBreakableMgr@@QAEXABVMatrix34@@PAVmodShader@@H@Z	272	1	vehBreakableMgr	Draw
004D8890	?DrawCityLit@vehBreakableMgr@@QAEXABVMatrix34@@PAVmodShader@@H@Z	16	1	vehBreakableMgr	DrawCityLit
004D88A0	?Impact@vehBreakableMgr@@QAEXMABVVector3@@H@Z	160	1	vehBreakableMgr	Impact
004D8940	?Eject@vehBreakableMgr@@QAEXPAVvehBreakable@@H@Z	624	1	vehBreakableMgr	Eject
004D8BB0	?EjectAll@vehBreakableMgr@@QAEXH@Z	48	1	vehBreakableMgr	EjectAll
004D8BE0	?Add@vehBreakable@@QAEXPAV1@@Z	48	1	vehBreakable	Add
004D8C10	??0vehEngine@@QAE@XZ	192	1	vehEngine	vehEngine
004D8CD0	??1vehEngine@@UAE@XZ	16	1	vehEngine	~vehEngine
004D8CE0	?Reset@vehEngine@@UAEXXZ	64	1	vehEngine	Reset
004D8D20	?Init@vehEngine@@QAEXPAVvehCarSim@@PBD1@Z	160	1	vehEngine	Init
004D8DC0	?ComputeConstants@vehEngine@@QAEXXZ	96	1	vehEngine	ComputeConstants
004D8E20	?CalcTorqueAtFullThrottle@vehEngine@@QAEMM@Z	128	1	vehEngine	CalcTorqueAtFullThrottle
004D8EA0	?CalcTorqueAtZeroThrottle@vehEngine@@QAEMXZ	48	1	vehEngine	CalcTorqueAtZeroThrottle
004D8ED0	?CalcTorque@vehEngine@@QAEMM@Z	64	1	vehEngine	CalcTorque
004D8F10	?CalcHPAtFullThrottle@vehEngine@@QAEMM@Z	32	1	vehEngine	CalcHPAtFullThrottle
004D8F30	?Update@vehEngine@@UAEXXZ	784	1	vehEngine	Update
004D9240	?FileIO@vehEngine@@UAEXAAVdatParser@@@Z	160	1	vehEngine	FileIO
004D92E0	??_GvehEngine@@UAEPAXI@Z	48	1	vehEngine	`scalar deleting destructor'
004D9310	?GetClassName@vehEngine@@UAEPADXZ	16	1	vehEngine	GetClassName
004D9320	??0vehAero@@QAE@XZ	64	1	vehAero	vehAero
004D9360	?Update@vehAero@@UAEXXZ	896	1	vehAero	Update
004D96E0	?FileIO@vehAero@@UAEXAAVdatParser@@@Z	128	1	vehAero	FileIO
004D9760	??_GvehAero@@UAEPAXI@Z	48	1	vehAero	`scalar deleting destructor'
004D9790	?GetClassName@vehAero@@UAEPADXZ	16	1	vehAero	GetClassName
004D97A0	??0vehSuspension@@QAE@XZ	112	1	vehSuspension	vehSuspension
004D9810	?Init@vehSuspension@@QAEXPAVvehCarSim@@PBD1PAVvehWheel@@@Z	160	1	vehSuspension	Init
004D98B0	?Update@vehSuspension@@UAEXXZ	112	1	vehSuspension	Update
004D9920	?Copy@vehSuspension@@QAEXABV1@@Z	48	1	vehSuspension	Copy
004D9950	??_GvehSuspension@@UAEPAXI@Z	48	1	vehSuspension	`scalar deleting destructor'
004D9980	?GetClassName@vehSuspension@@UAEPADXZ	16	1	vehSuspension	GetClassName
004D9990	??0vehAxle@@QAE@XZ	144	1	vehAxle	vehAxle
004D9A20	?ComputeConstants@vehAxle@@QAEXXZ	48	1	vehAxle	ComputeConstants
004D9A50	?Init@vehAxle@@QAEXPAVvehCarSim@@PBD1PAVvehWheel@@2@Z	208	1	vehAxle	Init
004D9B20	?Update@vehAxle@@UAEXXZ	384	1	vehAxle	Update
004D9CA0	?FileIO@vehAxle@@UAEXAAVdatParser@@@Z	80	1	vehAxle	FileIO
004D9CF0	??_GvehAxle@@UAEPAXI@Z	48	1	vehAxle	`scalar deleting destructor'
004D9D20	?GetClassName@vehAxle@@UAEPADXZ	64	1	vehAxle	GetClassName
004D9D60	??0vehDrivetrain@@QAE@XZ	112	1	vehDrivetrain	vehDrivetrain
004D9DD0	?Init@vehDrivetrain@@QAEXPAVvehCarSim@@@Z	16	1	vehDrivetrain	Init
004D9DE0	?CopyVars@vehDrivetrain@@QAEXPAV1@@Z	32	1	vehDrivetrain	CopyVars
004D9E00	?Reset@vehDrivetrain@@UAEXXZ	32	1	vehDrivetrain	Reset
004D9E20	?Attach@vehDrivetrain@@QAEXXZ	32	1	vehDrivetrain	Attach
004D9E40	?Detach@vehDrivetrain@@QAEXXZ	16	1	vehDrivetrain	Detach
004D9E50	?AddWheel@vehDrivetrain@@QAEHPAVvehWheel@@@Z	64	1	vehDrivetrain	AddWheel
004D9E90	?Update@vehDrivetrain@@UAEXXZ	1760	1	vehDrivetrain	Update
004DA570	?FileIO@vehDrivetrain@@UAEXAAVdatParser@@@Z	96	1	vehDrivetrain	FileIO
004DA5D0	??_GvehDrivetrain@@UAEPAXI@Z	48	1	vehDrivetrain	`scalar deleting destructor'
004DA600	?GetClassName@vehDrivetrain@@UAEPADXZ	16	1	vehDrivetrain	GetClassName
004DA610	??0vehBound@@QAE@XZ	112	1	vehBound	vehBound
004DA680	??1vehBound@@QAE@XZ	96	1	vehBound	~vehBound
004DA6E0	?Init@vehBound@@QAEXXZ	32	1	vehBound	Init
004DA700	?SetFriction@vehBound@@UAEXM@Z	16	1	vehBound	SetFriction
004DA710	?SetElasticity@vehBound@@UAEXM@Z	16	1	vehBound	SetElasticity
004DA720	??0aiEngineAudio@@QAE@XZ	32	1	aiEngineAudio	aiEngineAudio
004DA740	??0aiEngineAudio@@QAE@PAV0@@Z	224	1	aiEngineAudio	aiEngineAudio
004DA820	??1aiEngineAudio@@QAE@XZ	176	1	aiEngineAudio	~aiEngineAudio
004DA8D0	?Load@aiEngineAudio@@SAHPAPAV1@PAD1PAH@Z	192	1	aiEngineAudio	Load
004DA990	?AddToHash@aiEngineAudio@@SAXPADH@Z	64	1	aiEngineAudio	AddToHash
004DA9D0	?ReadCSV@aiEngineAudio@@AAEHPAVStream@@@Z	576	1	aiEngineAudio	ReadCSV
004DAC10	?EchoOn@aiEngineAudio@@QAEXM@Z	48	1	aiEngineAudio	EchoOn
004DAC40	?EchoOff@aiEngineAudio@@QAEXXZ	16	1	aiEngineAudio	EchoOff
004DAC50	?UpdateEcho@aiEngineAudio@@QAEXXZ	16	1	aiEngineAudio	UpdateEcho
004DAC60	?AssignSounds@aiEngineAudio@@QAEXH@Z	32	1	aiEngineAudio	AssignSounds
004DAC80	?UnAssignSounds@aiEngineAudio@@QAEXXZ	32	1	aiEngineAudio	UnAssignSounds
004DACA0	?CalculatePitch@aiEngineAudio@@QAEXMMH@Z	144	1	aiEngineAudio	CalculatePitch
004DAD30	?UpdateDoppler@aiEngineAudio@@QAEXMMM@Z	400	1	aiEngineAudio	UpdateDoppler
004DAEC0	??0vehHornAudio@@QAE@XZ	48	1	vehHornAudio	vehHornAudio
004DAEF0	??0vehHornAudio@@QAE@PAV0@@Z	304	1	vehHornAudio	vehHornAudio
004DB020	??1vehHornAudio@@QAE@XZ	96	1	vehHornAudio	~vehHornAudio
004DB080	?AllocTiming@vehHornAudio@@QAEXXZ	176	1	vehHornAudio	AllocTiming
004DB130	?GetHornAudioTimingPtr@vehHornAudio@@QAEPAVvehHornAudioTiming@@H@Z	16	1	vehHornAudio	GetHornAudioTimingPtr
004DB140	?GetNumTimings@vehHornAudio@@QAEHXZ	16	1	vehHornAudio	GetNumTimings
004DB150	?UpdateDoppler@vehHornAudio@@QAEXMMM@Z	112	1	vehHornAudio	UpdateDoppler
004DB1C0	?IsPlaying@vehHornAudio@@QAE_NXZ	32	1	vehHornAudio	IsPlaying
004DB1E0	?PlayAvoidance@vehHornAudio@@QAE_NXZ	160	1	vehHornAudio	PlayAvoidance
004DB280	?PlayImpact@vehHornAudio@@QAEXM@Z	144	1	vehHornAudio	PlayImpact
004DB310	?Reset@vehHornAudio@@QAEXXZ	16	1	vehHornAudio	Reset
004DB320	?AssignSounds@vehHornAudio@@QAEXH@Z	48	1	vehHornAudio	AssignSounds
004DB350	?UnAssignSounds@vehHornAudio@@QAEXXZ	128	1	vehHornAudio	UnAssignSounds
004DB3D0	?Load@vehHornAudio@@SAHPAPAV1@PAD1PAH@Z	192	1	vehHornAudio	Load
004DB490	?AddToHash@vehHornAudio@@SAXPADH@Z	64	1	vehHornAudio	AddToHash
004DB4D0	?ReadCSV@vehHornAudio@@AAEHPAVStream@@@Z	432	1	vehHornAudio	ReadCSV
004DB680	?Update@vehHornAudio@@QAEXXZ	32	1	vehHornAudio	Update
004DB6A0	?EchoOn@vehHornAudio@@QAEXM@Z	48	1	vehHornAudio	EchoOn
004DB6D0	?EchoOff@vehHornAudio@@QAEXXZ	16	1	vehHornAudio	EchoOff
004DB6E0	?UpdateEcho@vehHornAudio@@QAEXXZ	304	1	vehHornAudio	UpdateEcho
004DB810	??0vehCarAudio@@QAE@PAVvehCarSim@@PAVvehCarDamage@@PBD_N3@Z	128	1	vehCarAudio	vehCarAudio
004DB890	??1vehCarAudio@@UAE@XZ	112	1	vehCarAudio	~vehCarAudio
004DB900	?Init@vehCarAudio@@QAEXPAVvehCarSim@@PAVvehCarDamage@@PBD_N33@Z	592	1	vehCarAudio	Init
004DBB50	?GetCurrentGear@vehCarAudio@@QAEHXZ	16	1	vehCarAudio	GetCurrentGear
004DBB60	?UpdateGear@vehCarAudio@@QAEXXZ	80	1	vehCarAudio	UpdateGear
004DBBB0	?UpdateAudio@vehCarAudio@@UAEXXZ	96	1	vehCarAudio	UpdateAudio
004DBC10	?UpdateAudio3D@vehCarAudio@@QAEHXZ	160	1	vehCarAudio	UpdateAudio3D
004DBCB0	?UpdateAudioNon3D@vehCarAudio@@QAEXXZ	80	1	vehCarAudio	UpdateAudioNon3D
004DBD00	?UpdateAudio3D@vehCarAudio@@QAEHM@Z	304	1	vehCarAudio	UpdateAudio3D
004DBE30	?Reset@vehCarAudio@@QAEXXZ	16	1	vehCarAudio	Reset
004DBE40	?AssignSounds@vehCarAudio@@UAEXXZ	320	1	vehCarAudio	AssignSounds
004DBF80	?UnAssignSounds@vehCarAudio@@UAEXH@Z	128	1	vehCarAudio	UnAssignSounds
004DC000	?SetMinAmpSpeed@vehCarAudio@@QAEXM@Z	32	1	vehCarAudio	SetMinAmpSpeed
004DC020	?Load@vehCarAudio@@QAEHPBD_N@Z	416	1	vehCarAudio	Load
004DC1C0	?RemoveFromManager@vehCarAudio@@QAEXXZ	16	1	vehCarAudio	RemoveFromManager
004DC1D0	?PlayHorn@vehCarAudio@@QAEXXZ	64	1	vehCarAudio	PlayHorn
004DC210	?StopHorn@vehCarAudio@@QAEXXZ	48	1	vehCarAudio	StopHorn
004DC240	?SetNon3DParams@vehCarAudio@@UAEXXZ	192	1	vehCarAudio	SetNon3DParams
004DC300	?Set3DParams@vehCarAudio@@UAEXXZ	32	1	vehCarAudio	Set3DParams
004DC320	?Update@vehCarAudio@@UAEXXZ	32	1	vehCarAudio	Update
004DC340	?IsAirBorne@vehCarAudio@@QAE_NXZ	16	1	vehCarAudio	IsAirBorne
004DC350	?EchoOn@vehCarAudio@@QAEXXZ	176	1	vehCarAudio	EchoOn
004DC400	?EchoOff@vehCarAudio@@QAEXXZ	80	1	vehCarAudio	EchoOff
004DC450	?Set2DPan@vehCarAudio@@QAEXM@Z	112	1	vehCarAudio	Set2DPan
004DC4C0	?UpdateEcho@vehCarAudio@@QAEXXZ	48	1	vehCarAudio	UpdateEcho
004DC4F0	?IsBrakeing@vehCarAudio@@QAE_NXZ	16	1	vehCarAudio	IsBrakeing
004DC500	?GetSpeed@vehCarAudio@@QAEMXZ	16	1	vehCarAudio	GetSpeed
004DC510	?LoadImpacts@vehCarAudio@@AAE_NPAD0@Z	544	1	vehCarAudio	LoadImpacts
004DC730	?GetAudImpactPtr@vehCarAudio@@QAEPAVAudImpact@@XZ	16	1	vehCarAudio	GetAudImpactPtr
004DC740	?InitStatics@vehCarAudio@@SAXXZ	16	1	vehCarAudio	InitStatics
004DC750	?DeallocateStatics@vehCarAudio@@SAXXZ	480	1	vehCarAudio	DeallocateStatics
004DC930	??0vehSemiCarAudio@@QAE@PAVvehCarSim@@PAVvehCarDamage@@PAD_N3@Z	144	1	vehSemiCarAudio	vehSemiCarAudio
004DC9C0	??1vehSemiCarAudio@@UAE@XZ	16	1	vehSemiCarAudio	~vehSemiCarAudio
004DC9D0	?Init@vehSemiCarAudio@@QAEXPAVvehCarSim@@PAVvehCarDamage@@PAD_N33@Z	112	1	vehSemiCarAudio	Init
004DCA40	?UpdateAudio@vehSemiCarAudio@@UAEXXZ	80	1	vehSemiCarAudio	UpdateAudio
004DCA90	?UpdateAudio3D@vehSemiCarAudio@@QAEXXZ	192	1	vehSemiCarAudio	UpdateAudio3D
004DCB50	?UpdateAudioNon3D@vehSemiCarAudio@@QAEXXZ	32	1	vehSemiCarAudio	UpdateAudioNon3D
004DCB70	?UpdateReverse@vehSemiCarAudio@@QAEXXZ	96	1	vehSemiCarAudio	UpdateReverse
004DCBD0	?UpdateAirBlow@vehSemiCarAudio@@QAEXXZ	112	1	vehSemiCarAudio	UpdateAirBlow
004DCC40	?Reset@vehSemiCarAudio@@QAEXXZ	16	1	vehSemiCarAudio	Reset
004DCC50	?AssignSounds@vehSemiCarAudio@@UAEXXZ	160	1	vehSemiCarAudio	AssignSounds
004DCCF0	?UnAssignSounds@vehSemiCarAudio@@UAEXH@Z	128	1	vehSemiCarAudio	UnAssignSounds
004DCD70	?Load@vehSemiCarAudio@@QAEXPAD@Z	272	1	vehSemiCarAudio	Load
004DCE80	?RemoveFromManager@vehSemiCarAudio@@QAEXXZ	16	1	vehSemiCarAudio	RemoveFromManager
004DCE90	?SetNon3DParams@vehSemiCarAudio@@UAEXXZ	160	1	vehSemiCarAudio	SetNon3DParams
004DCF30	?Set3DParams@vehSemiCarAudio@@UAEXXZ	16	1	vehSemiCarAudio	Set3DParams
004DCF40	?Update@vehSemiCarAudio@@UAEXXZ	16	1	vehSemiCarAudio	Update
004DCF50	?EchoOn@vehSemiCarAudio@@QAEXXZ	128	1	vehSemiCarAudio	EchoOn
004DCFD0	?EchoOff@vehSemiCarAudio@@QAEXXZ	48	1	vehSemiCarAudio	EchoOff
004DD000	?Set2DPan@vehSemiCarAudio@@QAEXM@Z	80	1	vehSemiCarAudio	Set2DPan
004DD050	?UpdateEcho@vehSemiCarAudio@@QAEXXZ	336	1	vehSemiCarAudio	UpdateEcho
004DD1A0	??0vehNitroCarAudio@@QAE@PAVvehCarSim@@PAVvehCarDamage@@PAD_N3@Z	144	1	vehNitroCarAudio	vehNitroCarAudio
004DD230	??1vehNitroCarAudio@@UAE@XZ	16	1	vehNitroCarAudio	~vehNitroCarAudio
004DD240	?Init@vehNitroCarAudio@@QAEXPAVvehCarSim@@PAVvehCarDamage@@PAD_N33@Z	96	1	vehNitroCarAudio	Init
004DD2A0	?UpdateAudio@vehNitroCarAudio@@UAEXXZ	80	1	vehNitroCarAudio	UpdateAudio
004DD2F0	?UpdateAudio3D@vehNitroCarAudio@@QAEXXZ	128	1	vehNitroCarAudio	UpdateAudio3D
004DD370	?UpdateAudioNon3D@vehNitroCarAudio@@QAEXXZ	16	1	vehNitroCarAudio	UpdateAudioNon3D
004DD380	?Reset@vehNitroCarAudio@@QAEXXZ	16	1	vehNitroCarAudio	Reset
004DD390	?AssignSounds@vehNitroCarAudio@@UAEXXZ	112	1	vehNitroCarAudio	AssignSounds
004DD400	?UnAssignSounds@vehNitroCarAudio@@UAEXH@Z	80	1	vehNitroCarAudio	UnAssignSounds
004DD450	?Load@vehNitroCarAudio@@QAEXPAD@Z	256	1	vehNitroCarAudio	Load
004DD550	?RemoveFromManager@vehNitroCarAudio@@QAEXXZ	16	1	vehNitroCarAudio	RemoveFromManager
004DD560	?SetNon3DParams@vehNitroCarAudio@@UAEXXZ	112	1	vehNitroCarAudio	SetNon3DParams
004DD5D0	?Set3DParams@vehNitroCarAudio@@UAEXXZ	16	1	vehNitroCarAudio	Set3DParams
004DD5E0	?Update@vehNitroCarAudio@@UAEXXZ	16	1	vehNitroCarAudio	Update
004DD5F0	?EchoOn@vehNitroCarAudio@@QAEXXZ	96	1	vehNitroCarAudio	EchoOn
004DD650	?EchoOff@vehNitroCarAudio@@QAEXXZ	32	1	vehNitroCarAudio	EchoOff
004DD670	?Set2DPan@vehNitroCarAudio@@QAEXM@Z	64	1	vehNitroCarAudio	Set2DPan
004DD6B0	?UpdateEcho@vehNitroCarAudio@@QAEXXZ	32	1	vehNitroCarAudio	UpdateEcho
004DD6D0	?PlayNitro@vehNitroCarAudio@@QAEXXZ	144	1	vehNitroCarAudio	PlayNitro
004DD760	?StopNitro@vehNitroCarAudio@@QAEXXZ	336	1	vehNitroCarAudio	StopNitro
004DD8B0	??0vehEngineAudio@@QAE@XZ	16	1	vehEngineAudio	vehEngineAudio
004DD8C0	??1vehEngineAudio@@UAE@XZ	112	1	vehEngineAudio	~vehEngineAudio
004DD930	?GetSoundIndex@vehEngineAudio@@QAEHH@Z	32	1	vehEngineAudio	GetSoundIndex
004DD950	?Stop@vehEngineAudio@@QAEXXZ	48	1	vehEngineAudio	Stop
004DD980	?UpdateRPM@vehEngineAudio@@QAEXMMMM@Z	64	1	vehEngineAudio	UpdateRPM
004DD9C0	?UpdateRPM@vehEngineAudio@@QAEXM@Z	48	1	vehEngineAudio	UpdateRPM
004DD9F0	?EchoOn@vehEngineAudio@@QAEXM@Z	48	1	vehEngineAudio	EchoOn
004DDA20	?EchoOff@vehEngineAudio@@QAEXXZ	48	1	vehEngineAudio	EchoOff
004DDA50	?Enable3DMode@vehEngineAudio@@QAEXPAVVector3@@@Z	16	1	vehEngineAudio	Enable3DMode
004DDA60	?Disable3DMode@vehEngineAudio@@QAEXXZ	16	1	vehEngineAudio	Disable3DMode
004DDA70	?AssignSounds@vehEngineAudio@@QAEXH@Z	80	1	vehEngineAudio	AssignSounds
004DDAC0	?UnAssignSounds@vehEngineAudio@@QAEXXZ	48	1	vehEngineAudio	UnAssignSounds
004DDAF0	?Load@vehEngineAudio@@QAEHPAVStream@@@Z	480	1	vehEngineAudio	Load
004DDCD0	?Silence@vehEngineAudio@@QAEXH@Z	48	1	vehEngineAudio	Silence
004DDD00	?SetPan@vehEngineAudio@@QAEXM@Z	336	1	vehEngineAudio	SetPan
004DDE50	??0vehSurfaceAudio@@QAE@XZ	160	1	vehSurfaceAudio	vehSurfaceAudio
004DDEF0	??1vehSurfaceAudio@@UAE@XZ	96	1	vehSurfaceAudio	~vehSurfaceAudio
004DDF50	?SetDamagePtr@vehSurfaceAudio@@QAEXPAVvehCarDamage@@@Z	16	1	vehSurfaceAudio	SetDamagePtr
004DDF60	?SetWheelPointers@vehSurfaceAudio@@QAEXPAVvehWheel@@000@Z	64	1	vehSurfaceAudio	SetWheelPointers
004DDFA0	?IsBrakeing@vehSurfaceAudio@@QAE_NXZ	48	1	vehSurfaceAudio	IsBrakeing
004DDFD0	?Update@vehSurfaceAudio@@QAEXPAVvehCarSim@@MM@Z	96	1	vehSurfaceAudio	Update
004DE030	?Update@vehSurfaceAudio@@QAEXPAVvehCarSim@@@Z	80	1	vehSurfaceAudio	Update
004DE080	?UpdateSurface@vehSurfaceAudio@@QAEXM@Z	288	1	vehSurfaceAudio	UpdateSurface
004DE1A0	?UpdateSurface@vehSurfaceAudio@@QAEXMMM@Z	288	1	vehSurfaceAudio	UpdateSurface
004DE2C0	?UpdateSkid@vehSurfaceAudio@@QAEXM@Z	304	1	vehSurfaceAudio	UpdateSkid
004DE3F0	?UpdateSkid@vehSurfaceAudio@@QAEXMMM@Z	320	1	vehSurfaceAudio	UpdateSkid
004DE530	?SurfaceChanged@vehSurfaceAudio@@QAEHXZ	48	1	vehSurfaceAudio	SurfaceChanged
004DE560	?LoadCSV@vehSurfaceAudio@@QAE_NPAD0@Z	464	1	vehSurfaceAudio	LoadCSV
004DE730	?LoadSuspension@vehSurfaceAudio@@QAEHPAD0@Z	400	1	vehSurfaceAudio	LoadSuspension
004DE8C0	?EchoOn@vehSurfaceAudio@@QAEXM@Z	48	1	vehSurfaceAudio	EchoOn
004DE8F0	?EchoOff@vehSurfaceAudio@@QAEXXZ	48	1	vehSurfaceAudio	EchoOff
004DE920	?SetPan@vehSurfaceAudio@@QAEXM@Z	64	1	vehSurfaceAudio	SetPan
004DE960	?StopSkid@vehSurfaceAudio@@QAEXXZ	16	1	vehSurfaceAudio	StopSkid
004DE970	?StopSurface@vehSurfaceAudio@@QAEXXZ	16	1	vehSurfaceAudio	StopSurface
004DE980	?AssignSounds@vehSurfaceAudio@@QAEXH@Z	112	1	vehSurfaceAudio	AssignSounds
004DE9F0	?UnAssignSounds@vehSurfaceAudio@@QAEXXZ	64	1	vehSurfaceAudio	UnAssignSounds
004DEA30	?UpdateSuspension@vehSurfaceAudio@@QAEXXZ	224	1	vehSurfaceAudio	UpdateSuspension
004DEB10	?UpdateSuspension@vehSurfaceAudio@@QAEXMM@Z	256	1	vehSurfaceAudio	UpdateSuspension
004DEC10	?LoadTireWobble@vehSurfaceAudio@@QAEHPAD0@Z	384	1	vehSurfaceAudio	LoadTireWobble
004DED90	?UpdateTireWobble@vehSurfaceAudio@@QAEXPAVvehCarSim@@@Z	656	1	vehSurfaceAudio	UpdateTireWobble
004DF020	?UpdateTireWobble@vehSurfaceAudio@@QAEXPAVvehCarSim@@MM@Z	336	1	vehSurfaceAudio	UpdateTireWobble
004DF170	?UpdateEcho@vehSurfaceAudio@@QAEXXZ	16	1	vehSurfaceAudio	UpdateEcho
004DF180	?UpdateAir@vehSurfaceAudio@@QAEXXZ	208	1	vehSurfaceAudio	UpdateAir
004DF250	?SetPositionPtr@vehSurfaceAudio@@QAEXPAVVector3@@@Z	16	1	vehSurfaceAudio	SetPositionPtr
004DF260	??0vehHornAudioTiming@@QAE@XZ	32	1	vehHornAudioTiming	vehHornAudioTiming
004DF280	??0vehHornAudioTiming@@QAE@PAV0@@Z	96	1	vehHornAudioTiming	vehHornAudioTiming
004DF2E0	??1vehHornAudioTiming@@QAE@XZ	80	1	vehHornAudioTiming	~vehHornAudioTiming
004DF330	?Reset@vehHornAudioTiming@@QAEXXZ	16	1	vehHornAudioTiming	Reset
004DF340	?AllocPlayPause@vehHornAudioTiming@@QAEXMM@Z	144	1	vehHornAudioTiming	AllocPlayPause
004DF3D0	?Stop@vehHornAudioTiming@@QAEXPAVAudSoundBase@@@Z	48	1	vehHornAudioTiming	Stop
004DF400	?Play@vehHornAudioTiming@@QAEXPAVAudSoundBase@@@Z	64	1	vehHornAudioTiming	Play
004DF440	?Update@vehHornAudioTiming@@QAEXPAVAudSoundBase@@@Z	272	1	vehHornAudioTiming	Update
004DF550	??0vehEngineSampleWrapper@@QAE@XZ	32	1	vehEngineSampleWrapper	vehEngineSampleWrapper
004DF570	??1vehEngineSampleWrapper@@UAE@XZ	16	1	vehEngineSampleWrapper	~vehEngineSampleWrapper
004DF580	?SetSoundPtr@vehEngineSampleWrapper@@QAEXPAVAudSoundBase@@@Z	48	1	vehEngineSampleWrapper	SetSoundPtr
004DF5B0	?DeallocateSoundPtr@vehEngineSampleWrapper@@QAEXXZ	32	1	vehEngineSampleWrapper	DeallocateSoundPtr
004DF5D0	?Stop@vehEngineSampleWrapper@@QAEXXZ	32	1	vehEngineSampleWrapper	Stop
004DF5F0	?SetPan@vehEngineSampleWrapper@@QAEXM@Z	32	1	vehEngineSampleWrapper	SetPan
004DF610	?UpdateRPM@vehEngineSampleWrapper@@QAEXMMMM@Z	208	1	vehEngineSampleWrapper	UpdateRPM
004DF6E0	?UpdateRPM@vehEngineSampleWrapper@@QAEXM@Z	176	1	vehEngineSampleWrapper	UpdateRPM
004DF790	?CalculateVolumeOld@vehEngineSampleWrapper@@QAEMM@Z	96	1	vehEngineSampleWrapper	CalculateVolumeOld
004DF7F0	?CalculateVolume@vehEngineSampleWrapper@@QAEMM@Z	112	1	vehEngineSampleWrapper	CalculateVolume
004DF860	?CalculatePitch@vehEngineSampleWrapper@@QAEMM@Z	64	1	vehEngineSampleWrapper	CalculatePitch
004DF8A0	?EchoOn@vehEngineSampleWrapper@@QAEXM@Z	48	1	vehEngineSampleWrapper	EchoOn
004DF8D0	?EchoOff@vehEngineSampleWrapper@@QAEXXZ	32	1	vehEngineSampleWrapper	EchoOff
004DF8F0	?Silence@vehEngineSampleWrapper@@QAEXH@Z	48	1	vehEngineSampleWrapper	Silence
004DF920	?ParseCSVBufferOld@vehEngineSampleWrapper@@QAEXPAD@Z	288	1	vehEngineSampleWrapper	ParseCSVBufferOld
004DFA40	?ParseCSVBuffer@vehEngineSampleWrapper@@QAEXPAD@Z	464	1	vehEngineSampleWrapper	ParseCSVBuffer
004DFC10	?SetMaxVolume@vehEngineSampleWrapper@@QAEXM@Z	320	1	vehEngineSampleWrapper	SetMaxVolume
004DFD50	??0vehSurfaceAudioData@@QAE@XZ	48	1	vehSurfaceAudioData	vehSurfaceAudioData
004DFD80	??1vehSurfaceAudioData@@UAE@XZ	32	1	vehSurfaceAudioData	~vehSurfaceAudioData
004DFDA0	?AllocateSkidSamples@vehSurfaceAudioData@@QAEXH@Z	48	1	vehSurfaceAudioData	AllocateSkidSamples
004DFDD0	?StopSkid@vehSurfaceAudioData@@QAEXXZ	64	1	vehSurfaceAudioData	StopSkid
004DFE10	?UpdateSkid@vehSurfaceAudioData@@QAEXMMM@Z	512	1	vehSurfaceAudioData	UpdateSkid
004E0010	?UpdateSkid@vehSurfaceAudioData@@QAEXM@Z	176	1	vehSurfaceAudioData	UpdateSkid
004E00C0	?UpdateSurface@vehSurfaceAudioData@@QAEXMMM@Z	160	1	vehSurfaceAudioData	UpdateSurface
004E0160	?UpdateSurface@vehSurfaceAudioData@@QAEXM@Z	128	1	vehSurfaceAudioData	UpdateSurface
004E01E0	?StopSurface@vehSurfaceAudioData@@QAEXXZ	32	1	vehSurfaceAudioData	StopSurface
004E0200	?ParseCSVBuffer@vehSurfaceAudioData@@QAE_NPAVStream@@@Z	736	1	vehSurfaceAudioData	ParseCSVBuffer
004E04E0	?SkidPlaying@vehSurfaceAudioData@@QAEHXZ	64	1	vehSurfaceAudioData	SkidPlaying
004E0520	?SurfacePlaying@vehSurfaceAudioData@@QAEHXZ	32	1	vehSurfaceAudioData	SurfacePlaying
004E0540	?GetSurfaceSoundPtr@vehSurfaceAudioData@@QAEPAVAudSoundBase@@XZ	16	1	vehSurfaceAudioData	GetSurfaceSoundPtr
004E0550	?AssignSounds@vehSurfaceAudioData@@QAEXH@Z	96	1	vehSurfaceAudioData	AssignSounds
004E05B0	?UnAssignSounds@vehSurfaceAudioData@@QAEXXZ	48	1	vehSurfaceAudioData	UnAssignSounds
004E05E0	?SetPan@vehSurfaceAudioData@@QAEXM@Z	96	1	vehSurfaceAudioData	SetPan
004E0640	?EchoOn@vehSurfaceAudioData@@QAEXM@Z	128	1	vehSurfaceAudioData	EchoOn
004E06C0	?EchoOff@vehSurfaceAudioData@@QAEXXZ	176	1	vehSurfaceAudioData	EchoOff
004E0770	??0UIMenu@@QAE@H@Z	256	1	UIMenu	UIMenu
004E0870	??1UIMenu@@UAE@XZ	192	1	UIMenu	~UIMenu
004E0930	?AssignName@UIMenu@@QAEXPAULocString@@@Z	80	1	UIMenu	AssignName
004E0980	?AssignBackground@UIMenu@@QAEXPAD@Z	80	1	UIMenu	AssignBackground
004E09D0	?Enable@UIMenu@@QAEXXZ	112	1	UIMenu	Enable
004E0A40	?Disable@UIMenu@@QAEXXZ	32	1	UIMenu	Disable
004E0A60	?PreSetup@UIMenu@@UAEXXZ	16	1	UIMenu	PreSetup
004E0A70	?PostSetup@UIMenu@@UAEXXZ	16	1	UIMenu	PostSetup
004E0A80	?Update@UIMenu@@UAEXXZ	16	1	UIMenu	Update
004E0A90	?SetAction@UIMenu@@QAEXW4eSource@1@@Z	32	1	UIMenu	SetAction
004E0AB0	?ForceWidgetAction@UIMenu@@QAEXH@Z	32	1	UIMenu	ForceWidgetAction
004E0AD0	?ClearAction@UIMenu@@QAEXXZ	16	1	UIMenu	ClearAction
004E0AE0	?ClearToolTip@UIMenu@@QAEXXZ	48	1	UIMenu	ClearToolTip
004E0B10	?BackUp@UIMenu@@UAEXXZ	16	1	UIMenu	BackUp
004E0B20	?SetBstate@UIMenu@@QAEXH@Z	48	1	UIMenu	SetBstate
004E0B50	?SetFocusWidget@UIMenu@@QAEXH@Z	64	1	UIMenu	SetFocusWidget
004E0B90	?GetWidgetID@UIMenu@@QAEHXZ	16	1	UIMenu	GetWidgetID
004E0BA0	?GetBstate@UIMenu@@QAEHXZ	16	1	UIMenu	GetBstate
004E0BB0	?GetDimensions@UIMenu@@QAEXAAM000@Z	48	1	UIMenu	GetDimensions
004E0BE0	?DisableIME@UIMenu@@QAEXXZ	32	1	UIMenu	DisableIME
004E0C00	?FindTheFirstFocusWidget@UIMenu@@QAEHXZ	64	1	UIMenu	FindTheFirstFocusWidget
004E0C40	?Increment@UIMenu@@QAEHXZ	176	1	UIMenu	Increment
004E0CF0	?Decrement@UIMenu@@QAEHXZ	176	1	UIMenu	Decrement
004E0DA0	?ScanInput@UIMenu@@QAEHPATeqEvent@@@Z	64	1	UIMenu	ScanInput
004E0DE0	?CheckInput@UIMenu@@UAEXXZ	144	1	UIMenu	CheckInput
004E0E70	?ScaleWidget@UIMenu@@QAEXAAM000@Z	64	1	UIMenu	ScaleWidget
004E0EB0	?AddHotSpot@UIMenu@@QAEPAVuiWidget@@HPADMMMMVdatCallback@@@Z	224	1	UIMenu	AddHotSpot
004E0F90	?AddTextDropdown@UIMenu@@QAEPAVUITextDropdown@@HPAULocString@@PAHMMMMVstring@@HHHVdatCallback@@PAD3@Z	400	1	UIMenu	AddTextDropdown
004E1120	?AddTextRoller@UIMenu@@QAEPAVUITextRoller@@HPAULocString@@PAHMMMMVstring@@HHHHVdatCallback@@@Z	336	1	UIMenu	AddTextRoller
004E1270	?AddTextRoller2@UIMenu@@QAEPAVUITextRoller2@@HPAULocString@@PAHMMMMVstring@@HHHHVdatCallback@@@Z	368	1	UIMenu	AddTextRoller2
004E13E0	?AddTextScroll@UIMenu@@QAEPAVUITextScroll@@HPAXMMMMVstring@@HPAHVdatCallback@@@Z	416	1	UIMenu	AddTextScroll
004E1580	?AddCompScroll@UIMenu@@QAEPAVUICompositeScroll@@HMMMMMHPAHHHVdatCallback@@@Z	384	1	UIMenu	AddCompScroll
004E1700	?AddTextField@UIMenu@@QAEPAVUITextField@@HPAULocString@@PADMMMMHHHHHVdatCallback@@@Z	352	1	UIMenu	AddTextField
004E1860	?AddUIControl@UIMenu@@QAEPAVUIControlWidget@@HMMMMMPAVmmIO@@VdatCallback@@@Z	224	1	UIMenu	AddUIControl
004E1940	?AddSlider@UIMenu@@QAEPAVUISlider@@HPAULocString@@PAMMMMMMMHHHHVdatCallback@@2@Z	336	1	UIMenu	AddSlider
004E1A90	?AddButton@UIMenu@@QAEPAVUIButton@@HPAULocString@@MMMMHHVdatCallback@@H@Z	288	1	UIMenu	AddButton
004E1BB0	?AddLabel@UIMenu@@QAEPAVUILabel@@HPAULocString@@MMMMHH@Z	256	1	UIMenu	AddLabel
004E1CB0	?AddBMLabel@UIMenu@@QAEPAVUIBMLabel@@HPADPAVstring@@MMPAH@Z	272	1	UIMenu	AddBMLabel
004E1DC0	?AddIcon@UIMenu@@QAEPAVUIIcon@@HPADMM@Z	272	1	UIMenu	AddIcon
004E1ED0	?AddIconW@UIMenu@@QAEPAVUIIconW@@HPAULocString@@PADMMMMVdatCallback@@@Z	272	1	UIMenu	AddIconW
004E1FE0	?AddToggle@UIMenu@@QAEPAVUIToggleButton@@HPAULocString@@PAHMMMMHHVdatCallback@@@Z	288	1	UIMenu	AddToggle
004E2100	?AddToggle2@UIMenu@@QAEPAVUIToggleButton2@@HPAULocString@@PAHMMMMHHVdatCallback@@@Z	288	1	UIMenu	AddToggle2
004E2220	?AddMex@UIMenu@@QAEPAVUIMexButton@@HPAULocString@@PAHHMMMMHHVdatCallback@@@Z	288	1	UIMenu	AddMex
004E2340	?AddBMButton@UIMenu@@QAEPAVUIBMButton@@HPADMMHVdatCallback@@PAHHH1@Z	400	1	UIMenu	AddBMButton
004E24D0	?AddCWArray@UIMenu@@QAEPAVUICWArray@@HMMMMHVdatCallback@@@Z	320	1	UIMenu	AddCWArray
004E2610	?AddVScrollBar@UIMenu@@QAEPAVUIVScrollBar@@HPAHMMMMMMHHVdatCallback@@@Z	336	1	UIMenu	AddVScrollBar
004E2760	?MouseAction@UIMenu@@QAEXTeqEvent@@@Z	112	1	UIMenu	MouseAction
004E27D0	?KeyboardAction@UIMenu@@QAEXTeqEvent@@@Z	144	1	UIMenu	KeyboardAction
004E2860	?MouseHitCheck@UIMenu@@QAEPAVuiWidget@@HMM@Z	256	1	UIMenu	MouseHitCheck
004E2960	?SetSelected@UIMenu@@QAEXXZ	48	1	UIMenu	SetSelected
004E2990	?ClearSelected@UIMenu@@QAEXXZ	48	1	UIMenu	ClearSelected
004E29C0	?ClearWidgets@UIMenu@@QAEXXZ	48	1	UIMenu	ClearWidgets
004E29F0	?CheckMouseHits@UIMenu@@QAEXXZ	336	1	UIMenu	CheckMouseHits
004E2B40	?AddWidget@UIMenu@@QAEXPAVuiWidget@@PADMMMMH1@Z	512	1	UIMenu	AddWidget
004E2D40	??_GUIMenu@@UAEPAXI@Z	48	1	UIMenu	`scalar deleting destructor'
004E2D70	?IsAnOptionMenu@UIMenu@@UAEHXZ	16	1	UIMenu	IsAnOptionMenu
004E2D80	??0string@@QAE@ABV0@@Z	112	1	string	string
004E2DF0	??0MenuManager@@QAE@XZ	1696	1	MenuManager	MenuManager
004E3490	??1MenuManager@@UAE@XZ	608	1	MenuManager	~MenuManager
004E36F0	?GetScale@MenuManager@@QAEXAAM000@Z	112	1	MenuManager	GetScale
004E3760	?MouseAction@MenuManager@@QAEPAVuiWidget@@HMM@Z	128	1	MenuManager	MouseAction
004E37E0	?ClearAllWidgets@MenuManager@@QAEXXZ	64	1	MenuManager	ClearAllWidgets
004E3820	?Init@MenuManager@@QAEXHHPAD@Z	752	1	MenuManager	Init
004E3B10	?Init@MenuManager@@QAEXPAVasCamera@@HHMMMM@Z	544	1	MenuManager	Init
004E3D30	?InitCommonStuff@MenuManager@@QAEXHH@Z	768	1	MenuManager	InitCommonStuff
004E4030	?AddPointer@MenuManager@@QAEXXZ	16	1	MenuManager	AddPointer
004E4040	?InitGlobalStrings@MenuManager@@QAEXXZ	2144	1	MenuManager	InitGlobalStrings
004E48A0	?LoadRaceNames@MenuManager@@QAEXXZ	912	1	MenuManager	LoadRaceNames
004E4C30	?GetControllerName@MenuManager@@QAEPADH@Z	160	1	MenuManager	GetControllerName
004E4CD0	?GetFont@MenuManager@@QAEPAXH@Z	208	1	MenuManager	GetFont
004E4DA0	?GetFGColor@MenuManager@@QAEAAVVector4@@H@Z	384	1	MenuManager	GetFGColor
004E4F20	?CheckBG@MenuManager@@QAEXPAVUIMenu@@@Z	32	1	MenuManager	CheckBG
004E4F40	?SetDefaultBackgroundImage@MenuManager@@QAEXPAD@Z	96	1	MenuManager	SetDefaultBackgroundImage
004E4FA0	?SetBackgroundImage@MenuManager@@QAEXPAD@Z	80	1	MenuManager	SetBackgroundImage
004E4FF0	?TogglePU@MenuManager@@QAEXXZ	32	1	MenuManager	TogglePU
004E5010	?EnablePU@MenuManager@@QAEXXZ	112	1	MenuManager	EnablePU
004E5080	?AdjustPopupCard@MenuManager@@QAEXPAVUIMenu@@@Z	80	1	MenuManager	AdjustPopupCard
004E50D0	?DisablePU@MenuManager@@QAEXXZ	64	1	MenuManager	DisablePU
004E5110	?OpenDialog@MenuManager@@QAEXH@Z	128	1	MenuManager	OpenDialog
004E5190	?CloseDialog@MenuManager@@QAEXXZ	48	1	MenuManager	CloseDialog
004E51C0	?Enable@MenuManager@@QAEXH@Z	112	1	MenuManager	Enable
004E5230	?Disable@MenuManager@@QAEXH@Z	64	1	MenuManager	Disable
004E5270	?EnableNavBar@MenuManager@@QAEXXZ	32	1	MenuManager	EnableNavBar
004E5290	?DisableNavBar@MenuManager@@QAEXXZ	16	1	MenuManager	DisableNavBar
004E52A0	?Kill@MenuManager@@QAEXXZ	128	1	MenuManager	Kill
004E5320	?PlaySound@MenuManager@@QAEXH@Z	176	1	MenuManager	PlaySound
004E53D0	?DeclareLastDrawn@MenuManager@@QAEXPAVasNode@@@Z	16	1	MenuManager	DeclareLastDrawn
004E53E0	?ResChange@MenuManager@@UAEXHH@Z	48	1	MenuManager	ResChange
004E5410	?Update@MenuManager@@UAEXXZ	48	1	MenuManager	Update
004E5440	?Flush@MenuManager@@QAEXXZ	48	1	MenuManager	Flush
004E5470	?CheckInput@MenuManager@@QAEXXZ	128	1	MenuManager	CheckInput
004E54F0	?ToggleFocus@MenuManager@@QAEXH@Z	128	1	MenuManager	ToggleFocus
004E5570	?RegisterWidgetFocus@MenuManager@@QAEXHMMMMPAVuiWidget@@@Z	96	1	MenuManager	RegisterWidgetFocus
004E55D0	?ScanGlobalKeys@MenuManager@@QAEHH@Z	624	1	MenuManager	ScanGlobalKeys
004E5840	?SwitchFocus@MenuManager@@QAEXPAVUIMenu@@@Z	80	1	MenuManager	SwitchFocus
004E5890	?NotifyMouseSelect@MenuManager@@QAEXPAVUIMenu@@@Z	64	1	MenuManager	NotifyMouseSelect
004E58D0	?GetCurrentMenu@MenuManager@@QAEPAVUIMenu@@XZ	48	1	MenuManager	GetCurrentMenu
004E5900	?FindMenu@MenuManager@@QAEHH@Z	64	1	MenuManager	FindMenu
004E5940	?CurrentMenuSelected@MenuManager@@QAEHXZ	32	1	MenuManager	CurrentMenuSelected
004E5960	?MenuState@MenuManager@@QAEHH@Z	80	1	MenuManager	MenuState
004E59B0	?ActionID@MenuManager@@QAEHH@Z	64	1	MenuManager	ActionID
004E59F0	?ForceCurrentFocus@MenuManager@@QAEXXZ	48	1	MenuManager	ForceCurrentFocus
004E5A20	?SetFocus@MenuManager@@QAEXPAVUIMenu@@@Z	16	1	MenuManager	SetFocus
004E5A30	?Switch@MenuManager@@QAEHH@Z	160	1	MenuManager	Switch
004E5AD0	?SetPreviousMenu@MenuManager@@QAEXH@Z	48	1	MenuManager	SetPreviousMenu
004E5B00	?GetPreviousMenu@MenuManager@@QAEHXZ	32	1	MenuManager	GetPreviousMenu
004E5B20	?AddMenu2@MenuManager@@QAEHPAVUIMenu@@@Z	96	1	MenuManager	AddMenu2
004E5B80	?DeleteMenu@MenuManager@@QAEXPAVUIMenu@@@Z	96	1	MenuManager	DeleteMenu
004E5BE0	?PlayMenuSwitchSound@MenuManager@@AAEXXZ	176	1	MenuManager	PlayMenuSwitchSound
004E5C90	?AllocateMenuSwitchAudio@MenuManager@@QAEXXZ	416	1	MenuManager	AllocateMenuSwitchAudio
004E5E30	?PlayRecordsSound@MenuManager@@QAEXXZ	48	1	MenuManager	PlayRecordsSound
004E5E60	?PlayReplaySound@MenuManager@@QAEXXZ	48	1	MenuManager	PlayReplaySound
004E5E90	?AddBrackets@MenuManager@@QAEXPAVUIIcon@@0PAVuiWidget@@MM@Z	224	1	MenuManager	AddBrackets
004E5F70	?Help@MenuManager@@QAEXXZ	112	1	MenuManager	Help
004E5FE0	?HelpWatcher@@YGKPAX@Z	544	1		HelpWatcher
004E6200	??_GMenuManager@@UAEPAXI@Z	48	1	MenuManager	`scalar deleting destructor'
004E6230	??0uiNavBar@@QAE@H@Z	560	1	uiNavBar	uiNavBar
004E6460	?Help@uiNavBar@@QAEXXZ	16	1	uiNavBar	Help
004E6470	?Minimize@uiNavBar@@QAEXXZ	48	1	uiNavBar	Minimize
004E64A0	??1uiNavBar@@UAE@XZ	16	1	uiNavBar	~uiNavBar
004E64B0	?ResetState@uiNavBar@@QAEXXZ	16	1	uiNavBar	ResetState
004E64C0	?OptionActive@uiNavBar@@QAEXXZ	32	1	uiNavBar	OptionActive
004E64E0	?OptionInActive@uiNavBar@@QAEXXZ	32	1	uiNavBar	OptionInActive
004E6500	?Update@uiNavBar@@UAEXXZ	160	1	uiNavBar	Update
004E65A0	?SetPrevPos@uiNavBar@@QAEXMM@Z	80	1	uiNavBar	SetPrevPos
004E65F0	?TurnOnPrev@uiNavBar@@QAEXXZ	32	1	uiNavBar	TurnOnPrev
004E6610	?TurnOffPrev@uiNavBar@@QAEXXZ	32	1	uiNavBar	TurnOffPrev
004E6630	?SetPrevBitmap@uiNavBar@@QAEXPAD@Z	32	1	uiNavBar	SetPrevBitmap
004E6650	??_GuiNavBar@@UAEPAXI@Z	48	1	uiNavBar	`scalar deleting destructor'
004E6680	?BackUp@uiNavBar@@UAEXXZ	16	1	uiNavBar	BackUp
004E6690	??0UITextField@@QAE@XZ	288	1	UITextField	UITextField
004E67B0	??1UITextField@@UAE@XZ	112	1	UITextField	~UITextField
004E6820	?Init@UITextField@@QAEXPAULocString@@PADMMMMHHHHHVdatCallback@@PAVUIMenu@@@Z	768	1	UITextField	Init
004E6B20	?SetText@UITextField@@QAEXPAULocString@@@Z	32	1	UITextField	SetText
004E6B40	?SetField@UITextField@@QAEXPAD@Z	96	1	UITextField	SetField
004E6BA0	?CaptureAction@UITextField@@UAEXTeqEvent@@@Z	16	1	UITextField	CaptureAction
004E6BB0	?Action@UITextField@@UAEXTeqEvent@@@Z	80	1	UITextField	Action
004E6C00	?ClearField@UITextField@@QAEXXZ	96	1	UITextField	ClearField
004E6C60	?SetTextField@UITextField@@QAEXXZ	80	1	UITextField	SetTextField
004E6CB0	?ToggleField@UITextField@@QAEXH@Z	336	1	UITextField	ToggleField
004E6E00	?Switch@UITextField@@UAEXH@Z	176	1	UITextField	Switch
004E6EB0	?IsValidChar@UITextField@@QAEHG@Z	192	1	UITextField	IsValidChar
004E6F70	?WmCharHandler@UITextField@@QAEXE@Z	384	1	UITextField	WmCharHandler
004E70F0	?KeyAction@UITextField@@QAEXPATeqEvent@@@Z	272	1	UITextField	KeyAction
004E7200	?SetCompositionWindow@UITextField@@QAEXXZ	240	1	UITextField	SetCompositionWindow
004E72F0	??_GUITextField@@UAEPAXI@Z	48	1	UITextField	`scalar deleting destructor'
004E7320	??1uiWidget@@UAE@XZ	16	1	uiWidget	~uiWidget
004E7330	?Disable@uiWidget@@UAEXXZ	16	1	uiWidget	Disable
004E7340	?Enable@uiWidget@@UAEXXZ	16	1	uiWidget	Enable
004E7350	?TurnOn@uiWidget@@UAEXXZ	32	1	uiWidget	TurnOn
004E7370	?TurnOff@uiWidget@@UAEXXZ	16	1	uiWidget	TurnOff
004E7380	?SetReadOnly@uiWidget@@UAEXH@Z	32	1	uiWidget	SetReadOnly
004E73A0	?Action@uiWidget@@UAEXTeqEvent@@@Z	16	1	uiWidget	Action
004E73B0	?CaptureAction@uiWidget@@UAEXTeqEvent@@@Z	16	1	uiWidget	CaptureAction
004E73C0	?EvalMouseX@uiWidget@@UAEXM@Z	16	1	uiWidget	EvalMouseX
004E73D0	?ReturnDescription@uiWidget@@UAEPADXZ	16	1	uiWidget	ReturnDescription
004E73E0	?SetPosition@uiWidget@@UAEXMM@Z	16	1	uiWidget	SetPosition
004E73F0	?GetScreenHeight@uiWidget@@UAEMXZ	16	1	uiWidget	GetScreenHeight
004E7400	??_GuiWidget@@UAEPAXI@Z	48	1	uiWidget	`scalar deleting destructor'
004E7430	?Update@UITextField@@UAEXXZ	16	1	UITextField	Update
004E7440	??0uiWidget@@QAE@XZ	48	1	uiWidget	uiWidget
004E7470	?AddToolTip@uiWidget@@QAEXPAVUIMenu@@PAULocString@@@Z	16	1	uiWidget	AddToolTip
004E7480	?Switch@uiWidget@@UAEXH@Z	32	1	uiWidget	Switch
004E74A0	?ResetToolTip@uiWidget@@QAEXXZ	16	1	uiWidget	ResetToolTip
004E74B0	?SetToolTipText@uiWidget@@QAEXPAULocString@@@Z	32	1	uiWidget	SetToolTipText
004E74D0	??0WArray@@QAE@XZ	16	1	WArray	WArray
004E74E0	??1WArray@@QAE@XZ	16	1	WArray	~WArray
004E74F0	?Init@WArray@@QAEXH@Z	64	1	WArray	Init
004E7530	?Write@WArray@@QAEXPAD@Z	192	1	WArray	Write
004E75F0	?DumpMenu@WArray@@QAEXPAVStream@@PAVUIMenu@@@Z	576	1	WArray	DumpMenu
004E7830	?Flush@WArray@@QAEXXZ	16	1	WArray	Flush
004E7840	?Read@WArray@@QAEXPAD@Z	448	1	WArray	Read
004E7A00	?AddWidgetData@WArray@@QAEXHHAAVVector4@@PAD@Z	96	1	WArray	AddWidgetData
004E7A60	?RetrieveWidgetData@WArray@@QAEHHHAAM000@Z	544	1	WArray	RetrieveWidgetData
004E7C80	??0UITextDropdown@@QAE@XZ	160	1	UITextDropdown	UITextDropdown
004E7D20	??1UITextDropdown@@UAE@XZ	144	1	UITextDropdown	~UITextDropdown
004E7DB0	?Init@UITextDropdown@@QAEXPAULocString@@PAHMMMMVstring@@HHHVdatCallback@@PAD3@Z	976	1	UITextDropdown	Init
004E8180	?GetScreenHeight@UITextDropdown@@UAEMXZ	16	1	UITextDropdown	GetScreenHeight
004E8190	?SetPos@UITextDropdown@@QAEXMM@Z	16	1	UITextDropdown	SetPos
004E81A0	?AssignString@UITextDropdown@@QAEXVstring@@@Z	176	1	UITextDropdown	AssignString
004E8250	?SetData@UITextDropdown@@QAEXPAH@Z	48	1	UITextDropdown	SetData
004E8280	?Update@UITextDropdown@@UAEXXZ	112	1	UITextDropdown	Update
004E82F0	?SetText@UITextDropdown@@QAEXPAULocString@@@Z	16	1	UITextDropdown	SetText
004E8300	?CaptureAction@UITextDropdown@@UAEXTeqEvent@@@Z	624	1	UITextDropdown	CaptureAction
004E8570	?inRange@@YAHMMM@Z	96	1		inRange
004E85D0	?Action@UITextDropdown@@UAEXTeqEvent@@@Z	176	1	UITextDropdown	Action
004E8680	?Switch@UITextDropdown@@UAEXH@Z	144	1	UITextDropdown	Switch
004E8710	?SetSliderFocus@UITextDropdown@@QAEXH@Z	176	1	UITextDropdown	SetSliderFocus
004E87C0	?GetValue@UITextDropdown@@QAEHXZ	16	1	UITextDropdown	GetValue
004E87D0	?SetValue@UITextDropdown@@QAEHH@Z	48	1	UITextDropdown	SetValue
004E8800	?SetDisabledMask@UITextDropdown@@QAEXJ@Z	32	1	UITextDropdown	SetDisabledMask
004E8820	?AnyEnabled@UITextDropdown@@QAEHXZ	16	1	UITextDropdown	AnyEnabled
004E8830	?Cull@UITextDropdown@@UAEXXZ	96	1	UITextDropdown	Cull
004E8890	??_GUITextDropdown@@UAEPAXI@Z	48	1	UITextDropdown	`scalar deleting destructor'
004E88C0	?GetWidth@gfxPipeline@@SAHXZ	16	1	gfxPipeline	GetWidth
004E88D0	??0UITextRoller@@QAE@XZ	208	1	UITextRoller	UITextRoller
004E89A0	??1UITextRoller@@UAE@XZ	112	1	UITextRoller	~UITextRoller
004E8A10	?Init@UITextRoller@@QAEXPAULocString@@PAHMMMMVstring@@HHHHVdatCallback@@PAVUIMenu@@@Z	1168	1	UITextRoller	Init
004E8EA0	?Update@UITextRoller@@UAEXXZ	96	1	UITextRoller	Update
004E8F00	?Switch@UITextRoller@@UAEXH@Z	48	1	UITextRoller	Switch
004E8F30	?Action@UITextRoller@@UAEXTeqEvent@@@Z	240	1	UITextRoller	Action
004E9020	?EvalMouseXY@UITextRoller@@QAEXMM@Z	224	1	UITextRoller	EvalMouseXY
004E9100	?SetValue@UITextRoller@@QAEHH@Z	160	1	UITextRoller	SetValue
004E91A0	?SetString@UITextRoller@@QAEXVstring@@@Z	208	1	UITextRoller	SetString
004E9270	?SetText@UITextRoller@@QAEXXZ	112	1	UITextRoller	SetText
004E92E0	?Inc@UITextRoller@@QAEHXZ	32	1	UITextRoller	Inc
004E9300	?Dec@UITextRoller@@QAEHXZ	32	1	UITextRoller	Dec
004E9320	?Cull@UITextRoller@@UAEXXZ	160	1	UITextRoller	Cull
004E93C0	??_GUITextRoller@@UAEPAXI@Z	48	1	UITextRoller	`scalar deleting destructor'
004E93F0	??0UITextRoller2@@QAE@XZ	176	1	UITextRoller2	UITextRoller2
004E94A0	??1UITextRoller2@@UAE@XZ	112	1	UITextRoller2	~UITextRoller2
004E9510	?Init@UITextRoller2@@QAEXPAULocString@@PAHMMMMVstring@@HHHHVdatCallback@@PAVUIMenu@@@Z	1680	1	UITextRoller2	Init
004E9BA0	?Update@UITextRoller2@@UAEXXZ	96	1	UITextRoller2	Update
004E9C00	?Switch@UITextRoller2@@UAEXH@Z	160	1	UITextRoller2	Switch
004E9CA0	?Action@UITextRoller2@@UAEXTeqEvent@@@Z	240	1	UITextRoller2	Action
004E9D90	?EvalMouseXY@UITextRoller2@@QAEXMM@Z	208	1	UITextRoller2	EvalMouseXY
004E9E60	?SetValue@UITextRoller2@@QAEHH@Z	176	1	UITextRoller2	SetValue
004E9F10	?SetString@UITextRoller2@@QAEXVstring@@@Z	208	1	UITextRoller2	SetString
004E9FE0	?SetData@UITextRoller2@@QAEXPAH@Z	32	1	UITextRoller2	SetData
004EA000	?SetText@UITextRoller2@@QAEXXZ	112	1	UITextRoller2	SetText
004EA070	?Inc@UITextRoller2@@QAEHXZ	48	1	UITextRoller2	Inc
004EA0A0	?Dec@UITextRoller2@@QAEHXZ	48	1	UITextRoller2	Dec
004EA0D0	?Cull@UITextRoller2@@UAEXXZ	224	1	UITextRoller2	Cull
004EA1B0	??_GUITextRoller2@@UAEPAXI@Z	48	1	UITextRoller2	`scalar deleting destructor'
004EA1E0	??0UITextScroll@@QAE@XZ	272	1	UITextScroll	UITextScroll
004EA2F0	??1UITextScroll@@UAE@XZ	224	1	UITextScroll	~UITextScroll
004EA3D0	?Init@UITextScroll@@QAEXPAXMMMMVstring@@HPAHVdatCallback@@@Z	864	1	UITextScroll	Init
004EA730	?InitVScroll@UITextScroll@@QAEXMMM@Z	16	1	UITextScroll	InitVScroll
004EA740	?VScrollCB@UITextScroll@@QAEXXZ	64	1	UITextScroll	VScrollCB
004EA780	?SetVScrollVals@UITextScroll@@QAEXXZ	32	1	UITextScroll	SetVScrollVals
004EA7A0	?SetVScrollPos@UITextScroll@@QAEXXZ	48	1	UITextScroll	SetVScrollPos
004EA7D0	?Recalc@UITextScroll@@QAEXVstring@@@Z	384	1	UITextScroll	Recalc
004EA950	?FillScroll@UITextScroll@@AAEXXZ	224	1	UITextScroll	FillScroll
004EAA30	?GetCurrentString@UITextScroll@@QAEXPADH@Z	80	1	UITextScroll	GetCurrentString
004EAA80	?SetHighlight@UITextScroll@@QAEXH@Z	80	1	UITextScroll	SetHighlight
004EAAD0	?GetHit@UITextScroll@@QAEHMM@Z	128	1	UITextScroll	GetHit
004EAB50	?KeyAction@UITextScroll@@AAEXXZ	96	1	UITextScroll	KeyAction
004EABB0	?Action@UITextScroll@@UAEXTeqEvent@@@Z	192	1	UITextScroll	Action
004EAC70	?Switch@UITextScroll@@UAEXH@Z	64	1	UITextScroll	Switch
004EACB0	?SetTextColor@UITextScroll@@AAEXXZ	96	1	UITextScroll	SetTextColor
004EAD10	?SetText@UITextScroll@@QAEXHPAULocString@@@Z	64	1	UITextScroll	SetText
004EAD50	?ResetTextScroll@UITextScroll@@AAEXXZ	128	1	UITextScroll	ResetTextScroll
004EADD0	?InitTextScroll@UITextScroll@@AAEXVstring@@@Z	304	1	UITextScroll	InitTextScroll
004EAF00	?AddTextScrollLine@UITextScroll@@AAEXPADH@Z	128	1	UITextScroll	AddTextScrollLine
004EAF80	?AddTextScrollLine@UITextScroll@@AAEXPAD@Z	160	1	UITextScroll	AddTextScrollLine
004EB020	??_GUITextScroll@@UAEPAXI@Z	48	1	UITextScroll	`scalar deleting destructor'
004EB050	??0UICompositeScroll@@QAE@XZ	240	1	UICompositeScroll	UICompositeScroll
004EB140	??1UICompositeScroll@@UAE@XZ	160	1	UICompositeScroll	~UICompositeScroll
004EB1E0	?Init@UICompositeScroll@@QAEXMMMMMHPAHHHVdatCallback@@@Z	560	1	UICompositeScroll	Init
004EB410	?InitVScroll@UICompositeScroll@@QAEXMMM@Z	128	1	UICompositeScroll	InitVScroll
004EB490	?RemoveAllComponentChildren@UICompositeScroll@@QAEXXZ	96	1	UICompositeScroll	RemoveAllComponentChildren
004EB4F0	?AddComponent@UICompositeScroll@@QAEXPAVmmCompBase@@@Z	208	1	UICompositeScroll	AddComponent
004EB5C0	?AddTitle@UICompositeScroll@@QAEXPAVmmCompBase@@@Z	32	1	UICompositeScroll	AddTitle
004EB5E0	?GetSelectedCount@UICompositeScroll@@QAEHXZ	80	1	UICompositeScroll	GetSelectedCount
004EB630	?Redraw@UICompositeScroll@@QAEXXZ	304	1	UICompositeScroll	Redraw
004EB760	?VScrollCB@UICompositeScroll@@QAEXXZ	112	1	UICompositeScroll	VScrollCB
004EB7D0	?SetVScrollVals@UICompositeScroll@@QAEXXZ	80	1	UICompositeScroll	SetVScrollVals
004EB820	?SetVScrollPos@UICompositeScroll@@QAEXXZ	48	1	UICompositeScroll	SetVScrollPos
004EB850	?Reset@UICompositeScroll@@UAEXXZ	32	1	UICompositeScroll	Reset
004EB870	?Update@UICompositeScroll@@UAEXXZ	16	1	UICompositeScroll	Update
004EB880	?GetHit@UICompositeScroll@@QAEHMM@Z	128	1	UICompositeScroll	GetHit
004EB900	?Action@UICompositeScroll@@UAEXTeqEvent@@@Z	1040	1	UICompositeScroll	Action
004EBD10	?CaptureAction@UICompositeScroll@@UAEXTeqEvent@@@Z	112	1	UICompositeScroll	CaptureAction
004EBD80	?Switch@UICompositeScroll@@UAEXH@Z	64	1	UICompositeScroll	Switch
004EBDC0	?Clear@UICompositeScroll@@QAEXXZ	16	1	UICompositeScroll	Clear
004EBDD0	?SetHighlight@UICompositeScroll@@QAEXH@Z	32	1	UICompositeScroll	SetHighlight
004EBDF0	?SetHighlightComp@UICompositeScroll@@QAEXXZ	160	1	UICompositeScroll	SetHighlightComp
004EBE90	?GetHeight@UICompositeScroll@@QAEMXZ	32	1	UICompositeScroll	GetHeight
004EBEB0	?SetPosition@UICompositeScroll@@QAEXH@Z	64	1	UICompositeScroll	SetPosition
004EBEF0	??_GUICompositeScroll@@UAEPAXI@Z	48	1	UICompositeScroll	`scalar deleting destructor'
004EBF20	??0UIControlWidget@@QAE@XZ	272	1	UIControlWidget	UIControlWidget
004EC030	??1UIControlWidget@@UAE@XZ	160	1	UIControlWidget	~UIControlWidget
004EC0D0	?Init@UIControlWidget@@QAEXMMMMMPAVmmIO@@VdatCallback@@@Z	384	1	UIControlWidget	Init
004EC250	?SetPosition@UIControlWidget@@QAEXMMMM@Z	192	1	UIControlWidget	SetPosition
004EC310	?Update@UIControlWidget@@UAEXXZ	32	1	UIControlWidget	Update
004EC330	?UpdateField@UIControlWidget@@QAEXXZ	48	1	UIControlWidget	UpdateField
004EC360	?Action@UIControlWidget@@UAEXTeqEvent@@@Z	80	1	UIControlWidget	Action
004EC3B0	?Switch@UIControlWidget@@UAEXH@Z	112	1	UIControlWidget	Switch
004EC420	?EnableField@UIControlWidget@@QAEXXZ	96	1	UIControlWidget	EnableField
004EC480	?DisableField@UIControlWidget@@QAEXXZ	80	1	UIControlWidget	DisableField
004EC4D0	??_GUIControlWidget@@UAEPAXI@Z	48	1	UIControlWidget	`scalar deleting destructor'
004EC500	?TurnOn@UIControlWidget@@UAEXXZ	16	1	UIControlWidget	TurnOn
004EC510	?TurnOff@UIControlWidget@@UAEXXZ	16	1	UIControlWidget	TurnOff
004EC520	??0UISlider@@QAE@XZ	160	1	UISlider	UISlider
004EC5C0	??1UISlider@@UAE@XZ	112	1	UISlider	~UISlider
004EC630	?Init@UISlider@@QAEXPAULocString@@PAMMMMMMMHHHHVdatCallback@@PAVUIMenu@@2@Z	560	1	UISlider	Init
004EC860	?SetPosition@UISlider@@UAEXMM@Z	304	1	UISlider	SetPosition
004EC990	?SetText@UISlider@@QAEXPAULocString@@@Z	16	1	UISlider	SetText
004EC9A0	?Update@UISlider@@UAEXXZ	96	1	UISlider	Update
004ECA00	?Action@UISlider@@UAEXTeqEvent@@@Z	192	1	UISlider	Action
004ECAC0	?Switch@UISlider@@UAEXH@Z	128	1	UISlider	Switch
004ECB40	?TestHit@UISlider@@QAEHMM@Z	16	1	UISlider	TestHit
004ECB50	?SetReadWrite@UISlider@@QAEXH@Z	64	1	UISlider	SetReadWrite
004ECB90	?IsReadWrite@UISlider@@QAEHXZ	16	1	UISlider	IsReadWrite
004ECBA0	?GetValue@UISlider@@QAEMXZ	16	1	UISlider	GetValue
004ECBB0	?SetValue@UISlider@@QAEMM@Z	48	1	UISlider	SetValue
004ECBE0	?SetMouseParams@UISlider@@QAEXM@Z	80	1	UISlider	SetMouseParams
004ECC30	?EvalMouseXY@UISlider@@QAEXMM@Z	272	1	UISlider	EvalMouseXY
004ECD40	?SetData@UISlider@@QAEXM@Z	32	1	UISlider	SetData
004ECD60	?GetFudgeWidth@UISlider@@QAEMXZ	16	1	UISlider	GetFudgeWidth
004ECD70	??_GUISlider@@UAEPAXI@Z	48	1	UISlider	`scalar deleting destructor'
004ECDA0	?GetScreenHeight@UISlider@@UAEMXZ	16	1	UISlider	GetScreenHeight
004ECDB0	??0UIButton@@QAE@XZ	160	1	UIButton	UIButton
004ECE50	??1UIButton@@UAE@XZ	144	1	UIButton	~UIButton
004ECEE0	?Init@UIButton@@QAEXPAULocString@@HMMMMHVdatCallback@@@Z	208	1	UIButton	Init
004ECFB0	?Update@UIButton@@UAEXXZ	16	1	UIButton	Update
004ECFC0	?SetString@UIButton@@QAEXPAULocString@@@Z	32	1	UIButton	SetString
004ECFE0	?DrawOff@UIButton@@AAEXXZ	48	1	UIButton	DrawOff
004ED010	?DrawOn@UIButton@@AAEXXZ	48	1	UIButton	DrawOn
004ED040	?Action@UIButton@@UAEXTeqEvent@@@Z	80	1	UIButton	Action
004ED090	?SetReadOnly@UIButton@@UAEXH@Z	64	1	UIButton	SetReadOnly
004ED0D0	?Switch@UIButton@@UAEXH@Z	112	1	UIButton	Switch
004ED140	?SetType@UIButton@@QAEXH@Z	80	1	UIButton	SetType
004ED190	?TestHit@UIButton@@QAEHMM@Z	16	1	UIButton	TestHit
004ED1A0	??_GUIButton@@UAEPAXI@Z	48	1	UIButton	`scalar deleting destructor'
004ED1D0	?Enable@UIButton@@UAEXXZ	32	1	UIButton	Enable
004ED1F0	?Disable@UIButton@@UAEXXZ	16	1	UIButton	Disable
004ED200	??0UILabel@@QAE@XZ	128	1	UILabel	UILabel
004ED280	??1UILabel@@UAE@XZ	96	1	UILabel	~UILabel
004ED2E0	?Init@UILabel@@QAEXPAULocString@@HMMMMH@Z	192	1	UILabel	Init
004ED3A0	?SetText@UILabel@@QAEXPAULocString@@@Z	32	1	UILabel	SetText
004ED3C0	?Update@UILabel@@UAEXXZ	64	1	UILabel	Update
004ED400	?SetBlink@UILabel@@QAEXH@Z	48	1	UILabel	SetBlink
004ED430	?Switch@UILabel@@UAEXH@Z	16	1	UILabel	Switch
004ED440	?SwitchState@UILabel@@QAEXH@Z	80	1	UILabel	SwitchState
004ED490	??_GUILabel@@UAEPAXI@Z	48	1	UILabel	`scalar deleting destructor'
004ED4C0	?Action@UILabel@@UAEXTeqEvent@@@Z	16	1	UILabel	Action
004ED4D0	??0UIBMLabel@@QAE@XZ	112	1	UIBMLabel	UIBMLabel
004ED540	??1UIBMLabel@@UAE@XZ	128	1	UIBMLabel	~UIBMLabel
004ED5C0	?Init@UIBMLabel@@QAEXPAVstring@@MMPAH@Z	192	1	UIBMLabel	Init
004ED680	?SetBitmapName@UIBMLabel@@QAEXPAVstring@@@Z	160	1	UIBMLabel	SetBitmapName
004ED720	?LoadBitmap@UIBMLabel@@AAEXXZ	208	1	UIBMLabel	LoadBitmap
004ED7F0	?Update@UIBMLabel@@UAEXXZ	48	1	UIBMLabel	Update
004ED820	?Cull@UIBMLabel@@UAEXXZ	48	1	UIBMLabel	Cull
004ED850	??_GUIBMLabel@@UAEPAXI@Z	48	1	UIBMLabel	`scalar deleting destructor'
004ED880	??0UIIcon@@QAE@XZ	80	1	UIIcon	UIIcon
004ED8D0	??1UIIcon@@UAE@XZ	16	1	UIIcon	~UIIcon
004ED8E0	?Init@UIIcon@@QAEXPADMM@Z	64	1	UIIcon	Init
004ED920	?LoadBitchmap@UIIcon@@QAEXPAD@Z	16	1	UIIcon	LoadBitchmap
004ED930	?LoadBitmap@UIIcon@@QAEXPAD@Z	64	1	UIIcon	LoadBitmap
004ED970	?GetHitArea@UIIcon@@QAEXAAM0@Z	64	1	UIIcon	GetHitArea
004ED9B0	?Switch@UIIcon@@UAEXH@Z	64	1	UIIcon	Switch
004ED9F0	?Update@UIIcon@@UAEXXZ	32	1	UIIcon	Update
004EDA10	?Cull@UIIcon@@UAEXXZ	48	1	UIIcon	Cull
004EDA40	??_GUIIcon@@UAEPAXI@Z	48	1	UIIcon	`scalar deleting destructor'
004EDA70	??0UIIconW@@QAE@XZ	192	1	UIIconW	UIIconW
004EDB30	??1UIIconW@@UAE@XZ	112	1	UIIconW	~UIIconW
004EDBA0	?Init@UIIconW@@QAEXPAULocString@@PADMMMMVdatCallback@@@Z	240	1	UIIconW	Init
004EDC90	?Action@UIIconW@@UAEXTeqEvent@@@Z	96	1	UIIconW	Action
004EDCF0	?Update@UIIconW@@UAEXXZ	128	1	UIIconW	Update
004EDD70	?Switch@UIIconW@@UAEXH@Z	112	1	UIIconW	Switch
004EDDE0	??_GUIIconW@@UAEPAXI@Z	48	1	UIIconW	`scalar deleting destructor'
004EDE10	??0UIToggleButton@@QAE@XZ	128	1	UIToggleButton	UIToggleButton
004EDE90	??1UIToggleButton@@UAE@XZ	112	1	UIToggleButton	~UIToggleButton
004EDF00	?Init@UIToggleButton@@QAEXPAULocString@@PAHMMMMHHVdatCallback@@@Z	160	1	UIToggleButton	Init
004EDFA0	?DrawOff@UIToggleButton@@MAEXXZ	32	1	UIToggleButton	DrawOff
004EDFC0	?DrawOn@UIToggleButton@@MAEXXZ	32	1	UIToggleButton	DrawOn
004EDFE0	?DoToggle@UIToggleButton@@UAEXXZ	32	1	UIToggleButton	DoToggle
004EE000	?Action@UIToggleButton@@UAEXTeqEvent@@@Z	128	1	UIToggleButton	Action
004EE080	??_GUIToggleButton@@UAEPAXI@Z	48	1	UIToggleButton	`scalar deleting destructor'
004EE0B0	?Update@UIToggleButton@@UAEXXZ	16	1	UIToggleButton	Update
004EE0C0	??0UIToggleButton2@@QAE@XZ	128	1	UIToggleButton2	UIToggleButton2
004EE140	??1UIToggleButton2@@UAE@XZ	16	1	UIToggleButton2	~UIToggleButton2
004EE150	?Init@UIToggleButton2@@QAEXPAULocString@@PAHMMMMHHVdatCallback@@@Z	208	1	UIToggleButton2	Init
004EE220	?DrawOff@UIToggleButton2@@MAEXXZ	64	1	UIToggleButton2	DrawOff
004EE260	?DrawOn@UIToggleButton2@@MAEXXZ	64	1	UIToggleButton2	DrawOn
004EE2A0	?Unkill@UIToggleButton2@@QAEXXZ	48	1	UIToggleButton2	Unkill
004EE2D0	?DoToggle@UIToggleButton2@@UAEXXZ	32	1	UIToggleButton2	DoToggle
004EE2F0	?Action@UIToggleButton2@@UAEXTeqEvent@@@Z	128	1	UIToggleButton2	Action
004EE370	?Switch@UIToggleButton2@@UAEXH@Z	112	1	UIToggleButton2	Switch
004EE3E0	??_GUIToggleButton2@@UAEPAXI@Z	48	1	UIToggleButton2	`scalar deleting destructor'
004EE410	?Update@UIToggleButton2@@UAEXXZ	16	1	UIToggleButton2	Update
004EE420	?Enable@UIToggleButton2@@UAEXXZ	16	1	UIToggleButton2	Enable
004EE430	?Disable@UIToggleButton2@@UAEXXZ	16	1	UIToggleButton2	Disable
004EE440	??0UIMexButton@@QAE@XZ	128	1	UIMexButton	UIMexButton
004EE4C0	??1UIMexButton@@UAE@XZ	16	1	UIMexButton	~UIMexButton
004EE4D0	?Init@UIMexButton@@QAEXPAULocString@@PAHHMMMMHHVdatCallback@@@Z	192	1	UIMexButton	Init
004EE590	?Update@UIMexButton@@UAEXXZ	80	1	UIMexButton	Update
004EE5E0	?DrawOff@UIMexButton@@EAEXXZ	16	1	UIMexButton	DrawOff
004EE5F0	?DrawOn@UIMexButton@@EAEXXZ	48	1	UIMexButton	DrawOn
004EE620	?DoToggle@UIMexButton@@UAEXXZ	32	1	UIMexButton	DoToggle
004EE640	?Action@UIMexButton@@UAEXTeqEvent@@@Z	128	1	UIMexButton	Action
004EE6C0	??_GUIMexButton@@UAEPAXI@Z	48	1	UIMexButton	`scalar deleting destructor'
004EE6F0	??0UIBMButton@@QAE@XZ	160	1	UIBMButton	UIBMButton
004EE790	??1UIBMButton@@UAE@XZ	128	1	UIBMButton	~UIBMButton
004EE810	?Init@UIBMButton@@QAEXPADMMHHPAHHHPAULocString@@VdatCallback@@3@Z	640	1	UIBMButton	Init
004EEA90	?LoadBitmap@UIBMButton@@QAEXPAD@Z	64	1	UIBMButton	LoadBitmap
004EEAD0	?GetDiv@UIBMButton@@QAEHXZ	48	1	UIBMButton	GetDiv
004EEB00	?GetSize@UIBMButton@@AAEXXZ	48	1	UIBMButton	GetSize
004EEB30	?SetPosition@UIBMButton@@UAEXMM@Z	336	1	UIBMButton	SetPosition
004EEC80	?GetHitArea@UIBMButton@@QAEXAAM0@Z	80	1	UIBMButton	GetHitArea
004EECD0	?DoToggle@UIBMButton@@QAEXXZ	192	1	UIBMButton	DoToggle
004EED90	?Kill@UIBMButton@@QAEXXZ	32	1	UIBMButton	Kill
004EEDB0	?Unkill@UIBMButton@@QAEXXZ	64	1	UIBMButton	Unkill
004EEDF0	?Switch@UIBMButton@@UAEXH@Z	304	1	UIBMButton	Switch
004EEF20	?Action@UIBMButton@@UAEXTeqEvent@@@Z	192	1	UIBMButton	Action
004EEFE0	?MexOff@UIBMButton@@QAEXXZ	16	1	UIBMButton	MexOff
004EEFF0	?MexOn@UIBMButton@@QAEXXZ	64	1	UIBMButton	MexOn
004EF030	?MexToggle@UIBMButton@@QAEXXZ	48	1	UIBMButton	MexToggle
004EF060	?Update@UIBMButton@@UAEXXZ	400	1	UIBMButton	Update
004EF1F0	?ReturnDescription@UIBMButton@@UAEPADXZ	176	1	UIBMButton	ReturnDescription
004EF2A0	?GetScreenHeight@UIBMButton@@UAEMXZ	16	1	UIBMButton	GetScreenHeight
004EF2B0	?Cull@UIBMButton@@UAEXXZ	384	1	UIBMButton	Cull
004EF430	?AllocateSounds@UIBMButton@@CAXXZ	496	1	UIBMButton	AllocateSounds
004EF620	?PlaySound@UIBMButton@@AAEXXZ	64	1	UIBMButton	PlaySound
004EF660	??_GUIBMButton@@UAEPAXI@Z	48	1	UIBMButton	`scalar deleting destructor'
004EF690	?Enable@UIBMButton@@UAEXXZ	32	1	UIBMButton	Enable
004EF6B0	?Disable@UIBMButton@@UAEXXZ	32	1	UIBMButton	Disable
004EF6D0	??0UICWArray@@QAE@XZ	208	1	UICWArray	UICWArray
004EF7A0	??1UICWArray@@UAE@XZ	144	1	UICWArray	~UICWArray
004EF830	?Reset@UICWArray@@UAEXXZ	16	1	UICWArray	Reset
004EF840	?Init@UICWArray@@QAEXMMMMHVdatCallback@@@Z	592	1	UICWArray	Init
004EFA90	?VScrollCB@UICWArray@@QAEXXZ	112	1	UICWArray	VScrollCB
004EFB00	?SetVScrollVals@UICWArray@@QAEXXZ	112	1	UICWArray	SetVScrollVals
004EFB70	?SetVScrollPos@UICWArray@@QAEXXZ	48	1	UICWArray	SetVScrollPos
004EFBA0	?SetStartOffset@UICWArray@@QAEXH@Z	64	1	UICWArray	SetStartOffset
004EFBE0	?Redraw@UICWArray@@QAEXXZ	352	1	UICWArray	Redraw
004EFD40	?Switch@UICWArray@@UAEXH@Z	64	1	UICWArray	Switch
004EFD80	?Action@UICWArray@@UAEXTeqEvent@@@Z	320	1	UICWArray	Action
004EFEC0	?CaptureAction@UICWArray@@UAEXTeqEvent@@@Z	112	1	UICWArray	CaptureAction
004EFF30	?Update@UICWArray@@UAEXXZ	144	1	UICWArray	Update
004EFFC0	?EnterCapture@UICWArray@@QAEXH@Z	112	1	UICWArray	EnterCapture
004F0030	?ForceCapture@UICWArray@@QAEXXZ	48	1	UICWArray	ForceCapture
004F0060	?AcceptCapture@UICWArray@@QAEXXZ	80	1	UICWArray	AcceptCapture
004F00B0	?ResetCapture@UICWArray@@QAEXXZ	48	1	UICWArray	ResetCapture
004F00E0	?CheckCapture@UICWArray@@QAEXXZ	176	1	UICWArray	CheckCapture
004F0190	?SaveCFG@UICWArray@@QAEXXZ	64	1	UICWArray	SaveCFG
004F01D0	?LoadCFG@UICWArray@@QAEXXZ	80	1	UICWArray	LoadCFG
004F0220	?DefaultCFG@UICWArray@@QAEXXZ	48	1	UICWArray	DefaultCFG
004F0250	?DebugForceSetting@UICWArray@@QAEXXZ	32	1	UICWArray	DebugForceSetting
004F0270	??_GUICWArray@@UAEPAXI@Z	48	1	UICWArray	`scalar deleting destructor'
004F02A0	??_EUIControlWidget@@UAEPAXI@Z	96	1	UIControlWidget	`vector deleting destructor'
004F0300	??0UIVScrollBar@@QAE@XZ	160	1	UIVScrollBar	UIVScrollBar
004F03A0	??1UIVScrollBar@@UAE@XZ	144	1	UIVScrollBar	~UIVScrollBar
004F0430	?Init@UIVScrollBar@@QAEXMMMMHMMPAHVdatCallback@@H@Z	112	1	UIVScrollBar	Init
004F04A0	?LoadBitmap@UIVScrollBar@@QAEXXZ	288	1	UIVScrollBar	LoadBitmap
004F05C0	?SetHotSpots@UIVScrollBar@@QAEXXZ	144	1	UIVScrollBar	SetHotSpots
004F0650	?Inc@UIVScrollBar@@QAEMXZ	96	1	UIVScrollBar	Inc
004F06B0	?Dec@UIVScrollBar@@QAEMXZ	96	1	UIVScrollBar	Dec
004F0710	?SetStep@UIVScrollBar@@QAEXHM@Z	96	1	UIVScrollBar	SetStep
004F0770	?SetRange@UIVScrollBar@@QAEXMM@Z	96	1	UIVScrollBar	SetRange
004F07D0	?SetTrough@UIVScrollBar@@QAEXMM@Z	128	1	UIVScrollBar	SetTrough
004F0850	?Update@UIVScrollBar@@UAEXXZ	32	1	UIVScrollBar	Update
004F0870	?Switch@UIVScrollBar@@UAEXH@Z	80	1	UIVScrollBar	Switch
004F08C0	?Action@UIVScrollBar@@UAEXTeqEvent@@@Z	208	1	UIVScrollBar	Action
004F0990	?EvalMouseXY@UIVScrollBar@@QAEXMM@Z	400	1	UIVScrollBar	EvalMouseXY
004F0B20	?Cull@UIVScrollBar@@UAEXXZ	368	1	UIVScrollBar	Cull
004F0C90	??_GUIVScrollBar@@UAEPAXI@Z	48	1	UIVScrollBar	`scalar deleting destructor'
004F0CC0	?SetPosition@UIVScrollBar@@UAEXMM@Z	32	1	UIVScrollBar	SetPosition
004F0CE0	?Enable@UIVScrollBar@@UAEXXZ	32	1	UIVScrollBar	Enable
004F0D00	?Disable@UIVScrollBar@@UAEXXZ	32	1	UIVScrollBar	Disable
004F0D20	??0MArray@@QAE@XZ	16	1	MArray	MArray
004F0D30	??1MArray@@QAE@XZ	16	1	MArray	~MArray
004F0D40	?Init@MArray@@QAEXH@Z	64	1	MArray	Init
004F0D80	?Write@MArray@@QAEXPAD@Z	432	1	MArray	Write
004F0F30	?Flush@MArray@@QAEXXZ	16	1	MArray	Flush
004F0F40	?Read@MArray@@QAEXPAD@Z	416	1	MArray	Read
004F10E0	?AddMenuData@MArray@@QAEXHAAVVector4@@PAD@Z	80	1	MArray	AddMenuData
004F1130	?RetrieveMenuData@MArray@@QAEHHAAM000@Z	208	1	MArray	RetrieveMenuData
004F1200	??0sfPointer@@QAE@XZ	112	1	sfPointer	sfPointer
004F1270	??1sfPointer@@UAE@XZ	96	1	sfPointer	~sfPointer
004F12D0	?Init@sfPointer@@QAEXXZ	32	1	sfPointer	Init
004F12F0	?ResChange@sfPointer@@UAEXHH@Z	96	1	sfPointer	ResChange
004F1350	?GetPointerHeight@sfPointer@@QAEMXZ	16	1	sfPointer	GetPointerHeight
004F1360	?Update@sfPointer@@UAEXXZ	512	1	sfPointer	Update
004F1560	?UpdateAttached@sfPointer@@AAEXXZ	16	1	sfPointer	UpdateAttached
004F1570	?WaitForRelease@sfPointer@@QAEXXZ	16	1	sfPointer	WaitForRelease
004F1580	?Cull@sfPointer@@UAEXXZ	112	1	sfPointer	Cull
004F15F0	??_GsfPointer@@UAEPAXI@Z	48	1	sfPointer	`scalar deleting destructor'
004F1620	??0mmToolTip@@QAE@XZ	112	1	mmToolTip	mmToolTip
004F1690	??1mmToolTip@@UAE@XZ	96	1	mmToolTip	~mmToolTip
004F16F0	?Init@mmToolTip@@QAEXPAVUIMenu@@PAULocString@@@Z	176	1	mmToolTip	Init
004F17A0	?SetText@mmToolTip@@QAEXPAULocString@@@Z	32	1	mmToolTip	SetText
004F17C0	?Switch@mmToolTip@@QAEXH@Z	16	1	mmToolTip	Switch
004F17D0	?Update@mmToolTip@@UAEXXZ	16	1	mmToolTip	Update
004F17E0	??_GmmToolTip@@UAEPAXI@Z	48	1	mmToolTip	`scalar deleting destructor'
004F1810	??0TextDropWidget@@QAE@XZ	192	1	TextDropWidget	TextDropWidget
004F18D0	??1TextDropWidget@@UAE@XZ	112	1	TextDropWidget	~TextDropWidget
004F1940	?Init@TextDropWidget@@QAEXPAXMMMMMVstring@@H@Z	272	1	TextDropWidget	Init
004F1A50	?GetCount@TextDropWidget@@QAEHXZ	16	1	TextDropWidget	GetCount
004F1A60	?SetString@TextDropWidget@@QAEXVstring@@@Z	192	1	TextDropWidget	SetString
004F1B20	?SetValue@TextDropWidget@@QAEHH@Z	160	1	TextDropWidget	SetValue
004F1BC0	?SetHighlight@TextDropWidget@@QAEHH@Z	112	1	TextDropWidget	SetHighlight
004F1C30	?Inc@TextDropWidget@@QAEHXZ	16	1	TextDropWidget	Inc
004F1C40	?Dec@TextDropWidget@@QAEHXZ	16	1	TextDropWidget	Dec
004F1C50	?IncDrop@TextDropWidget@@QAEHXZ	48	1	TextDropWidget	IncDrop
004F1C80	?DecDrop@TextDropWidget@@QAEHXZ	48	1	TextDropWidget	DecDrop
004F1CB0	?Capture@TextDropWidget@@QAEHMM@Z	64	1	TextDropWidget	Capture
004F1CF0	?Switch@TextDropWidget@@QAEXHAAVVector4@@@Z	32	1	TextDropWidget	Switch
004F1D10	?Update@TextDropWidget@@UAEXXZ	16	1	TextDropWidget	Update
004F1D20	?IsActive@TextDropWidget@@QAEHXZ	16	1	TextDropWidget	IsActive
004F1D30	?SetActive@TextDropWidget@@QAEXH@Z	16	1	TextDropWidget	SetActive
004F1D40	?SetDisabledMask@TextDropWidget@@QAEXJ@Z	32	1	TextDropWidget	SetDisabledMask
004F1D60	?GetDisabledMask@TextDropWidget@@QAEJXZ	16	1	TextDropWidget	GetDisabledMask
004F1D70	??_GTextDropWidget@@UAEPAXI@Z	48	1	TextDropWidget	`scalar deleting destructor'
004F1DA0	??0mmDropDown@@QAE@XZ	128	1	mmDropDown	mmDropDown
004F1E20	??1mmDropDown@@UAE@XZ	128	1	mmDropDown	~mmDropDown
004F1EA0	?Init@mmDropDown@@QAEXPAXMMMMVstring@@H@Z	384	1	mmDropDown	Init
004F2020	?InitString@mmDropDown@@QAEXVstring@@@Z	1024	1	mmDropDown	InitString
004F2420	?SetString@mmDropDown@@AAEXVstring@@@Z	240	1	mmDropDown	SetString
004F2510	?GetCurrentString@mmDropDown@@QAEXPADH@Z	80	1	mmDropDown	GetCurrentString
004F2560	?SetDisabledColors@mmDropDown@@QAEXXZ	128	1	mmDropDown	SetDisabledColors
004F25E0	?FindFirstEnabled@mmDropDown@@QAEHXZ	48	1	mmDropDown	FindFirstEnabled
004F2610	?SetHighlight@mmDropDown@@QAEXH@Z	112	1	mmDropDown	SetHighlight
004F2680	?GetHit@mmDropDown@@QAEHMM@Z	208	1	mmDropDown	GetHit
004F2750	?Update@mmDropDown@@UAEXXZ	16	1	mmDropDown	Update
004F2760	?GetXmin@mmDropDown@@QAEMXZ	16	1	mmDropDown	GetXmin
004F2770	?GetYmin@mmDropDown@@QAEMXZ	16	1	mmDropDown	GetYmin
004F2780	?GetW@mmDropDown@@QAEMXZ	16	1	mmDropDown	GetW
004F2790	?GetH@mmDropDown@@QAEMXZ	16	1	mmDropDown	GetH
004F27A0	??_GmmDropDown@@UAEPAXI@Z	48	1	mmDropDown	`scalar deleting destructor'
004F27D0	??0VSWidget@@QAE@XZ	144	1	VSWidget	VSWidget
004F2860	??1VSWidget@@UAE@XZ	144	1	VSWidget	~VSWidget
004F28F0	?Init@VSWidget@@QAEXMMMMPAHVdatCallback@@H@Z	96	1	VSWidget	Init
004F2950	?LoadBitmap@VSWidget@@QAEXXZ	320	1	VSWidget	LoadBitmap
004F2A90	?CalcTroughRatio@VSWidget@@QAEXM@Z	112	1	VSWidget	CalcTroughRatio
004F2B00	?SetHotSpots@VSWidget@@QAEXXZ	112	1	VSWidget	SetHotSpots
004F2B70	?SyncData@VSWidget@@QAEXXZ	64	1	VSWidget	SyncData
004F2BB0	?Inc@VSWidget@@QAEMXZ	80	1	VSWidget	Inc
004F2C00	?Dec@VSWidget@@QAEMXZ	96	1	VSWidget	Dec
004F2C60	?SetStep@VSWidget@@QAEXHM@Z	112	1	VSWidget	SetStep
004F2CD0	?SetTrough@VSWidget@@QAEXM@Z	144	1	VSWidget	SetTrough
004F2D60	?Update@VSWidget@@UAEXXZ	48	1	VSWidget	Update
004F2D90	?Switch@VSWidget@@QAEXHMM@Z	80	1	VSWidget	Switch
004F2DE0	?Action@VSWidget@@QAEHTeqEvent@@MMH@Z	192	1	VSWidget	Action
004F2EA0	?EvalMouseXY@VSWidget@@QAEXMMH@Z	384	1	VSWidget	EvalMouseXY
004F3020	?Cull@VSWidget@@UAEXXZ	368	1	VSWidget	Cull
004F3190	??_GVSWidget@@UAEPAXI@Z	48	1	VSWidget	`scalar deleting destructor'
004F31C0	??0mmSlider@@QAE@XZ	144	1	mmSlider	mmSlider
004F3250	??1mmSlider@@UAE@XZ	192	1	mmSlider	~mmSlider
004F3310	?Init@mmSlider@@QAEXPADPAVuiWidget@@MMMMHMMHH@Z	96	1	mmSlider	Init
004F3370	?LoadBitmap@mmSlider@@QAEXPAD@Z	416	1	mmSlider	LoadBitmap
004F3510	?SetReadWrite@mmSlider@@QAEXH@Z	32	1	mmSlider	SetReadWrite
004F3530	?IsReadWrite@mmSlider@@QAEHXZ	16	1	mmSlider	IsReadWrite
004F3540	?SetValue@mmSlider@@QAEMM@Z	96	1	mmSlider	SetValue
004F35A0	?GetScreenHeight@mmSlider@@QAEMXZ	32	1	mmSlider	GetScreenHeight
004F35C0	?FudgeWidth@mmSlider@@QAEMXZ	48	1	mmSlider	FudgeWidth
004F35F0	?SetPosition@mmSlider@@QAEXMM@Z	32	1	mmSlider	SetPosition
004F3610	?GetSliderHotSpots@mmSlider@@QAEXAAM00000@Z	176	1	mmSlider	GetSliderHotSpots
004F36C0	?UpdatePosition@mmSlider@@QAEXXZ	48	1	mmSlider	UpdatePosition
004F36F0	?Inc@mmSlider@@QAEMXZ	32	1	mmSlider	Inc
004F3710	?Dec@mmSlider@@QAEMXZ	32	1	mmSlider	Dec
004F3730	?SetStep@mmSlider@@QAEXM@Z	112	1	mmSlider	SetStep
004F37A0	?SetRange@mmSlider@@QAEXMM@Z	96	1	mmSlider	SetRange
004F3800	?Update@mmSlider@@UAEXXZ	32	1	mmSlider	Update
004F3820	?Cull@mmSlider@@UAEXXZ	400	1	mmSlider	Cull
004F39B0	??_GmmSlider@@UAEPAXI@Z	48	1	mmSlider	`scalar deleting destructor'
004F39E0	??0mmToggle@@QAE@XZ	32	1	mmToggle	mmToggle
004F3A00	??1mmToggle@@UAE@XZ	96	1	mmToggle	~mmToggle
004F3A60	?Init@mmToggle@@QAEXPADMMMM@Z	160	1	mmToggle	Init
004F3B00	?LoadBitmap@mmToggle@@AAEXPAD@Z	64	1	mmToggle	LoadBitmap
004F3B40	?SetSize@mmToggle@@AAEXMM@Z	176	1	mmToggle	SetSize
004F3BF0	?Update@mmToggle@@UAEXXZ	32	1	mmToggle	Update
004F3C10	?Cull@mmToggle@@UAEXXZ	112	1	mmToggle	Cull
004F3C80	??_GmmToggle@@UAEPAXI@Z	48	1	mmToggle	`scalar deleting destructor'
004F3CB0	??0mmToggle2@@QAE@XZ	32	1	mmToggle2	mmToggle2
004F3CD0	??1mmToggle2@@UAE@XZ	96	1	mmToggle2	~mmToggle2
004F3D30	?Init@mmToggle2@@QAEXPADMMPAH@Z	48	1	mmToggle2	Init
004F3D60	?LoadBitmap@mmToggle2@@AAEXPAD@Z	96	1	mmToggle2	LoadBitmap
004F3DC0	?SetPosition@mmToggle2@@QAEXMM@Z	160	1	mmToggle2	SetPosition
004F3E60	?Update@mmToggle2@@UAEXXZ	32	1	mmToggle2	Update
004F3E80	?Cull@mmToggle2@@UAEXXZ	160	1	mmToggle2	Cull
004F3F20	??_GmmToggle2@@UAEPAXI@Z	48	1	mmToggle2	`scalar deleting destructor'
004F3F50	?AutoDetect@@YAXH@Z	816	1		AutoDetect
004F4280	??0GraphicsOptions@@QAE@H@Z	2800	1	GraphicsOptions	GraphicsOptions
004F4D70	?SetupResChoices@@YAXXZ	864	1		SetupResChoices
004F50D0	??1GraphicsOptions@@UAE@XZ	112	1	GraphicsOptions	~GraphicsOptions
004F5140	?SetResolution@GraphicsOptions@@QAEXXZ	16	1	GraphicsOptions	SetResolution
004F5150	?TogglePeds@GraphicsOptions@@QAEXXZ	32	1	GraphicsOptions	TogglePeds
004F5170	?SetLightQuality@GraphicsOptions@@QAEXXZ	176	1	GraphicsOptions	SetLightQuality
004F5220	?SetRenderer@GraphicsOptions@@QAEXXZ	16	1	GraphicsOptions	SetRenderer
004F5230	?PreSetup@GraphicsOptions@@UAEXXZ	176	1	GraphicsOptions	PreSetup
004F52E0	?ResetDefaultAction@GraphicsOptions@@UAEXXZ	192	1	GraphicsOptions	ResetDefaultAction
004F53A0	?CancelAction@GraphicsOptions@@UAEXXZ	16	1	GraphicsOptions	CancelAction
004F53B0	?DoneAction@GraphicsOptions@@UAEXXZ	64	1	GraphicsOptions	DoneAction
004F53F0	?FocusDescription@GraphicsOptions@@QAEXPAX0@Z	48	1	GraphicsOptions	FocusDescription
004F5420	??_GGraphicsOptions@@UAEPAXI@Z	48	1	GraphicsOptions	`scalar deleting destructor'
004F5450	?StoreCurrentSetup@OptionsBase@@UAEXXZ	16	1	OptionsBase	StoreCurrentSetup
004F5460	?IsAnOptionMenu@OptionsBase@@UAEHXZ	16	1	OptionsBase	IsAnOptionMenu
004F5470	??0VehicleSelectBase@@QAE@H@Z	384	1	VehicleSelectBase	VehicleSelectBase
004F55F0	?IncColor@VehicleSelectBase@@QAEXXZ	192	1	VehicleSelectBase	IncColor
004F56B0	?DecColor@VehicleSelectBase@@QAEXXZ	208	1	VehicleSelectBase	DecColor
004F5780	?IncTrans@VehicleSelectBase@@QAEXXZ	16	1	VehicleSelectBase	IncTrans
004F5790	?DecTrans@VehicleSelectBase@@QAEXXZ	16	1	VehicleSelectBase	DecTrans
004F57A0	?ColorCB@VehicleSelectBase@@QAEXXZ	32	1	VehicleSelectBase	ColorCB
004F57C0	?InitCarSelection@VehicleSelectBase@@QAEXHMMMM@Z	4400	1	VehicleSelectBase	InitCarSelection
004F68F0	??1VehicleSelectBase@@UAE@XZ	272	1	VehicleSelectBase	~VehicleSelectBase
004F6A00	?PreSetup@VehicleSelectBase@@UAEXXZ	208	1	VehicleSelectBase	PreSetup
004F6AD0	?PostSetup@VehicleSelectBase@@UAEXXZ	32	1	VehicleSelectBase	PostSetup
004F6AF0	?AllSetCar@VehicleSelectBase@@QAEXPADH@Z	80	1	VehicleSelectBase	AllSetCar
004F6B40	?TDPickCB@VehicleSelectBase@@QAEXXZ	16	1	VehicleSelectBase	TDPickCB
004F6B50	?Reset@VehicleSelectBase@@UAEXXZ	16	1	VehicleSelectBase	Reset
004F6B60	?Update@VehicleSelectBase@@UAEXXZ	160	1	VehicleSelectBase	Update
004F6C00	?GetCarTitle@VehicleSelectBase@@QAEPADHPADFPAVstring@@@Z	304	1	VehicleSelectBase	GetCarTitle
004F6D30	?CurrentVehicleIsLocked@VehicleSelectBase@@QAEHXZ	96	1	VehicleSelectBase	CurrentVehicleIsLocked
004F6D90	?SetLastUnlockedVehicle@VehicleSelectBase@@QAEXXZ	96	1	VehicleSelectBase	SetLastUnlockedVehicle
004F6DF0	?CarMod@VehicleSelectBase@@QAEXAAH@Z	48	1	VehicleSelectBase	CarMod
004F6E20	?SetPick@VehicleSelectBase@@QAEXHF@Z	768	1	VehicleSelectBase	SetPick
004F7120	?ShowCarDesc@VehicleSelectBase@@QAEXXZ	544	1	VehicleSelectBase	ShowCarDesc
004F7340	?LoadStats@VehicleSelectBase@@QAEHPAD@Z	160	1	VehicleSelectBase	LoadStats
004F73E0	?max@@YAMMM@Z	32	1		max
004F7400	?min@@YAMMM@Z	32	1		min
004F7420	?AssignVehicleStats@VehicleSelectBase@@QAEXHMMMM@Z	368	1	VehicleSelectBase	AssignVehicleStats
004F7590	?FillStats@VehicleSelectBase@@QAEXXZ	80	1	VehicleSelectBase	FillStats
004F75E0	?SetLockedLabel@VehicleSelectBase@@QAEXXZ	400	1	VehicleSelectBase	SetLockedLabel
004F7770	?LockColor@VehicleSelectBase@@QAEXXZ	128	1	VehicleSelectBase	LockColor
004F77F0	?FocusDescription@VehicleSelectBase@@QAEXHH@Z	368	1	VehicleSelectBase	FocusDescription
004F7960	??_GVehicleSelectBase@@UAEPAXI@Z	48	1	VehicleSelectBase	`scalar deleting destructor'
004F7990	??_EasDofCS@@UAEPAXI@Z	96	1	asDofCS	`vector deleting destructor'
004F79F0	??1asDofCS@@UAE@XZ	16	1	asDofCS	~asDofCS
004F7A00	??_EmmVehicleForm@@UAEPAXI@Z	96	1	mmVehicleForm	`vector deleting destructor'
004F7A60	?DecCar@VehicleSelectBase@@QAEXXZ	16	1	VehicleSelectBase	DecCar
004F7A70	?IncCar@VehicleSelectBase@@QAEXXZ	16	1	VehicleSelectBase	IncCar
004F7A80	?SetShowcaseFlag@VehicleSelectBase@@QAEXXZ	16	1	VehicleSelectBase	SetShowcaseFlag
004F7A90	?IsValid@mmVehInfo@@QAEHXZ	16	1	mmVehInfo	IsValid
004F7AA0	??0AudioOptions@@QAE@H@Z	3120	1	AudioOptions	AudioOptions
004F86D0	??1AudioOptions@@UAE@XZ	128	1	AudioOptions	~AudioOptions
004F8750	?PreSetup@AudioOptions@@UAEXXZ	80	1	AudioOptions	PreSetup
004F87A0	?SetSFXVolume@AudioOptions@@QAEXXZ	96	1	AudioOptions	SetSFXVolume
004F8800	?SetMusicVolume@AudioOptions@@QAEXXZ	96	1	AudioOptions	SetMusicVolume
004F8860	?SetBalance@AudioOptions@@QAEXXZ	112	1	AudioOptions	SetBalance
004F88D0	?SetQuality@AudioOptions@@QAEXXZ	128	1	AudioOptions	SetQuality
004F8950	?SetStereoFX@AudioOptions@@QAEXXZ	80	1	AudioOptions	SetStereoFX
004F89A0	?StoreCurrentSetup@AudioOptions@@UAEXXZ	16	1	AudioOptions	StoreCurrentSetup
004F89B0	?ResetDefaultAction@AudioOptions@@UAEXXZ	224	1	AudioOptions	ResetDefaultAction
004F8A90	?CancelAction@AudioOptions@@UAEXXZ	144	1	AudioOptions	CancelAction
004F8B20	?DoneAction@AudioOptions@@UAEXXZ	16	1	AudioOptions	DoneAction
004F8B30	?SetAudioState@AudioOptions@@QAEXXZ	384	1	AudioOptions	SetAudioState
004F8CB0	?SetMusic@AudioOptions@@QAEXXZ	32	1	AudioOptions	SetMusic
004F8CD0	?SetAmbient@AudioOptions@@QAEXXZ	48	1	AudioOptions	SetAmbient
004F8D00	?SetSoundFX@AudioOptions@@QAEXXZ	32	1	AudioOptions	SetSoundFX
004F8D20	?SetCommentary@AudioOptions@@QAEXXZ	48	1	AudioOptions	SetCommentary
004F8D50	?FindDevice@AudioOptions@@QAEHPAD@Z	128	1	AudioOptions	FindDevice
004F8DD0	?GetCurrentDeviceName@AudioOptions@@QAEPADXZ	32	1	AudioOptions	GetCurrentDeviceName
004F8DF0	?ResetStereo@AudioOptions@@QAEXXZ	32	1	AudioOptions	ResetStereo
004F8E10	?ResetSoundFX@AudioOptions@@QAEXXZ	48	1	AudioOptions	ResetSoundFX
004F8E40	?ResetMusic@AudioOptions@@QAEXXZ	48	1	AudioOptions	ResetMusic
004F8E70	?ResetAmbient@AudioOptions@@QAEXXZ	48	1	AudioOptions	ResetAmbient
004F8EA0	?ResetSoundQuality@AudioOptions@@QAEXXZ	64	1	AudioOptions	ResetSoundQuality
004F8EE0	?ResetCommentary@AudioOptions@@QAEXXZ	32	1	AudioOptions	ResetCommentary
004F8F00	?SetDevice@AudioOptions@@QAEXH@Z	160	1	AudioOptions	SetDevice
004F8FA0	?ToggleMusic@AudioOptions@@QAEXXZ	240	1	AudioOptions	ToggleMusic
004F9090	?ToggleAmbient@AudioOptions@@QAEXXZ	64	1	AudioOptions	ToggleAmbient
004F90D0	?LoadUIMusicCSV@AudioOptions@@QAEXPAD@Z	240	1	AudioOptions	LoadUIMusicCSV
004F91C0	?FocusDescription@AudioOptions@@QAEXHH@Z	336	1	AudioOptions	FocusDescription
004F9310	??_GAudioOptions@@UAEPAXI@Z	48	1	AudioOptions	`scalar deleting destructor'
004F9340	??0Dialog_Eject@@QAE@HMMMMPAD@Z	480	1	Dialog_Eject	Dialog_Eject
004F9520	??1Dialog_Eject@@UAE@XZ	112	1	Dialog_Eject	~Dialog_Eject
004F9590	?PostSetup@Dialog_Eject@@UAEXXZ	16	1	Dialog_Eject	PostSetup
004F95A0	?PreSetup@Dialog_Eject@@UAEXXZ	16	1	Dialog_Eject	PreSetup
004F95B0	?BootButtonCB@Dialog_Eject@@QAEXXZ	96	1	Dialog_Eject	BootButtonCB
004F9610	?AddName@Dialog_Eject@@QAEXPBDKH@Z	160	1	Dialog_Eject	AddName
004F96B0	?RemoveName@Dialog_Eject@@QAEXPBDK@Z	336	1	Dialog_Eject	RemoveName
004F9800	?RemoveName@Dialog_Eject@@QAEXK@Z	320	1	Dialog_Eject	RemoveName
004F9940	?ClearNames@Dialog_Eject@@QAEXXZ	128	1	Dialog_Eject	ClearNames
004F99C0	?PostNames@Dialog_Eject@@QAEXXZ	48	1	Dialog_Eject	PostNames
004F99F0	?SetBootCB@Dialog_Eject@@QAEXVdatCallback@@@Z	32	1	Dialog_Eject	SetBootCB
004F9A10	?FindRosterName@Dialog_Eject@@QAEHPBD@Z	112	1	Dialog_Eject	FindRosterName
004F9A80	?FindRosterName@Dialog_Eject@@QAEHK@Z	48	1	Dialog_Eject	FindRosterName
004F9AB0	??_GDialog_Eject@@UAEPAXI@Z	48	1	Dialog_Eject	`scalar deleting destructor'
004F9AE0	??0Dialog_City2@@QAE@HMMMMPAD@Z	816	1	Dialog_City2	Dialog_City2
004F9E10	??1Dialog_City2@@UAE@XZ	112	1	Dialog_City2	~Dialog_City2
004F9E80	?PreSetup@Dialog_City2@@UAEXXZ	16	1	Dialog_City2	PreSetup
004F9E90	?PostSetup@Dialog_City2@@UAEXXZ	16	1	Dialog_City2	PostSetup
004F9EA0	?ScrollCB@Dialog_City2@@QAEXXZ	16	1	Dialog_City2	ScrollCB
004F9EB0	?CancelCB@Dialog_City2@@QAEXXZ	48	1	Dialog_City2	CancelCB
004F9EE0	?DoneCB@Dialog_City2@@QAEXXZ	160	1	Dialog_City2	DoneCB
004F9F80	?SetCurrentCity@Dialog_City2@@QAEXH@Z	64	1	Dialog_City2	SetCurrentCity
004F9FC0	??_GDialog_City2@@UAEPAXI@Z	48	1	Dialog_City2	`scalar deleting destructor'
004F9FF0	??_EmmCompCity@@UAEPAXI@Z	96	1	mmCompCity	`vector deleting destructor'
004FA050	??0Dialog_ReplayEdit@@QAE@HMMMMPAD@Z	400	1	Dialog_ReplayEdit	Dialog_ReplayEdit
004FA1E0	??1Dialog_ReplayEdit@@UAE@XZ	16	1	Dialog_ReplayEdit	~Dialog_ReplayEdit
004FA1F0	?PreSetup@Dialog_ReplayEdit@@UAEXXZ	16	1	Dialog_ReplayEdit	PreSetup
004FA200	?ReplayDescCallback@Dialog_ReplayEdit@@QAEXXZ	16	1	Dialog_ReplayEdit	ReplayDescCallback
004FA210	?SetDesc@Dialog_ReplayEdit@@QAEXPAD@Z	112	1	Dialog_ReplayEdit	SetDesc
004FA280	??_GDialog_ReplayEdit@@UAEPAXI@Z	48	1	Dialog_ReplayEdit	`scalar deleting destructor'
004FA2B0	??0Dialog_Replay@@QAE@HMMMMPAD@Z	1088	1	Dialog_Replay	Dialog_Replay
004FA6F0	??1Dialog_Replay@@UAE@XZ	176	1	Dialog_Replay	~Dialog_Replay
004FA7A0	?PreSetup@Dialog_Replay@@UAEXXZ	16	1	Dialog_Replay	PreSetup
004FA7B0	?PostSetup@Dialog_Replay@@UAEXXZ	16	1	Dialog_Replay	PostSetup
004FA7C0	?ScrollCB@Dialog_Replay@@QAEXXZ	32	1	Dialog_Replay	ScrollCB
004FA7E0	?CancelCB@Dialog_Replay@@QAEXXZ	48	1	Dialog_Replay	CancelCB
004FA810	?DoneCB@Dialog_Replay@@QAEXXZ	32	1	Dialog_Replay	DoneCB
004FA830	?EditCB@Dialog_Replay@@QAEXXZ	16	1	Dialog_Replay	EditCB
004FA840	?SetDescription@Dialog_Replay@@QAEXPAD@Z	80	1	Dialog_Replay	SetDescription
004FA890	?GetDescription@Dialog_Replay@@QAEPADXZ	272	1	Dialog_Replay	GetDescription
004FA9A0	?DeleteCB@Dialog_Replay@@QAEXXZ	192	1	Dialog_Replay	DeleteCB
004FAA60	?SetCurrentReplay@Dialog_Replay@@QAEXH@Z	80	1	Dialog_Replay	SetCurrentReplay
004FAAB0	?GetSelectedReplay@Dialog_Replay@@QAEPADXZ	64	1	Dialog_Replay	GetSelectedReplay
004FAAF0	?SetDriverStats@Dialog_Replay@@QAEXPAD00@Z	96	1	Dialog_Replay	SetDriverStats
004FAB50	?isReplayFile@@YA_NPBD@Z	112	1		isReplayFile
004FABC0	?LoadDlgReplayCB@@YAXPBD_NPAX@Z	176	1		LoadDlgReplayCB
004FAC70	?LoadAll@Dialog_Replay@@QAEXXZ	32	1	Dialog_Replay	LoadAll
004FAC90	??_GDialog_Replay@@UAEPAXI@Z	48	1	Dialog_Replay	`scalar deleting destructor'
004FACC0	??_EmmCompReplay@@UAEPAXI@Z	96	1	mmCompReplay	`vector deleting destructor'
004FAD20	??0Dialog_Host@@QAE@HMMMMPAD@Z	544	1	Dialog_Host	Dialog_Host
004FAF40	??1Dialog_Host@@UAE@XZ	16	1	Dialog_Host	~Dialog_Host
004FAF50	?PreSetup@Dialog_Host@@UAEXXZ	64	1	Dialog_Host	PreSetup
004FAF90	?PasswordCallback@Dialog_Host@@QAEXXZ	16	1	Dialog_Host	PasswordCallback
004FAFA0	?Clear@Dialog_Host@@QAEXXZ	64	1	Dialog_Host	Clear
004FAFE0	??_GDialog_Host@@UAEPAXI@Z	48	1	Dialog_Host	`scalar deleting destructor'
004FB010	??0Dialog_Password@@QAE@HMMMMPAD@Z	400	1	Dialog_Password	Dialog_Password
004FB1A0	??1Dialog_Password@@UAE@XZ	16	1	Dialog_Password	~Dialog_Password
004FB1B0	?PreSetup@Dialog_Password@@UAEXXZ	16	1	Dialog_Password	PreSetup
004FB1C0	?PasswordCallback@Dialog_Password@@QAEXXZ	16	1	Dialog_Password	PasswordCallback
004FB1D0	??_GDialog_Password@@UAEPAXI@Z	48	1	Dialog_Password	`scalar deleting destructor'
004FB200	??0Dialog_RaceEnvironment@@QAE@HMMMMPAD@Z	1744	1	Dialog_RaceEnvironment	Dialog_RaceEnvironment
004FB8D0	??1Dialog_RaceEnvironment@@UAE@XZ	96	1	Dialog_RaceEnvironment	~Dialog_RaceEnvironment
004FB930	?PreSetup@Dialog_RaceEnvironment@@UAEXXZ	80	1	Dialog_RaceEnvironment	PreSetup
004FB980	?ControlPedSlider@Dialog_RaceEnvironment@@QAEXXZ	32	1	Dialog_RaceEnvironment	ControlPedSlider
004FB9A0	?SetMultiRaceOptions@Dialog_RaceEnvironment@@QAEXH@Z	64	1	Dialog_RaceEnvironment	SetMultiRaceOptions
004FB9E0	?DoneCallback@Dialog_RaceEnvironment@@QAEXXZ	80	1	Dialog_RaceEnvironment	DoneCallback
004FBA30	?CancelCallback@Dialog_RaceEnvironment@@QAEXXZ	16	1	Dialog_RaceEnvironment	CancelCallback
004FBA40	??_GDialog_RaceEnvironment@@UAEPAXI@Z	48	1	Dialog_RaceEnvironment	`scalar deleting destructor'
004FBA70	??0Dialog_HallOfFame@@QAE@HMMMMPAD@Z	1360	1	Dialog_HallOfFame	Dialog_HallOfFame
004FBFC0	??1Dialog_HallOfFame@@UAE@XZ	112	1	Dialog_HallOfFame	~Dialog_HallOfFame
004FC030	?PreSetup@Dialog_HallOfFame@@UAEXXZ	16	1	Dialog_HallOfFame	PreSetup
004FC040	?AddRaceRecord@Dialog_HallOfFame@@QAEXHPAD00H00@Z	1328	1	Dialog_HallOfFame	AddRaceRecord
004FC570	?ResetRaceRecord@Dialog_HallOfFame@@QAEXXZ	144	1	Dialog_HallOfFame	ResetRaceRecord
004FC600	?SortByCity@Dialog_HallOfFame@@QAEXXZ	32	1	Dialog_HallOfFame	SortByCity
004FC620	?SetSortState@Dialog_HallOfFame@@QAEXXZ	128	1	Dialog_HallOfFame	SetSortState
004FC6A0	?InitRaceRecord@Dialog_HallOfFame@@QAEXXZ	416	1	Dialog_HallOfFame	InitRaceRecord
004FC840	??_GDialog_HallOfFame@@UAEPAXI@Z	48	1	Dialog_HallOfFame	`scalar deleting destructor'
004FC870	??0Dialog_DriverRec@@QAE@HMMMMPAD@Z	1168	1	Dialog_DriverRec	Dialog_DriverRec
004FCD00	??1Dialog_DriverRec@@UAE@XZ	112	1	Dialog_DriverRec	~Dialog_DriverRec
004FCD70	?PreSetup@Dialog_DriverRec@@UAEXXZ	16	1	Dialog_DriverRec	PreSetup
004FCD80	?InitDriverRecord@Dialog_DriverRec@@QAEXH@Z	208	1	Dialog_DriverRec	InitDriverRecord
004FCE50	?AddDriverRecord@Dialog_DriverRec@@QAEHHPADHM0H@Z	1056	1	Dialog_DriverRec	AddDriverRecord
004FD270	?ResetDriverRecord@Dialog_DriverRec@@QAEXXZ	144	1	Dialog_DriverRec	ResetDriverRecord
004FD300	?SetRecordPosition@Dialog_DriverRec@@QAEXH@Z	32	1	Dialog_DriverRec	SetRecordPosition
004FD320	?SetSortState@Dialog_DriverRec@@QAEXXZ	96	1	Dialog_DriverRec	SetSortState
004FD380	?SetCityState@Dialog_DriverRec@@QAEXXZ	32	1	Dialog_DriverRec	SetCityState
004FD3A0	??_GDialog_DriverRec@@UAEPAXI@Z	48	1	Dialog_DriverRec	`scalar deleting destructor'
004FD3D0	??0Dialog_Message@@QAE@HMMMMPAD@Z	288	1	Dialog_Message	Dialog_Message
004FD4F0	?Init@Dialog_Message@@QAEXHPAD0@Z	112	1	Dialog_Message	Init
004FD560	??1Dialog_Message@@UAE@XZ	16	1	Dialog_Message	~Dialog_Message
004FD570	?PreSetup@Dialog_Message@@UAEXXZ	16	1	Dialog_Message	PreSetup
004FD580	??_GDialog_Message@@UAEPAXI@Z	48	1	Dialog_Message	`scalar deleting destructor'
004FD5B0	??0Dialog_NewPlayer@@QAE@HMMMMPAD@Z	864	1	Dialog_NewPlayer	Dialog_NewPlayer
004FD910	??1Dialog_NewPlayer@@UAE@XZ	16	1	Dialog_NewPlayer	~Dialog_NewPlayer
004FD920	?EnterNewPlayer@Dialog_NewPlayer@@QAEXXZ	16	1	Dialog_NewPlayer	EnterNewPlayer
004FD930	?PreSetup@Dialog_NewPlayer@@UAEXXZ	48	1	Dialog_NewPlayer	PreSetup
004FD960	??_GDialog_NewPlayer@@UAEPAXI@Z	48	1	Dialog_NewPlayer	`scalar deleting destructor'
004FD990	??0Dialog_Serial@@QAE@HMMMMPAD@Z	2480	1	Dialog_Serial	Dialog_Serial
004FE340	??1Dialog_Serial@@UAE@XZ	96	1	Dialog_Serial	~Dialog_Serial
004FE3A0	?PreSetup@Dialog_Serial@@UAEXXZ	16	1	Dialog_Serial	PreSetup
004FE3B0	?IPAddressCallback@Dialog_Serial@@QAEXXZ	16	1	Dialog_Serial	IPAddressCallback
004FE3C0	?BuildComs@Dialog_Serial@@QAEXXZ	192	1	Dialog_Serial	BuildComs
004FE480	?GetCommPack@Dialog_Serial@@QAEPAUNETCOMMPACK@@XZ	16	1	Dialog_Serial	GetCommPack
004FE490	??_GDialog_Serial@@UAEPAXI@Z	48	1	Dialog_Serial	`scalar deleting destructor'
004FE4C0	??0Dialog_ControlAssign@@QAE@HMMMMPAD@Z	272	1	Dialog_ControlAssign	Dialog_ControlAssign
004FE5D0	??1Dialog_ControlAssign@@UAE@XZ	16	1	Dialog_ControlAssign	~Dialog_ControlAssign
004FE5E0	?PreSetup@Dialog_ControlAssign@@UAEXXZ	16	1	Dialog_ControlAssign	PreSetup
004FE5F0	??_GDialog_ControlAssign@@UAEPAXI@Z	48	1	Dialog_ControlAssign	`scalar deleting destructor'
004FE620	??0Dialog_TCPIP@@QAE@HMMMMPAD@Z	400	1	Dialog_TCPIP	Dialog_TCPIP
004FE7B0	??1Dialog_TCPIP@@UAE@XZ	16	1	Dialog_TCPIP	~Dialog_TCPIP
004FE7C0	?PreSetup@Dialog_TCPIP@@UAEXXZ	16	1	Dialog_TCPIP	PreSetup
004FE7D0	?IPAddressCallback@Dialog_TCPIP@@QAEXXZ	16	1	Dialog_TCPIP	IPAddressCallback
004FE7E0	?SetIPAddress@Dialog_TCPIP@@QAEXPAD@Z	112	1	Dialog_TCPIP	SetIPAddress
004FE850	??_GDialog_TCPIP@@UAEPAXI@Z	48	1	Dialog_TCPIP	`scalar deleting destructor'
004FE880	??0NetArena@@QAE@H@Z	2240	1	NetArena	NetArena
004FF140	??1NetArena@@UAE@XZ	240	1	NetArena	~NetArena
004FF230	?PreSetup@NetArena@@UAEXXZ	16	1	NetArena	PreSetup
004FF240	?EnablePlayButton@NetArena@@QAEXXZ	16	1	NetArena	EnablePlayButton
004FF250	?DisablePlayButton@NetArena@@QAEXXZ	16	1	NetArena	DisablePlayButton
004FF260	?ResetGameChat@NetArena@@QAEXXZ	192	1	NetArena	ResetGameChat
004FF320	?AddGameChatLine@NetArena@@QAEXPAD@Z	160	1	NetArena	AddGameChatLine
004FF3C0	?PostChatMessages@NetArena@@QAEXXZ	208	1	NetArena	PostChatMessages
004FF490	?ChatEntry@NetArena@@QAEXXZ	208	1	NetArena	ChatEntry
004FF560	?RetrieveChatLine@NetArena@@QAEHPAD@Z	80	1	NetArena	RetrieveChatLine
004FF5B0	?FindRosterName@NetArena@@QAEHPAD@Z	112	1	NetArena	FindRosterName
004FF620	?AddRosterName@NetArena@@QAEXPAD@Z	32	1	NetArena	AddRosterName
004FF640	?AddRosterName@NetArena@@QAEXPAULocString@@00KHH@Z	512	1	NetArena	AddRosterName
004FF840	?RemoveRosterEntry@NetArena@@QAEXH@Z	208	1	NetArena	RemoveRosterEntry
004FF910	?ResetRoster@NetArena@@QAEXXZ	144	1	NetArena	ResetRoster
004FF9A0	?RemoveRosterName@NetArena@@QAEXPAD@Z	64	1	NetArena	RemoveRosterName
004FF9E0	?SetStatus@NetArena@@QAEXKHH@Z	96	1	NetArena	SetStatus
004FFA40	?GetStatus@NetArena@@QAE_NK@Z	80	1	NetArena	GetStatus
004FFA90	?GetRaceName@NetArena@@QAEPADXZ	624	1	NetArena	GetRaceName
004FFD00	?PostHostSettings@NetArena@@QAEXH@Z	1456	1	NetArena	PostHostSettings
005002B0	?PostPlayerInfo@NetArena@@QAEXPAULocString@@00@Z	176	1	NetArena	PostPlayerInfo
00500360	?SyncJoin@NetArena@@QAEXXZ	32	1	NetArena	SyncJoin
00500380	?LateJoin@NetArena@@QAEXXZ	32	1	NetArena	LateJoin
005003A0	?SetHost@NetArena@@QAEXH@Z	144	1	NetArena	SetHost
00500430	?TeamCallback@NetArena@@QAEXXZ	16	1	NetArena	TeamCallback
00500440	?SetTeamWidgets@NetArena@@QAEXXZ	160	1	NetArena	SetTeamWidgets
005004E0	?LoadRaceMap@NetArena@@QAEXXZ	144	1	NetArena	LoadRaceMap
00500570	?ChangeRosterData@NetArena@@QAEXPAULocString@@KHH@Z	112	1	NetArena	ChangeRosterData
005005E0	?ShowRosterTeam@NetArena@@QAEXH@Z	64	1	NetArena	ShowRosterTeam
00500620	?SetMyStatus@NetArena@@QAEXH@Z	80	1	NetArena	SetMyStatus
00500670	??_GNetArena@@UAEPAXI@Z	48	1	NetArena	`scalar deleting destructor'
005006A0	??0HostRaceMenu@@QAE@H@Z	320	1	HostRaceMenu	HostRaceMenu
005007E0	??1HostRaceMenu@@UAE@XZ	144	1	HostRaceMenu	~HostRaceMenu
00500870	?PreSetup@HostRaceMenu@@UAEXXZ	32	1	HostRaceMenu	PreSetup
00500890	?InitCRWidgets@HostRaceMenu@@UAEXXZ	2464	1	HostRaceMenu	InitCRWidgets
00501230	?SetCRWidgets@HostRaceMenu@@UAEXH@Z	256	1	HostRaceMenu	SetCRWidgets
00501330	?SetLimitControl@HostRaceMenu@@QAEXXZ	432	1	HostRaceMenu	SetLimitControl
005014E0	?EncodeCRData@HostRaceMenu@@QAEHXZ	80	1	HostRaceMenu	EncodeCRData
00501530	?DecodeCRData@HostRaceMenu@@QAEXH@Z	112	1	HostRaceMenu	DecodeCRData
005015A0	?GetLimit@HostRaceMenu@@QAEXAAH0@Z	80	1	HostRaceMenu	GetLimit
005015F0	?SetLimit@HostRaceMenu@@QAEXAAH0@Z	128	1	HostRaceMenu	SetLimit
00501670	?SetGoldMass@HostRaceMenu@@QAEXH@Z	48	1	HostRaceMenu	SetGoldMass
005016A0	?GetGoldMass@HostRaceMenu@@QAEHXZ	16	1	HostRaceMenu	GetGoldMass
005016B0	?GetLimitVal@HostRaceMenu@@QAEHAAH@Z	80	1	HostRaceMenu	GetLimitVal
00501700	?GetGoldMassVal@HostRaceMenu@@QAEHXZ	16	1	HostRaceMenu	GetGoldMassVal
00501710	?SetGameClassCallback@HostRaceMenu@@QAEXXZ	16	1	HostRaceMenu	SetGameClassCallback
00501720	?LimitInc@HostRaceMenu@@QAEXXZ	80	1	HostRaceMenu	LimitInc
00501770	?LimitDec@HostRaceMenu@@QAEXXZ	80	1	HostRaceMenu	LimitDec
005017C0	?MassInc@HostRaceMenu@@QAEXXZ	48	1	HostRaceMenu	MassInc
005017F0	?MassDec@HostRaceMenu@@QAEXXZ	48	1	HostRaceMenu	MassDec
00501820	??_GHostRaceMenu@@UAEPAXI@Z	48	1	HostRaceMenu	`scalar deleting destructor'
00501850	?FocusThis@@YAXXZ	16	1		FocusThis
00501860	??0ControlSetup@@QAE@H@Z	512	1	ControlSetup	ControlSetup
00501A60	??1ControlSetup@@UAE@XZ	128	1	ControlSetup	~ControlSetup
00501AE0	?CreateDeviceOptions@ControlSetup@@QAEXXZ	1344	1	ControlSetup	CreateDeviceOptions
00502020	?DeactivateAllDeviceOptions@ControlSetup@@QAEXXZ	96	1	ControlSetup	DeactivateAllDeviceOptions
00502080	?ActivateDeviceOptions@ControlSetup@@QAEXXZ	736	1	ControlSetup	ActivateDeviceOptions
00502360	?SetControlPosition@ControlSetup@@QAEMPAVuiWidget@@MM@Z	32	1	ControlSetup	SetControlPosition
00502380	?POVCB@ControlSetup@@QAEXXZ	16	1	ControlSetup	POVCB
00502390	?SetSensitivityCB@ControlSetup@@QAEXXZ	16	1	ControlSetup	SetSensitivityCB
005023A0	?ControlSelect@ControlSetup@@QAEXXZ	80	1	ControlSetup	ControlSelect
005023F0	?PreSetup@ControlSetup@@UAEXXZ	64	1	ControlSetup	PreSetup
00502430	?SetFFPermissions@ControlSetup@@QAEXXZ	64	1	ControlSetup	SetFFPermissions
00502470	?InitCustomControls@ControlSetup@@QAEXXZ	144	1	ControlSetup	InitCustomControls
00502500	?Update@ControlSetup@@UAEXXZ	32	1	ControlSetup	Update
00502520	?StoreCurrentSetup@ControlSetup@@UAEXXZ	16	1	ControlSetup	StoreCurrentSetup
00502530	?ResetDefaultAction@ControlSetup@@UAEXXZ	64	1	ControlSetup	ResetDefaultAction
00502570	?LaunchJoyCpl@ControlSetup@@QAEXXZ	176	1	ControlSetup	LaunchJoyCpl
00502620	CalibrateWatcher	224	1		CalibrateWatcher
00502700	?CancelAction@ControlSetup@@UAEXXZ	16	1	ControlSetup	CancelAction
00502710	?DoneAction@ControlSetup@@UAEXXZ	16	1	ControlSetup	DoneAction
00502720	?FocusDescription@ControlSetup@@QAEXPAX0@Z	48	1	ControlSetup	FocusDescription
00502750	??_GControlSetup@@UAEPAXI@Z	48	1	ControlSetup	`scalar deleting destructor'
00502780	??0ControlCustom@@QAE@H@Z	160	1	ControlCustom	ControlCustom
00502820	??1ControlCustom@@UAE@XZ	16	1	ControlCustom	~ControlCustom
00502830	?BadAssignCB@ControlCustom@@QAEXXZ	80	1	ControlCustom	BadAssignCB
00502880	?ClearBadAssignment@ControlCustom@@QAEXXZ	16	1	ControlCustom	ClearBadAssignment
00502890	?CancelBadAssignment@ControlCustom@@QAEXXZ	32	1	ControlCustom	CancelBadAssignment
005028B0	?VerifyBadAssignment@ControlCustom@@QAEXXZ	32	1	ControlCustom	VerifyBadAssignment
005028D0	?ResetDefaultAction@ControlCustom@@UAEXXZ	32	1	ControlCustom	ResetDefaultAction
005028F0	?DoneAction@ControlCustom@@UAEXXZ	16	1	ControlCustom	DoneAction
00502900	?CancelAction@ControlCustom@@UAEXXZ	32	1	ControlCustom	CancelAction
00502920	??_GControlCustom@@UAEPAXI@Z	48	1	ControlCustom	`scalar deleting destructor'
00502950	??0OptionsMenu@@QAE@H@Z	800	1	OptionsMenu	OptionsMenu
00502C70	??1OptionsMenu@@UAE@XZ	16	1	OptionsMenu	~OptionsMenu
00502C80	?PreSetup@OptionsMenu@@UAEXXZ	64	1	OptionsMenu	PreSetup
00502CC0	?PostSetup@OptionsMenu@@UAEXXZ	32	1	OptionsMenu	PostSetup
00502CE0	?FocusDescription@OptionsMenu@@QAEXHH@Z	48	1	OptionsMenu	FocusDescription
00502D10	??_GOptionsMenu@@UAEPAXI@Z	48	1	OptionsMenu	`scalar deleting destructor'
00502D40	??0CrashCourseIntro@@QAE@H@Z	320	1	CrashCourseIntro	CrashCourseIntro
00502E80	??1CrashCourseIntro@@UAE@XZ	16	1	CrashCourseIntro	~CrashCourseIntro
00502E90	?PreSetup@CrashCourseIntro@@UAEXXZ	32	1	CrashCourseIntro	PreSetup
00502EB0	?PostSetup@CrashCourseIntro@@UAEXXZ	16	1	CrashCourseIntro	PostSetup
00502EC0	??_GCrashCourseIntro@@UAEPAXI@Z	48	1	CrashCourseIntro	`scalar deleting destructor'
00502EF0	??0ccStatus@@QAE@XZ	48	1	ccStatus	ccStatus
00502F20	??1ccStatus@@UAE@XZ	96	1	ccStatus	~ccStatus
00502F80	?LoadBitmap@ccStatus@@QAEXPADHHH@Z	112	1	ccStatus	LoadBitmap
00502FF0	?Update@ccStatus@@UAEXXZ	32	1	ccStatus	Update
00503010	?Cull@ccStatus@@UAEXXZ	80	1	ccStatus	Cull
00503060	?SetStatus@ccStatus@@QAEXF@Z	16	1	ccStatus	SetStatus
00503070	??0CrashCourse@@QAE@H@Z	1696	1	CrashCourse	CrashCourse
00503710	??1CrashCourse@@UAE@XZ	128	1	CrashCourse	~CrashCourse
00503790	?SetRaceGrade@CrashCourse@@QAEXHH@Z	48	1	CrashCourse	SetRaceGrade
005037C0	?PreSetup@CrashCourse@@UAEXXZ	416	1	CrashCourse	PreSetup
00503960	?GameCallback@CrashCourse@@QAEXXZ	32	1	CrashCourse	GameCallback
00503980	?SetEnvironment@CrashCourse@@QAEXXZ	592	1	CrashCourse	SetEnvironment
00503BD0	?SetRaceState@CrashCourse@@QAEXXZ	288	1	CrashCourse	SetRaceState
00503CF0	?ChangeLocalVals@CrashCourse@@QAEXXZ	528	1	CrashCourse	ChangeLocalVals
00503F00	?FocusDescription@CrashCourse@@QAEXHH@Z	16	1	CrashCourse	FocusDescription
00503F10	?SetProgressMask@CrashCourse@@QAEXH@Z	32	1	CrashCourse	SetProgressMask
00503F30	?SetBlitzMask@CrashCourse@@QAEXH@Z	32	1	CrashCourse	SetBlitzMask
00503F50	?SetCheckpointMask@CrashCourse@@QAEXH@Z	32	1	CrashCourse	SetCheckpointMask
00503F70	?IncRaceName@CrashCourse@@QAEXXZ	160	1	CrashCourse	IncRaceName
00504010	?DecRaceName@CrashCourse@@QAEXXZ	112	1	CrashCourse	DecRaceName
00504080	?SetVehicleNext@CrashCourse@@QAEX_N@Z	80	1	CrashCourse	SetVehicleNext
005040D0	??_GccStatus@@UAEPAXI@Z	48	1	ccStatus	`scalar deleting destructor'
00504100	??_GCrashCourse@@UAEPAXI@Z	48	1	CrashCourse	`scalar deleting destructor'
00504130	??0NetSelectMenu@@QAE@H@Z	1920	1	NetSelectMenu	NetSelectMenu
005048B0	??1NetSelectMenu@@UAE@XZ	128	1	NetSelectMenu	~NetSelectMenu
00504930	?PreSetup@NetSelectMenu@@UAEXXZ	128	1	NetSelectMenu	PreSetup
005049B0	?PostSetup@NetSelectMenu@@UAEXXZ	32	1	NetSelectMenu	PostSetup
005049D0	?HostCB@NetSelectMenu@@QAEXXZ	16	1	NetSelectMenu	HostCB
005049E0	?JoinCB@NetSelectMenu@@QAEXXZ	16	1	NetSelectMenu	JoinCB
005049F0	?GetHostJoin@NetSelectMenu@@QAEHXZ	16	1	NetSelectMenu	GetHostJoin
00504A00	?FocusDescription@NetSelectMenu@@QAEXHH@Z	160	1	NetSelectMenu	FocusDescription
00504AA0	?SetDescription@NetSelectMenu@@QAEXPAULocString@@@Z	16	1	NetSelectMenu	SetDescription
00504AB0	?JoinCallback@NetSelectMenu@@QAEXXZ	16	1	NetSelectMenu	JoinCallback
00504AC0	?ShowTCPIPNetSessions@NetSelectMenu@@QAEXXZ	16	1	NetSelectMenu	ShowTCPIPNetSessions
00504AD0	?DisableSessions@NetSelectMenu@@QAEXXZ	16	1	NetSelectMenu	DisableSessions
00504AE0	?ProtocolBack@NetSelectMenu@@QAEXXZ	32	1	NetSelectMenu	ProtocolBack
00504B00	?SetNetname@NetSelectMenu@@QAEXPAD@Z	64	1	NetSelectMenu	SetNetname
00504B40	?SetPhoneNumber@NetSelectMenu@@QAEXPAD@Z	32	1	NetSelectMenu	SetPhoneNumber
00504B60	?SetIPAddress@NetSelectMenu@@QAEXPAD@Z	32	1	NetSelectMenu	SetIPAddress
00504B80	?GetSessions@NetSelectMenu@@QAEPAVUITextScroll@@XZ	16	1	NetSelectMenu	GetSessions
00504B90	?GetSessionID@NetSelectMenu@@QAEHXZ	16	1	NetSelectMenu	GetSessionID
00504BA0	?SetSession@NetSelectMenu@@QAEXPADH@Z	48	1	NetSelectMenu	SetSession
00504BD0	?IPAddressCallback@NetSelectMenu@@QAEXXZ	32	1	NetSelectMenu	IPAddressCallback
00504BF0	?BuildComs@NetSelectMenu@@QAEXXZ	240	1	NetSelectMenu	BuildComs
00504CE0	?SetComs@NetSelectMenu@@QAEXXZ	256	1	NetSelectMenu	SetComs
00504DE0	?ReparentWidgets@NetSelectMenu@@QAEXH@Z	16	1	NetSelectMenu	ReparentWidgets
00504DF0	?WidgetSwitch@NetSelectMenu@@QAEXHH@Z	16	1	NetSelectMenu	WidgetSwitch
00504E00	?AddWidgetToList@NetSelectMenu@@QAEXHPAVuiWidget@@@Z	16	1	NetSelectMenu	AddWidgetToList
00504E10	?AddModem@NetSelectMenu@@QAEXPADH@Z	272	1	NetSelectMenu	AddModem
00504F20	?ClearProtocol@NetSelectMenu@@QAEXXZ	16	1	NetSelectMenu	ClearProtocol
00504F30	?SetIPXButton@NetSelectMenu@@QAEXH@Z	48	1	NetSelectMenu	SetIPXButton
00504F60	?SetTCPLocalButton@NetSelectMenu@@QAEXH@Z	16	1	NetSelectMenu	SetTCPLocalButton
00504F70	?SetTCPNetButton@NetSelectMenu@@QAEXH@Z	48	1	NetSelectMenu	SetTCPNetButton
00504FA0	?SetModemButton@NetSelectMenu@@QAEXH@Z	48	1	NetSelectMenu	SetModemButton
00504FD0	?SetSerialButton@NetSelectMenu@@QAEXH@Z	48	1	NetSelectMenu	SetSerialButton
00505000	?GetCommPack@NetSelectMenu@@QAEPAUNETCOMMPACK@@XZ	16	1	NetSelectMenu	GetCommPack
00505010	?NetNameCB@NetSelectMenu@@QAEXXZ	48	1	NetSelectMenu	NetNameCB
00505040	?EnableSearchLabel@NetSelectMenu@@QAEX_N@Z	48	1	NetSelectMenu	EnableSearchLabel
00505070	??0string@@QAE@PBD@Z	112	1	string	string
005050E0	??_GNetSelectMenu@@UAEPAXI@Z	48	1	NetSelectMenu	`scalar deleting destructor'
00505110	??0RaceMenu@@QAE@H@Z	208	1	RaceMenu	RaceMenu
005051E0	??1RaceMenu@@UAE@XZ	16	1	RaceMenu	~RaceMenu
005051F0	?GetRaceID@RaceMenu@@QAEHXZ	144	1	RaceMenu	GetRaceID
00505280	?SetProgressMask@RaceMenu@@QAEXH@Z	32	1	RaceMenu	SetProgressMask
005052A0	?SetBlitzMask@RaceMenu@@QAEXH@Z	32	1	RaceMenu	SetBlitzMask
005052C0	?SetCheckpointMask@RaceMenu@@QAEXH@Z	32	1	RaceMenu	SetCheckpointMask
005052E0	?SetCircuitMask@RaceMenu@@QAEXH@Z	32	1	RaceMenu	SetCircuitMask
00505300	?GetRaceName@RaceMenu@@QAEPADW4dgGameMode@@H@Z	288	1	RaceMenu	GetRaceName
00505420	??_GRaceMenu@@UAEPAXI@Z	48	1	RaceMenu	`scalar deleting destructor'
00505450	?SetCRWidgets@RaceMenuBase@@UAEXH@Z	16	1	RaceMenuBase	SetCRWidgets
00505460	?InitCRWidgets@RaceMenuBase@@UAEXXZ	16	1	RaceMenuBase	InitCRWidgets
00505470	??0VehShowcase@@QAE@H@Z	336	1	VehShowcase	VehShowcase
005055C0	??1VehShowcase@@UAE@XZ	96	1	VehShowcase	~VehShowcase
00505620	?PreSetup@VehShowcase@@UAEXXZ	112	1	VehShowcase	PreSetup
00505690	?PostSetup@VehShowcase@@UAEXXZ	16	1	VehShowcase	PostSetup
005056A0	??_GVehShowcase@@UAEPAXI@Z	48	1	VehShowcase	`scalar deleting destructor'
005056D0	??0Vehicle@@QAE@H@Z	224	1	Vehicle	Vehicle
005057B0	??1Vehicle@@UAE@XZ	16	1	Vehicle	~Vehicle
005057C0	?SetSubMenu@Vehicle@@QAEXH@Z	32	1	Vehicle	SetSubMenu
005057E0	?SetSubMenuButtons@Vehicle@@QAEXXZ	32	1	Vehicle	SetSubMenuButtons
00505800	?PreSetup@Vehicle@@UAEXXZ	16	1	Vehicle	PreSetup
00505810	?PostSetup@Vehicle@@UAEXXZ	16	1	Vehicle	PostSetup
00505820	??_GVehicle@@UAEPAXI@Z	48	1	Vehicle	`scalar deleting destructor'
00505850	?GetMidtownRegString@@YAXPADH00@Z	128	1		GetMidtownRegString
005058D0	??0AboutMenu@@QAE@H@Z	480	1	AboutMenu	AboutMenu
00505AB0	??1AboutMenu@@UAE@XZ	16	1	AboutMenu	~AboutMenu
00505AC0	?PreSetup@AboutMenu@@UAEXXZ	32	1	AboutMenu	PreSetup
00505AE0	?Update@AboutMenu@@UAEXXZ	112	1	AboutMenu	Update
00505B50	?Cull@AboutMenu@@UAEXXZ	176	1	AboutMenu	Cull
00505C00	??_GAboutMenu@@UAEPAXI@Z	48	1	AboutMenu	`scalar deleting destructor'
00505C30	??0MainMenu@@QAE@H@Z	1008	1	MainMenu	MainMenu
00506020	??1MainMenu@@UAE@XZ	128	1	MainMenu	~MainMenu
005060A0	?PreSetup@MainMenu@@UAEXXZ	16	1	MainMenu	PreSetup
005060B0	?EnableReplay@MainMenu@@QAEXH@Z	32	1	MainMenu	EnableReplay
005060D0	?IsReplayReadOnly@MainMenu@@QAEHXZ	16	1	MainMenu	IsReplayReadOnly
005060E0	?InitDriver@MainMenu@@QAEXXZ	1152	1	MainMenu	InitDriver
00506560	?RemovePlayer@MainMenu@@QAEXPAD@Z	608	1	MainMenu	RemovePlayer
005067C0	?SetPlayerPick@MainMenu@@QAEXH@Z	16	1	MainMenu	SetPlayerPick
005067D0	?DecPlayer@MainMenu@@QAEXXZ	48	1	MainMenu	DecPlayer
00506800	?IncPlayer@MainMenu@@QAEXXZ	48	1	MainMenu	IncPlayer
00506830	?RemoveAllPlayers@MainMenu@@QAEXXZ	16	1	MainMenu	RemoveAllPlayers
00506840	?AddPlayer@MainMenu@@QAEXPAD@Z	288	1	MainMenu	AddPlayer
00506960	?TDPickCB@MainMenu@@QAEXXZ	16	1	MainMenu	TDPickCB
00506970	?DeleteCB@MainMenu@@QAEXXZ	16	1	MainMenu	DeleteCB
00506980	?EnterNewPlayer@MainMenu@@QAEXXZ	16	1	MainMenu	EnterNewPlayer
00506990	?DisplayDriverInfo@MainMenu@@QAEXPAD0000H@Z	192	1	MainMenu	DisplayDriverInfo
00506A50	?SetController@MainMenu@@QAEXPAD@Z	32	1	MainMenu	SetController
00506A70	?SetNetName@MainMenu@@QAEXPAD@Z	16	1	MainMenu	SetNetName
00506A80	?FocusDescription@MainMenu@@QAEXHH@Z	48	1	MainMenu	FocusDescription
00506AB0	??_GMainMenu@@UAEPAXI@Z	288	1	MainMenu	`scalar deleting destructor'
00506BD0	??0RaceMenuBase@@QAE@H@Z	240	1	RaceMenuBase	RaceMenuBase
00506CC0	?Init@RaceMenuBase@@QAEXH@Z	4208	1	RaceMenuBase	Init
00507D30	??1RaceMenuBase@@UAE@XZ	144	1	RaceMenuBase	~RaceMenuBase
00507DC0	?PreSetup@RaceMenuBase@@UAEXXZ	48	1	RaceMenuBase	PreSetup
00507DF0	?FocusDescription@RaceMenuBase@@QAEXHH@Z	80	1	RaceMenuBase	FocusDescription
00507E40	?WidgetOnOff@RaceMenuBase@@QAEXHPAVuiWidget@@@Z	112	1	RaceMenuBase	WidgetOnOff
00507EB0	?SetRW@RaceMenuBase@@QAEXXZ	1040	1	RaceMenuBase	SetRW
005082C0	?CheatCallback@RaceMenuBase@@QAEXXZ	16	1	RaceMenuBase	CheatCallback
005082D0	?SyncRaceState@RaceMenuBase@@QAEXXZ	128	1	RaceMenuBase	SyncRaceState
00508350	?CityChange@RaceMenuBase@@QAEXXZ	368	1	RaceMenuBase	CityChange
005084C0	?AnotherCityChangeCB@RaceMenuBase@@QAEXXZ	128	1	RaceMenuBase	AnotherCityChangeCB
00508540	?GameCallback@RaceMenuBase@@QAEXXZ	128	1	RaceMenuBase	GameCallback
005085C0	?LapsCallback@RaceMenuBase@@QAEXXZ	16	1	RaceMenuBase	LapsCallback
005085D0	?AICallback@RaceMenuBase@@QAEXXZ	80	1	RaceMenuBase	AICallback
00508620	?ChangeLocalVals@RaceMenuBase@@QAEXXZ	672	1	RaceMenuBase	ChangeLocalVals
005088C0	?SetStateRace@RaceMenuBase@@QAEXXZ	976	1	RaceMenuBase	SetStateRace
00508C90	?LoadRaceMap@RaceMenuBase@@QAEXXZ	144	1	RaceMenuBase	LoadRaceMap
00508D20	?DecRaceName@RaceMenuBase@@QAEXXZ	176	1	RaceMenuBase	DecRaceName
00508DD0	?IncRaceName@RaceMenuBase@@QAEXXZ	176	1	RaceMenuBase	IncRaceName
00508E80	?IncLocale@RaceMenuBase@@QAEXXZ	48	1	RaceMenuBase	IncLocale
00508EB0	?DecLocale@RaceMenuBase@@QAEXXZ	32	1	RaceMenuBase	DecLocale
00508ED0	?IncTime@RaceMenuBase@@QAEXXZ	48	1	RaceMenuBase	IncTime
00508F00	?DecTime@RaceMenuBase@@QAEXXZ	48	1	RaceMenuBase	DecTime
00508F30	?IncWeather@RaceMenuBase@@QAEXXZ	48	1	RaceMenuBase	IncWeather
00508F60	?DecWeather@RaceMenuBase@@QAEXXZ	48	1	RaceMenuBase	DecWeather
00508F90	??_GRaceMenuBase@@UAEPAXI@Z	48	1	RaceMenuBase	`scalar deleting destructor'
00508FC0	??0PUResults@@QAE@HMMMMPADHH@Z	352	1	PUResults	PUResults
00509120	?Init320@PUResults@@QAEXXZ	1248	1	PUResults	Init320
00509600	?Init640@PUResults@@QAEXXZ	1296	1	PUResults	Init640
00509B10	??1PUResults@@UAE@XZ	16	1	PUResults	~PUResults
00509B20	?AddTitle@PUResults@@QAEXPAULocString@@0@Z	48	1	PUResults	AddTitle
00509B50	?Reset@PUResults@@UAEXXZ	16	1	PUResults	Reset
00509B60	?RosterRO@PUResults@@QAEXH@Z	32	1	PUResults	RosterRO
00509B80	?RestartRO@PUResults@@QAEXH@Z	32	1	PUResults	RestartRO
00509BA0	?IsRosterReadOnly@PUResults@@QAEHXZ	16	1	PUResults	IsRosterReadOnly
00509BB0	?IsRaceMenuReadOnly@PUResults@@QAEHXZ	16	1	PUResults	IsRaceMenuReadOnly
00509BC0	?RaceMenuRO@PUResults@@QAEXH@Z	32	1	PUResults	RaceMenuRO
00509BE0	?AddName@PUResults@@QAEXHPBDM@Z	192	1	PUResults	AddName
00509CA0	?AddName@PUResults@@QAEXHPBD0@Z	160	1	PUResults	AddName
00509D40	?AddName@PUResults@@QAEXHPBDH@Z	208	1	PUResults	AddName
00509E10	?AddLoser@PUResults@@QAEXHPBD@Z	96	1	PUResults	AddLoser
00509E70	?ClearNames@PUResults@@QAEXXZ	112	1	PUResults	ClearNames
00509EE0	?DisableNextRace@PUResults@@QAEXXZ	16	1	PUResults	DisableNextRace
00509EF0	?EnableNextRace@PUResults@@QAEXXZ	16	1	PUResults	EnableNextRace
00509F00	?SetMessage@PUResults@@QAEXPAULocString@@@Z	32	1	PUResults	SetMessage
00509F20	??_GPUResults@@UAEPAXI@Z	224	1	PUResults	`scalar deleting destructor'
0050A000	??0PUGraphics@@QAE@HMMMM@Z	1184	1	PUGraphics	PUGraphics
0050A4A0	??1PUGraphics@@UAE@XZ	16	1	PUGraphics	~PUGraphics
0050A4B0	?PreSetup@PUGraphics@@UAEXXZ	80	1	PUGraphics	PreSetup
0050A500	?CancelAction@PUGraphics@@QAEXXZ	16	1	PUGraphics	CancelAction
0050A510	?SetFarClip@PUGraphics@@QAEXM@Z	32	1	PUGraphics	SetFarClip
0050A530	?FixClip@PUGraphics@@QAEXXZ	80	1	PUGraphics	FixClip
0050A580	?RenderQualityCB@PUGraphics@@QAEXXZ	16	1	PUGraphics	RenderQualityCB
0050A590	??_GPUGraphics@@UAEPAXI@Z	48	1	PUGraphics	`scalar deleting destructor'
0050A5C0	??0PUMain@@QAE@HMMMMPAD@Z	576	1	PUMain	PUMain
0050A800	??1PUMain@@UAE@XZ	16	1	PUMain	~PUMain
0050A810	?RplRO@PUMain@@QAEXH@Z	32	1	PUMain	RplRO
0050A830	?RestartRO@PUMain@@QAEXH@Z	32	1	PUMain	RestartRO
0050A850	?RaceMenuRO@PUMain@@QAEXH@Z	32	1	PUMain	RaceMenuRO
0050A870	?IsRaceMenuReadOnly@PUMain@@QAEHXZ	16	1	PUMain	IsRaceMenuReadOnly
0050A880	??_GPUMain@@UAEPAXI@Z	48	1	PUMain	`scalar deleting destructor'
0050A8B0	??0PURoster@@QAE@HMMMM@Z	432	1	PURoster	PURoster
0050AA60	??1PURoster@@UAE@XZ	16	1	PURoster	~PURoster
0050AA70	?Reset@PURoster@@UAEXXZ	16	1	PURoster	Reset
0050AA80	?BootButtonCB@PURoster@@QAEXXZ	96	1	PURoster	BootButtonCB
0050AAE0	?SetHost@PURoster@@QAEXH@Z	112	1	PURoster	SetHost
0050AB50	?AddName@PURoster@@QAEXPBDKH@Z	224	1	PURoster	AddName
0050AC30	?RemoveName@PURoster@@QAEXPBDK@Z	320	1	PURoster	RemoveName
0050AD70	?RemoveName@PURoster@@QAEXK@Z	304	1	PURoster	RemoveName
0050AEA0	?ClearNames@PURoster@@QAEXXZ	128	1	PURoster	ClearNames
0050AF20	?PostNames@PURoster@@QAEXXZ	48	1	PURoster	PostNames
0050AF50	?SetBootCB@PURoster@@QAEXVdatCallback@@@Z	32	1	PURoster	SetBootCB
0050AF70	?FindRosterName@PURoster@@QAEHPBD@Z	112	1	PURoster	FindRosterName
0050AFE0	?FindRosterName@PURoster@@QAEHK@Z	48	1	PURoster	FindRosterName
0050B010	??_GPURoster@@UAEPAXI@Z	48	1	PURoster	`scalar deleting destructor'
0050B040	??0PUQuit@@QAE@HMMMMPAD@Z	432	1	PUQuit	PUQuit
0050B1F0	??1PUQuit@@UAE@XZ	16	1	PUQuit	~PUQuit
0050B200	?EnableMigrateHost@PUQuit@@QAEX_N@Z	64	1	PUQuit	EnableMigrateHost
0050B240	??_GPUQuit@@UAEPAXI@Z	48	1	PUQuit	`scalar deleting destructor'
0050B270	??0PUReplay@@QAE@HMMMMPAD@Z	704	1	PUReplay	PUReplay
0050B530	??1PUReplay@@UAE@XZ	16	1	PUReplay	~PUReplay
0050B540	?SaveRO@PUReplay@@QAEXH@Z	32	1	PUReplay	SaveRO
0050B560	?GetSaveRO@PUReplay@@QAEHXZ	16	1	PUReplay	GetSaveRO
0050B570	??_GPUReplay@@UAEPAXI@Z	48	1	PUReplay	`scalar deleting destructor'
0050B5A0	??0PUKey@@QAE@HMMMM@Z	160	1	PUKey	PUKey
0050B640	??1PUKey@@UAE@XZ	16	1	PUKey	~PUKey
0050B650	?PreSetup@PUKey@@EAEXXZ	704	1	PUKey	PreSetup
0050B910	?PostSetup@PUKey@@EAEXXZ	64	1	PUKey	PostSetup
0050B950	??_GPUKey@@UAEPAXI@Z	48	1	PUKey	`scalar deleting destructor'
0050B980	??0PUReplaySave@@QAE@HMMMMPAD@Z	352	1	PUReplaySave	PUReplaySave
0050BAE0	??1PUReplaySave@@UAE@XZ	16	1	PUReplaySave	~PUReplaySave
0050BAF0	??_GPUReplaySave@@UAEPAXI@Z	48	1	PUReplaySave	`scalar deleting destructor'
0050BB20	??0PUChat@@QAE@HMMMMPAD@Z	256	1	PUChat	PUChat
0050BC20	??1PUChat@@UAE@XZ	16	1	PUChat	~PUChat
0050BC30	?ClearChat@PUChat@@QAEXXZ	64	1	PUChat	ClearChat
0050BC70	?ChatEntry@PUChat@@QAEXXZ	96	1	PUChat	ChatEntry
0050BCD0	??_GPUChat@@UAEPAXI@Z	48	1	PUChat	`scalar deleting destructor'
0050BD00	??0PUControl@@QAE@HMMMM@Z	912	1	PUControl	PUControl
0050C090	??1PUControl@@UAE@XZ	96	1	PUControl	~PUControl
0050C0F0	?PreSetup@PUControl@@UAEXXZ	32	1	PUControl	PreSetup
0050C110	?CancelAction@PUControl@@QAEXXZ	32	1	PUControl	CancelAction
0050C130	?SetRWStates@PUControl@@QAEXXZ	144	1	PUControl	SetRWStates
0050C1C0	?ControlSelect@PUControl@@QAEXXZ	48	1	PUControl	ControlSelect
0050C1F0	?SetSensitivityCB@PUControl@@QAEXXZ	16	1	PUControl	SetSensitivityCB
0050C200	??_GPUControl@@UAEPAXI@Z	48	1	PUControl	`scalar deleting destructor'
0050C230	??0PUDebug@@QAE@HMMMM@Z	448	1	PUDebug	PUDebug
0050C3F0	??1PUDebug@@UAE@XZ	16	1	PUDebug	~PUDebug
0050C400	?RecordCB@PUDebug@@QAEXXZ	16	1	PUDebug	RecordCB
0050C410	??_GPUDebug@@UAEPAXI@Z	48	1	PUDebug	`scalar deleting destructor'
0050C440	??0PUOptions@@QAE@HMMMM@Z	416	1	PUOptions	PUOptions
0050C5E0	??1PUOptions@@UAE@XZ	16	1	PUOptions	~PUOptions
0050C5F0	??_GPUOptions@@UAEPAXI@Z	48	1	PUOptions	`scalar deleting destructor'
0050C620	??0PUAudioOptions@@QAE@HMMMM@Z	704	1	PUAudioOptions	PUAudioOptions
0050C8E0	??1PUAudioOptions@@UAE@XZ	16	1	PUAudioOptions	~PUAudioOptions
0050C8F0	?SetWaveVolume@PUAudioOptions@@QAEXXZ	32	1	PUAudioOptions	SetWaveVolume
0050C910	?SetCDVolume@PUAudioOptions@@QAEXXZ	48	1	PUAudioOptions	SetCDVolume
0050C940	?SetBalance@PUAudioOptions@@QAEXXZ	64	1	PUAudioOptions	SetBalance
0050C980	?PreSetup@PUAudioOptions@@UAEXXZ	16	1	PUAudioOptions	PreSetup
0050C990	?CancelAction@PUAudioOptions@@QAEXXZ	304	1	PUAudioOptions	CancelAction
0050CAC0	??_GPUAudioOptions@@UAEPAXI@Z	48	1	PUAudioOptions	`scalar deleting destructor'
0050CAF0	??0PUExit@@QAE@HMMMMPAD@Z	352	1	PUExit	PUExit
0050CC50	??1PUExit@@UAE@XZ	16	1	PUExit	~PUExit
0050CC60	??_GPUExit@@UAEPAXI@Z	48	1	PUExit	`scalar deleting destructor'
0050CC90	??0PUMenuBase@@QAE@HMMMMPAD_N@Z	480	1	PUMenuBase	PUMenuBase
0050CE70	??1PUMenuBase@@UAE@XZ	128	1	PUMenuBase	~PUMenuBase
0050CEF0	?CreateDummyBitmap@PUMenuBase@@QAEPAVgfxBitmap@@XZ	160	1	PUMenuBase	CreateDummyBitmap
0050CF90	?CreateTitle@PUMenuBase@@QAEMH@Z	64	1	PUMenuBase	CreateTitle
0050CFD0	?AddPrevious@PUMenuBase@@QAEMMMMM@Z	128	1	PUMenuBase	AddPrevious
0050D050	?AddOKCancel@PUMenuBase@@QAEXVdatCallback@@0@Z	160	1	PUMenuBase	AddOKCancel
0050D0F0	?AddExit@PUMenuBase@@QAEMMMMM@Z	128	1	PUMenuBase	AddExit
0050D170	?Update@PUMenuBase@@UAEXXZ	48	1	PUMenuBase	Update
0050D1A0	?Cull@PUMenuBase@@UAEXXZ	64	1	PUMenuBase	Cull
0050D1E0	?DisableExit@PUMenuBase@@QAEXXZ	16	1	PUMenuBase	DisableExit
0050D1F0	?EnableExit@PUMenuBase@@QAEXXZ	16	1	PUMenuBase	EnableExit
0050D200	??_GPUMenuBase@@UAEPAXI@Z	48	1	PUMenuBase	`scalar deleting destructor'
0050D230	??0OptionsBase@@QAE@H@Z	400	1	OptionsBase	OptionsBase
0050D3C0	?CreateTitle@OptionsBase@@QAEXPAULocString@@@Z	48	1	OptionsBase	CreateTitle
0050D3F0	??1OptionsBase@@UAE@XZ	112	1	OptionsBase	~OptionsBase
0050D460	??_GOptionsBase@@UAEPAXI@Z	48	1	OptionsBase	`scalar deleting destructor'
0050D490	??_9@$BFA@AE	16	1		
0050D4A0	??_9@$BFE@AE	16	1		
0050D4B0	?ResetDefaultAction@OptionsBase@@UAEXXZ	16	1	OptionsBase	ResetDefaultAction
0050D4C0	??0ControlBase@@QAE@XZ	16	1	ControlBase	ControlBase
0050D4D0	??1ControlBase@@QAE@XZ	16	1	ControlBase	~ControlBase
0050D4E0	?InitSensitivity@ControlBase@@QAEXXZ	96	1	ControlBase	InitSensitivity
0050D540	?SetSensitivity@ControlBase@@QAEXXZ	48	1	ControlBase	SetSensitivity
0050D570	?SetAgeAudioManagerPtr@AudSoundBase@@SAXPAVaudManager@@@Z	16	1	AudSoundBase	SetAgeAudioManagerPtr
0050D580	??0AudSoundBase@@QAE@XZ	48	1	AudSoundBase	AudSoundBase
0050D5B0	??0AudSoundBase@@QAE@PAV0@@Z	288	1	AudSoundBase	AudSoundBase
0050D6D0	??0AudSoundBase@@QAE@IHF@Z	224	1	AudSoundBase	AudSoundBase
0050D7B0	??1AudSoundBase@@UAE@XZ	224	1	AudSoundBase	~AudSoundBase
0050D890	?DeallocateStatics@AudSoundBase@@SAXXZ	64	1	AudSoundBase	DeallocateStatics
0050D8D0	?SetSubPath@AudSoundBase@@QAEXPAD@Z	48	1	AudSoundBase	SetSubPath
0050D900	?SetExtension@AudSoundBase@@QAEXPAD@Z	48	1	AudSoundBase	SetExtension
0050D930	?GetSubPathAndExtension@AudSoundBase@@QAEXPAD0@Z	144	1	AudSoundBase	GetSubPathAndExtension
0050D9C0	?SetDefSubPath@AudSoundBase@@SAXPAD@Z	32	1	AudSoundBase	SetDefSubPath
0050D9E0	?SetDefExtension@AudSoundBase@@SAXPAD@Z	32	1	AudSoundBase	SetDefExtension
0050DA00	?CreateDuplicateObject@AudSoundBase@@AAEPAVaudObject@@H@Z	48	1	AudSoundBase	CreateDuplicateObject
0050DA30	?SetVolume@AudSoundBase@@QAEXM@Z	96	1	AudSoundBase	SetVolume
0050DA90	?SetAllVolumes@AudSoundBase@@QAEXM@Z	32	1	AudSoundBase	SetAllVolumes
0050DAB0	?SetFrequency@AudSoundBase@@QAEXM@Z	96	1	AudSoundBase	SetFrequency
0050DB10	?SetPriority@AudSoundBase@@QAEXH@Z	32	1	AudSoundBase	SetPriority
0050DB30	?SetPan@AudSoundBase@@QAEXMH@Z	80	1	AudSoundBase	SetPan
0050DB80	?SetAllPanning@AudSoundBase@@QAEXM@Z	96	1	AudSoundBase	SetAllPanning
0050DBE0	?Update@AudSoundBase@@UAEXXZ	16	1	AudSoundBase	Update
0050DBF0	?UpdateEcho@AudSoundBase@@QAEXXZ	48	1	AudSoundBase	UpdateEcho
0050DC20	?DisableEchoEffect@AudSoundBase@@QAEXXZ	48	1	AudSoundBase	DisableEchoEffect
0050DC50	?SetEffect@AudSoundBase@@QAEXH@Z	32	1	AudSoundBase	SetEffect
0050DC70	?GetEffect@AudSoundBase@@QAEHXZ	16	1	AudSoundBase	GetEffect
0050DC80	?DisableEffect@AudSoundBase@@QAEXH@Z	32	1	AudSoundBase	DisableEffect
0050DCA0	?SetEchoEffect@AudSoundBase@@QAEXXZ	112	1	AudSoundBase	SetEchoEffect
0050DD10	?SetEchoEffect@AudSoundBase@@AAEXH@Z	96	1	AudSoundBase	SetEchoEffect
0050DD70	?SetEchoAttenuation@AudSoundBase@@QAEXM@Z	64	1	AudSoundBase	SetEchoAttenuation
0050DDB0	?SetDelayTime@AudSoundBase@@QAEXM@Z	64	1	AudSoundBase	SetDelayTime
0050DDF0	?SetRamp@AudSoundBase@@QAEXMM@Z	16	1	AudSoundBase	SetRamp
0050DE00	?SetEchoFrequency@AudSoundBase@@QAEXMH@Z	64	1	AudSoundBase	SetEchoFrequency
0050DE40	?SetPositionPtr@AudSoundBase@@QAEXPAVVector3@@@Z	80	1	AudSoundBase	SetPositionPtr
0050DE90	?Load@AudSoundBase@@QAEHPADH_N@Z	272	1	AudSoundBase	Load
0050DFA0	?AutoUpdateParamsOff@AudSoundBase@@AAEXH@Z	64	1	AudSoundBase	AutoUpdateParamsOff
0050DFE0	?SetupOneShotLayerBuffers@AudSoundBase@@QAEXHMH@Z	16	1	AudSoundBase	SetupOneShotLayerBuffers
0050DFF0	?ReadyOneShotLayerBuf@AudSoundBase@@QAEHXZ	48	1	AudSoundBase	ReadyOneShotLayerBuf
0050E020	?AllOneShotLayersPlaying@AudSoundBase@@QAEHXZ	16	1	AudSoundBase	AllOneShotLayersPlaying
0050E030	?Get2DFlags@AudSoundBase@@SAIXZ	16	1	AudSoundBase	Get2DFlags
0050E040	?GetSoft2DFlags@AudSoundBase@@SAIXZ	16	1	AudSoundBase	GetSoft2DFlags
0050E050	?GetFreqChange2DFlags@AudSoundBase@@SAIXZ	16	1	AudSoundBase	GetFreqChange2DFlags
0050E060	?GetSoftFreqChange2DFlags@AudSoundBase@@SAIXZ	16	1	AudSoundBase	GetSoftFreqChange2DFlags
0050E070	?Get3DFlags@AudSoundBase@@SAIXZ	16	1	AudSoundBase	Get3DFlags
0050E080	?GetFreqChange3DFlags@AudSoundBase@@SAIXZ	16	1	AudSoundBase	GetFreqChange3DFlags
0050E090	?PlayOnce@AudSoundBase@@QAEXMM@Z	192	1	AudSoundBase	PlayOnce
0050E150	?PlayLoop@AudSoundBase@@QAEXMM@Z	160	1	AudSoundBase	PlayLoop
0050E1F0	?Stop@AudSoundBase@@QAEXXZ	64	1	AudSoundBase	Stop
0050E230	?PauseResume@AudSoundBase@@QAEX_N@Z	32	1	AudSoundBase	PauseResume
0050E250	?IsPlaying@AudSoundBase@@QAE_NXZ	112	1	AudSoundBase	IsPlaying
0050E2C0	?SetSoundHandleIndex@AudSoundBase@@QAEXH@Z	16	1	AudSoundBase	SetSoundHandleIndex
0050E2D0	?GetSoundHandleIndex@AudSoundBase@@QAEHXZ	16	1	AudSoundBase	GetSoundHandleIndex
0050E2E0	?SetPlayPosition@AudSoundBase@@QAEXI@Z	16	1	AudSoundBase	SetPlayPosition
0050E2F0	?Enable3DMode@AudSoundBase@@QAEXXZ	16	1	AudSoundBase	Enable3DMode
0050E300	?Disable3DMode@AudSoundBase@@QAEXXZ	16	1	AudSoundBase	Disable3DMode
0050E310	?GetNumSoundHandles@AudSoundBase@@QAEHXZ	16	1	AudSoundBase	GetNumSoundHandles
0050E320	??0AudStream@@QAE@IHF@Z	160	1	AudStream	AudStream
0050E3C0	??1AudStream@@UAE@XZ	16	1	AudStream	~AudStream
0050E3D0	?SetVolume@AudStream@@QAEXM@Z	32	1	AudStream	SetVolume
0050E3F0	?PlayOnce@AudStream@@QAE_NPAD@Z	240	1	AudStream	PlayOnce
0050E4E0	??0AudMidi@@QAE@AAVAudManagerBase@@@Z	176	1	AudMidi	AudMidi
0050E590	??1AudMidi@@UAE@XZ	128	1	AudMidi	~AudMidi
0050E610	?MidiZeroPointers@AudMidi@@QAEXXZ	16	1	AudMidi	MidiZeroPointers
0050E620	?MidiLoad@AudMidi@@QAEHPAD0@Z	256	1	AudMidi	MidiLoad
0050E720	?MidiPlay@AudMidi@@QAEHMM@Z	80	1	AudMidi	MidiPlay
0050E770	?MidiRewind@AudMidi@@QAEXXZ	16	1	AudMidi	MidiRewind
0050E780	?MidiSetTempo@AudMidi@@QAEXM@Z	32	1	AudMidi	MidiSetTempo
0050E7A0	?MidiSetVolume@AudMidi@@QAEXM@Z	32	1	AudMidi	MidiSetVolume
0050E7C0	?MidiPauseResume@AudMidi@@QAEX_N@Z	32	1	AudMidi	MidiPauseResume
0050E7E0	?MidiStop@AudMidi@@QAEXXZ	16	1	AudMidi	MidiStop
0050E7F0	?MidiUpdate@AudMidi@@QAEXXZ	32	1	AudMidi	MidiUpdate
0050E810	??0AudStreamingMusic@@QAE@AAVAudManagerBase@@@Z	64	1	AudStreamingMusic	AudStreamingMusic
0050E850	??1AudStreamingMusic@@UAE@XZ	80	1	AudStreamingMusic	~AudStreamingMusic
0050E8A0	?StreamingMusicReleaseControl@AudStreamingMusic@@QAEXXZ	112	1	AudStreamingMusic	StreamingMusicReleaseControl
0050E910	?StreamingMusicInit@AudStreamingMusic@@QAEHPBD@Z	560	1	AudStreamingMusic	StreamingMusicInit
0050EB40	?StreamingMusicPlay@AudStreamingMusic@@QAEHHH_N@Z	272	1	AudStreamingMusic	StreamingMusicPlay
0050EC50	?StreamingMusicStop@AudStreamingMusic@@QAEXXZ	16	1	AudStreamingMusic	StreamingMusicStop
0050EC60	?StreamingMusicUpdate@AudStreamingMusic@@QAEXXZ	16	1	AudStreamingMusic	StreamingMusicUpdate
0050EC70	?StreamingMusicSetVolume@AudStreamingMusic@@QAEXM@Z	32	1	AudStreamingMusic	StreamingMusicSetVolume
0050EC90	??_GAudSoundBase@@UAEPAXI@Z	48	1	AudSoundBase	`scalar deleting destructor'
0050ECC0	??_GAudStream@@UAEPAXI@Z	48	1	AudStream	`scalar deleting destructor'
0050ECF0	??_GAudMidi@@UAEPAXI@Z	48	1	AudMidi	`scalar deleting destructor'
0050ED20	??_GAudStreamingMusic@@UAEPAXI@Z	48	1	AudStreamingMusic	`scalar deleting destructor'
0050ED50	?Aud_Stream_Open@@YAPAVStream@@PAD@Z	32	1		Aud_Stream_Open
0050ED70	?Aud_Stream_Close@@YAXPAVStream@@@Z	32	1		Aud_Stream_Close
0050ED90	?Aud_Stream_Tell@@YAHPAVStream@@@Z	16	1		Aud_Stream_Tell
0050EDA0	?Aud_Stream_Seek@@YAHPAVStream@@H@Z	32	1		Aud_Stream_Seek
0050EDC0	?Aud_Stream_Size@@YAHPAVStream@@@Z	48	1		Aud_Stream_Size
0050EDF0	?Aud_Stream_Read@@YAHPAVStream@@PAXH@Z	32	1		Aud_Stream_Read
0050EE10	??0AudManagerBase@@QAE@XZ	48	1	AudManagerBase	AudManagerBase
0050EE40	??1AudManagerBase@@UAE@XZ	144	1	AudManagerBase	~AudManagerBase
0050EED0	?Init@AudManagerBase@@QAEXHFFH@Z	176	1	AudManagerBase	Init
0050EF80	?RestartAudio@AudManagerBase@@QAEXHHH@Z	128	1	AudManagerBase	RestartAudio
0050F000	?ShutDownAudio@AudManagerBase@@QAEXXZ	96	1	AudManagerBase	ShutDownAudio
0050F060	?LoadSoundBank@AudManagerBase@@QAEPAVaudSoundBankHdr@@PAD@Z	16	1	AudManagerBase	LoadSoundBank
0050F070	?SoundFXOn@AudManagerBase@@QAE_NXZ	32	1	AudManagerBase	SoundFXOn
0050F090	?SetStereoFlag@AudManagerBase@@QAEXH@Z	48	1	AudManagerBase	SetStereoFlag
0050F0C0	?SetReverbFlags@AudManagerBase@@QAEXHH@Z	16	1	AudManagerBase	SetReverbFlags
0050F0D0	?IsStereo@AudManagerBase@@QAEHXZ	32	1	AudManagerBase	IsStereo
0050F0F0	?Enable@AudManagerBase@@QAEXXZ	16	1	AudManagerBase	Enable
0050F100	?IsEnabled@AudManagerBase@@QAE_NXZ	32	1	AudManagerBase	IsEnabled
0050F120	?Disable@AudManagerBase@@QAEXXZ	16	1	AudManagerBase	Disable
0050F130	?Update@AudManagerBase@@UAEXXZ	112	1	AudManagerBase	Update
0050F1A0	?UpdatePaused@AudManagerBase@@UAEXXZ	32	1	AudManagerBase	UpdatePaused
0050F1C0	?GetMasterSFXVolume@AudManagerBase@@QAEMXZ	32	1	AudManagerBase	GetMasterSFXVolume
0050F1E0	?StopAllSounds@AudManagerBase@@QAEXXZ	80	1	AudManagerBase	StopAllSounds
0050F230	?RandomizeNumber@AudManagerBase@@QAEMM@Z	96	1	AudManagerBase	RandomizeNumber
0050F290	?RandomizeNumber@AudManagerBase@@QAEMMM@Z	112	1	AudManagerBase	RandomizeNumber
0050F300	?GetAgeAudioManager@AudManagerBase@@QAEPAVaudManager@@XZ	16	1	AudManagerBase	GetAgeAudioManager
0050F310	?SetReverb@AudManagerBase@@QAEXH@Z	32	1	AudManagerBase	SetReverb
0050F330	??_GAudManagerBase@@UAEPAXI@Z	48	1	AudManagerBase	`scalar deleting destructor'
0050F360	??0Aud3DObjectManager@@QAE@H@Z	224	1	Aud3DObjectManager	Aud3DObjectManager
0050F440	??1Aud3DObjectManager@@UAE@XZ	528	1	Aud3DObjectManager	~Aud3DObjectManager
0050F650	?InitAmbObjContainer@Aud3DObjectManager@@QAEXPAD@Z	144	1	Aud3DObjectManager	InitAmbObjContainer
0050F6E0	?Add@Aud3DObjectManager@@QAEHPAVAud3DObject@@@Z	128	1	Aud3DObjectManager	Add
0050F760	?Remove@Aud3DObjectManager@@QAEXPAVAud3DObject@@H@Z	48	1	Aud3DObjectManager	Remove
0050F790	?FindGreatestDistance@Aud3DObjectManager@@QAEHPAVAud3DObject@@@Z	272	1	Aud3DObjectManager	FindGreatestDistance
0050F8A0	?FindUnusedSlot@Aud3DObjectManager@@QAEHXZ	48	1	Aud3DObjectManager	FindUnusedSlot
0050F8D0	?Process3D@Aud3DObjectManager@@QAEX_N@Z	64	1	Aud3DObjectManager	Process3D
0050F910	?Update@Aud3DObjectManager@@QAEXM@Z	176	1	Aud3DObjectManager	Update
0050F9C0	?EchoOn@Aud3DObjectManager@@QAEXM@Z	32	1	Aud3DObjectManager	EchoOn
0050F9E0	?EchoOff@Aud3DObjectManager@@QAEXXZ	16	1	Aud3DObjectManager	EchoOff
0050F9F0	?GetSample@Aud3DObjectManager@@QAEPAVAudSoundBase@@HH@Z	48	1	Aud3DObjectManager	GetSample
0050FA20	?SetNumScreenSplits@Aud3DObjectManager@@QAEXH@Z	144	1	Aud3DObjectManager	SetNumScreenSplits
0050FAB0	?CatName@Aud3DObjectManager@@AAEPADPADHH@Z	512	1	Aud3DObjectManager	CatName
0050FCB0	?AllocateSample@Aud3DObjectManager@@QAEHPADK@Z	368	1	Aud3DObjectManager	AllocateSample
0050FE20	?AllocateSample@Aud3DObjectManager@@QAEHPADHK@Z	368	1	Aud3DObjectManager	AllocateSample
0050FF90	?GetSampleWrapper@Aud3DObjectManager@@QAEPAVAud3DSampleWrapper@@H@Z	32	1	Aud3DObjectManager	GetSampleWrapper
0050FFB0	?QueueInCopVoice@Aud3DObjectManager@@QAEHM@Z	16	1	Aud3DObjectManager	QueueInCopVoice
0050FFC0	?PlayCopVoice@Aud3DObjectManager@@QAEHXZ	16	1	Aud3DObjectManager	PlayCopVoice
0050FFD0	?GetClosestCop@Aud3DObjectManager@@QAEHXZ	16	1	Aud3DObjectManager	GetClosestCop
0050FFE0	?GetLeftHeadPtrPtr@Aud3DObjectManager@@QAEPAPAVMatrix34@@XZ	32	1	Aud3DObjectManager	GetLeftHeadPtrPtr
00510000	?GetRightHeadPtrPtr@Aud3DObjectManager@@QAEPAPAVMatrix34@@XZ	32	1	Aud3DObjectManager	GetRightHeadPtrPtr
00510020	?SetLeftHeadPtr@Aud3DObjectManager@@QAEXPAVMatrix34@@H@Z	32	1	Aud3DObjectManager	SetLeftHeadPtr
00510040	?SetRightHeadPtr@Aud3DObjectManager@@QAEXPAVMatrix34@@H@Z	32	1	Aud3DObjectManager	SetRightHeadPtr
00510060	??_GAud3DObjectManager@@UAEPAXI@Z	48	1	Aud3DObjectManager	`scalar deleting destructor'
00510090	??0AudSpeech@@QAE@_N@Z	144	1	AudSpeech	AudSpeech
00510120	??1AudSpeech@@UAE@XZ	176	1	AudSpeech	~AudSpeech
005101D0	?SetSubPath@AudSpeech@@QAEXPAD@Z	80	1	AudSpeech	SetSubPath
00510220	?SetExtension@AudSpeech@@QAEXPAD@Z	80	1	AudSpeech	SetExtension
00510270	?AllocateSpeechData@AudSpeech@@QAEXPADMM@Z	224	1	AudSpeech	AllocateSpeechData
00510350	?AllocateQueuePlayData@AudSpeech@@QAEXXZ	160	1	AudSpeech	AllocateQueuePlayData
005103F0	?PutInQueue@AudSpeech@@AAEXHHM@Z	96	1	AudSpeech	PutInQueue
00510450	?Play@AudSpeech@@QAEXHM@Z	48	1	AudSpeech	Play
00510480	?SetVolume@AudSpeech@@QAEXM@Z	48	1	AudSpeech	SetVolume
005104B0	?SetStreamVolume@AudSpeech@@AAEXM@Z	32	1	AudSpeech	SetStreamVolume
005104D0	?SetOneShotVolume@AudSpeech@@AAEXM@Z	64	1	AudSpeech	SetOneShotVolume
00510510	?PlayStream@AudSpeech@@AAEXHM@Z	96	1	AudSpeech	PlayStream
00510570	?PlayOneShot@AudSpeech@@AAEXHM@Z	112	1	AudSpeech	PlayOneShot
005105E0	?IsPlaying@AudSpeech@@QAE_NXZ	32	1	AudSpeech	IsPlaying
00510600	?Play@AudSpeech@@QAEXHHM@Z	64	1	AudSpeech	Play
00510640	?PlayStream@AudSpeech@@AAEXHHM@Z	112	1	AudSpeech	PlayStream
005106B0	?PlayOneShot@AudSpeech@@AAEXHHM@Z	112	1	AudSpeech	PlayOneShot
00510720	?Update@AudSpeech@@QAEXXZ	208	1	AudSpeech	Update
005107F0	?EmptyQueue@AudSpeech@@AAEXXZ	80	1	AudSpeech	EmptyQueue
00510840	?Stop@AudSpeech@@QAEXXZ	80	1	AudSpeech	Stop
00510890	?GetCatAddValue@AudSpeech@@QAEHH@Z	32	1	AudSpeech	GetCatAddValue
005108B0	?GetEndSufixNumber@AudSpeech@@QAEHH@Z	32	1	AudSpeech	GetEndSufixNumber
005108D0	??0AudCreatureContainer@@QAE@XZ	48	1	AudCreatureContainer	AudCreatureContainer
00510900	??1AudCreatureContainer@@UAE@XZ	16	1	AudCreatureContainer	~AudCreatureContainer
00510910	?IsPlaying@AudCreatureContainer@@QAE_NXZ	16	1	AudCreatureContainer	IsPlaying
00510920	?Init@AudCreatureContainer@@QAEXPADPAVVector3@@@Z	48	1	AudCreatureContainer	Init
00510950	?Update@AudCreatureContainer@@UAEXXZ	48	1	AudCreatureContainer	Update
00510980	?Reset@AudCreatureContainer@@QAEXXZ	32	1	AudCreatureContainer	Reset
005109A0	?AssignSounds@AudCreatureContainer@@UAEXXZ	64	1	AudCreatureContainer	AssignSounds
005109E0	?UnAssignSounds@AudCreatureContainer@@UAEXH@Z	64	1	AudCreatureContainer	UnAssignSounds
00510A20	?UpdateAudio@AudCreatureContainer@@UAEXXZ	96	1	AudCreatureContainer	UpdateAudio
00510A80	?UpdateAudio@AudCreatureContainer@@QAEHM@Z	144	1	AudCreatureContainer	UpdateAudio
00510B10	?InitStatics@AudCreatureContainer@@SAXXZ	32	1	AudCreatureContainer	InitStatics
00510B30	?DeallocateStatics@AudCreatureContainer@@SAXXZ	192	1	AudCreatureContainer	DeallocateStatics
00510BF0	?UpdateStatics@AudCreatureContainer@@SAXM@Z	48	1	AudCreatureContainer	UpdateStatics
00510C20	?UpdateVoices@AudCreatureContainer@@CAXHM@Z	64	1	AudCreatureContainer	UpdateVoices
00510C60	?EchoOn@AudCreatureContainer@@QAEXXZ	48	1	AudCreatureContainer	EchoOn
00510C90	?EchoOff@AudCreatureContainer@@QAEXXZ	32	1	AudCreatureContainer	EchoOff
00510CB0	?UpdateEcho@AudCreatureContainer@@AAEXXZ	16	1	AudCreatureContainer	UpdateEcho
00510CC0	?PlayImpactReaction@AudCreatureContainer@@QAEXM@Z	48	1	AudCreatureContainer	PlayImpactReaction
00510CF0	?PlayAvoidanceReaction@AudCreatureContainer@@QAEXM@Z	48	1	AudCreatureContainer	PlayAvoidanceReaction
00510D20	?LoadVoices@AudCreatureContainer@@QAE_NPAD0@Z	560	1	AudCreatureContainer	LoadVoices
00510F50	?LoadNumFileChoices@AudCreatureContainer@@SAXPADPAH@Z	480	1	AudCreatureContainer	LoadNumFileChoices
00511130	??0AudImpact@@QAE@XZ	48	1	AudImpact	AudImpact
00511160	??0AudImpact@@QAE@PAV0@@Z	272	1	AudImpact	AudImpact
00511270	??1AudImpact@@UAE@XZ	96	1	AudImpact	~AudImpact
005112D0	?SetSecondsElapsed@AudImpact@@SAXM@Z	16	1	AudImpact	SetSecondsElapsed
005112E0	?GetSecondsElapsed@AudImpact@@SAMXZ	16	1	AudImpact	GetSecondsElapsed
005112F0	?GetAudImpactDataPtr@AudImpact@@QAEPAVAudImpactData@@H@Z	128	1	AudImpact	GetAudImpactDataPtr
00511370	?Load@AudImpact@@SAHPAPAV1@PAD1PAH@Z	240	1	AudImpact	Load
00511460	?AddToHash@AudImpact@@SAXPADH@Z	64	1	AudImpact	AddToHash
005114A0	?ReadCSV@AudImpact@@AAEHPAVStream@@@Z	848	1	AudImpact	ReadCSV
005117F0	?AssignSounds@AudImpact@@QAEXH@Z	48	1	AudImpact	AssignSounds
00511820	?UnAssignSounds@AudImpact@@QAEXXZ	32	1	AudImpact	UnAssignSounds
00511840	?Update@AudImpact@@QAEXXZ	32	1	AudImpact	Update
00511860	?Play@AudImpact@@QAEXMH@Z	32	1	AudImpact	Play
00511880	?Play@AudImpact@@QAEXHM@Z	80	1	AudImpact	Play
005118D0	?Set3D@AudImpact@@QAEX_NM@Z	32	1	AudImpact	Set3D
005118F0	?SetPan@AudImpact@@QAEXM@Z	96	1	AudImpact	SetPan
00511950	?UpdateAttenuation@AudImpact@@QAEXMM@Z	352	1	AudImpact	UpdateAttenuation
00511AB0	??0Aud3DObject@@QAE@XZ	112	1	Aud3DObject	Aud3DObject
00511B20	??1Aud3DObject@@UAE@XZ	96	1	Aud3DObject	~Aud3DObject
00511B80	?SetPositionPtr@Aud3DObject@@QAEXPAVVector3@@@Z	48	1	Aud3DObject	SetPositionPtr
00511BB0	?Reset@Aud3DObject@@QAEXXZ	96	1	Aud3DObject	Reset
00511C10	?CalcDistToClosestHeads2@Aud3DObject@@QAEXXZ	512	1	Aud3DObject	CalcDistToClosestHeads2
00511E10	?CalcDistToClosestHead2@Aud3DObject@@AAEMPAPAVMatrix34@@PAVVector3@@H@Z	128	1	Aud3DObject	CalcDistToClosestHead2
00511E90	?CalcDistToHead2@Aud3DObject@@AAEMPAVMatrix34@@PAVVector3@@@Z	64	1	Aud3DObject	CalcDistToHead2
00511ED0	?CalcPercentToMaxDist2@Aud3DObject@@AAEMM@Z	96	1	Aud3DObject	CalcPercentToMaxDist2
00511F30	?CalcMultiPlayerPan@Aud3DObject@@QAEXXZ	16	1	Aud3DObject	CalcMultiPlayerPan
00511F40	?CalcSinglePlayerPan@Aud3DObject@@QAEXXZ	192	1	Aud3DObject	CalcSinglePlayerPan
00512000	?CalculateDoppler@Aud3DObject@@QAEMM@Z	64	1	Aud3DObject	CalculateDoppler
00512040	?GetLeftPositionPtr@Aud3DObject@@QAEPAVVector3@@XZ	16	1	Aud3DObject	GetLeftPositionPtr
00512050	?GetRightPositionPtr@Aud3DObject@@QAEPAVVector3@@XZ	16	1	Aud3DObject	GetRightPositionPtr
00512060	?SetDropOffs@Aud3DObject@@QAEXMM@Z	48	1	Aud3DObject	SetDropOffs
00512090	?PastMaxDistance@Aud3DObject@@QAE_NXZ	160	1	Aud3DObject	PastMaxDistance
00512130	?WithinMaxDistance@Aud3DObject@@QAE_NXZ	144	1	Aud3DObject	WithinMaxDistance
005121C0	?WithinMaxDistance@Aud3DObject@@QAE_NM@Z	64	1	Aud3DObject	WithinMaxDistance
00512200	?GetDistToClosestHead2@Aud3DObject@@QAEMXZ	48	1	Aud3DObject	GetDistToClosestHead2
00512230	?AddTo3DMgr@Aud3DObject@@QAEXXZ	32	1	Aud3DObject	AddTo3DMgr
00512250	?RemoveFrom3DMgr@Aud3DObject@@QAEXXZ	48	1	Aud3DObject	RemoveFrom3DMgr
00512280	?CalculateAttenuation@Aud3DObject@@QAEMXZ	64	1	Aud3DObject	CalculateAttenuation
005122C0	?CalculatePan@Aud3DObject@@QAEMXZ	48	1	Aud3DObject	CalculatePan
005122F0	?AssignSounds@Aud3DObject@@UAEXXZ	16	1	Aud3DObject	AssignSounds
00512300	?UnAssignSounds@Aud3DObject@@UAEXH@Z	16	1	Aud3DObject	UnAssignSounds
00512310	?UpdateAudio@Aud3DObject@@UAEXXZ	16	1	Aud3DObject	UpdateAudio
00512320	?Set3D@Aud3DObject@@QAEX_N@Z	64	1	Aud3DObject	Set3D
00512360	?SetNon3DParams@Aud3DObject@@UAEXXZ	16	1	Aud3DObject	SetNon3DParams
00512370	?Set3DParams@Aud3DObject@@UAEXXZ	16	1	Aud3DObject	Set3DParams
00512380	?GetPriority@Aud3DObject@@QAEHXZ	16	1	Aud3DObject	GetPriority
00512390	?Update@Aud3DObject@@UAEXXZ	64	1	Aud3DObject	Update
005123D0	?UpdateNonVirtual@Aud3DObject@@QAEXXZ	48	1	Aud3DObject	UpdateNonVirtual
00512400	?ReadVectorPoints@Aud3DObject@@QAE_NPAVStream@@@Z	336	1	Aud3DObject	ReadVectorPoints
00512550	?SetClosestPositionPtr@Aud3DObject@@AAEXXZ	80	1	Aud3DObject	SetClosestPositionPtr
005125A0	?GetClosestPositionPtr@Aud3DObject@@AAEPAVVector3@@PAPAVMatrix34@@H@Z	128	1	Aud3DObject	GetClosestPositionPtr
00512620	?CalcPseudoDistToClosestHead@Aud3DObject@@AAEMPAPAVMatrix34@@PAVVector3@@H@Z	128	1	Aud3DObject	CalcPseudoDistToClosestHead
005126A0	?CalcPseudoDistToHead@Aud3DObject@@AAEMPAVMatrix34@@PAVVector3@@@Z	96	1	Aud3DObject	CalcPseudoDistToHead
00512700	??0AudCreature@@QAE@XZ	16	1	AudCreature	AudCreature
00512710	??0AudCreature@@QAE@PAV0@@Z	304	1	AudCreature	AudCreature
00512840	??1AudCreature@@QAE@XZ	128	1	AudCreature	~AudCreature
005128C0	?SetAud3DObjectPtr@AudCreature@@QAEXPAVAud3DObject@@@Z	64	1	AudCreature	SetAud3DObjectPtr
00512900	?PlayAvoidance@AudCreature@@QAEXM@Z	64	1	AudCreature	PlayAvoidance
00512940	?IsPlaying@AudCreature@@QAE_NXZ	80	1	AudCreature	IsPlaying
00512990	?PlayImpact@AudCreature@@QAEXM@Z	32	1	AudCreature	PlayImpact
005129B0	?UpdateAttenuation@AudCreature@@QAEXMMM@Z	176	1	AudCreature	UpdateAttenuation
00512A60	?Load@AudCreature@@SAHPAPAV1@PAD1PAH@Z	160	1	AudCreature	Load
00512B00	?AddToHash@AudCreature@@SAXPADH@Z	32	1	AudCreature	AddToHash
00512B20	?ReadCSV@AudCreature@@AAEHPAVStream@@@Z	624	1	AudCreature	ReadCSV
00512D90	?AssignSounds@AudCreature@@QAEXH@Z	64	1	AudCreature	AssignSounds
00512DD0	?UnAssignSounds@AudCreature@@QAEXXZ	64	1	AudCreature	UnAssignSounds
00512E10	?EchoOn@AudCreature@@QAEXM@Z	64	1	AudCreature	EchoOn
00512E50	?EchoOff@AudCreature@@QAEXXZ	64	1	AudCreature	EchoOff
00512E90	?Update@AudCreature@@QAEXM@Z	64	1	AudCreature	Update
00512ED0	?UpdateEcho@AudCreature@@QAEXXZ	64	1	AudCreature	UpdateEcho
00512F10	??0AudCreatureImpact@@QAE@XZ	48	1	AudCreatureImpact	AudCreatureImpact
00512F40	??0AudCreatureImpact@@QAE@PAV0@@Z	240	1	AudCreatureImpact	AudCreatureImpact
00513030	??1AudCreatureImpact@@QAE@XZ	96	1	AudCreatureImpact	~AudCreatureImpact
00513090	?SetAud3DObjectPtr@AudCreatureImpact@@QAEXPAVAud3DObject@@@Z	16	1	AudCreatureImpact	SetAud3DObjectPtr
005130A0	?SamplePlaying@AudCreatureImpact@@QAE_NXZ	32	1	AudCreatureImpact	SamplePlaying
005130C0	?ParseCSVBuffer@AudCreatureImpact@@QAEHPAVStream@@@Z	528	1	AudCreatureImpact	ParseCSVBuffer
005132D0	?AssignSounds@AudCreatureImpact@@QAEXH@Z	80	1	AudCreatureImpact	AssignSounds
00513320	?UnAssignSounds@AudCreatureImpact@@QAEXXZ	48	1	AudCreatureImpact	UnAssignSounds
00513350	?QueuePlay@AudCreatureImpact@@QAEXM@Z	128	1	AudCreatureImpact	QueuePlay
005133D0	?Play@AudCreatureImpact@@AAEXXZ	144	1	AudCreatureImpact	Play
00513460	?UpdateAttenuation@AudCreatureImpact@@QAEXMM@Z	112	1	AudCreatureImpact	UpdateAttenuation
005134D0	?EchoOn@AudCreatureImpact@@QAEXM@Z	96	1	AudCreatureImpact	EchoOn
00513530	?EchoOff@AudCreatureImpact@@QAEXXZ	48	1	AudCreatureImpact	EchoOff
00513560	?UpdateEcho@AudCreatureImpact@@QAEXXZ	48	1	AudCreatureImpact	UpdateEcho
00513590	?Update@AudCreatureImpact@@QAEXXZ	64	1	AudCreatureImpact	Update
005135D0	?UpdateStatics@AudCreatureImpact@@SAXXZ	320	1	AudCreatureImpact	UpdateStatics
00513710	??0Aud3DAmbObjContainer@@QAE@XZ	16	1	Aud3DAmbObjContainer	Aud3DAmbObjContainer
00513720	??1Aud3DAmbObjContainer@@QAE@XZ	96	1	Aud3DAmbObjContainer	~Aud3DAmbObjContainer
00513780	?FileValid@Aud3DAmbObjContainer@@AAE_NPAD@Z	64	1	Aud3DAmbObjContainer	FileValid
005137C0	?Init@Aud3DAmbObjContainer@@QAE_NPAD@Z	224	1	Aud3DAmbObjContainer	Init
005138A0	?CreateAmbientObject@Aud3DAmbObjContainer@@AAEXPAD@Z	208	1	Aud3DAmbObjContainer	CreateAmbientObject
00513970	?Update@Aud3DAmbObjContainer@@QAEXM@Z	48	1	Aud3DAmbObjContainer	Update
005139A0	??0Aud3DSampleWrapper@@QAE@PADHK@Z	320	1	Aud3DSampleWrapper	Aud3DSampleWrapper
00513AE0	??0Aud3DSampleWrapper@@QAE@HHK@Z	208	1	Aud3DSampleWrapper	Aud3DSampleWrapper
00513BB0	??1Aud3DSampleWrapper@@QAE@XZ	112	1	Aud3DSampleWrapper	~Aud3DSampleWrapper
00513C20	?SetSampleName@Aud3DSampleWrapper@@QAEXPAD@Z	32	1	Aud3DSampleWrapper	SetSampleName
00513C40	?Load@Aud3DSampleWrapper@@QAEXPADH@Z	96	1	Aud3DSampleWrapper	Load
00513CA0	?GetSoundPtr@Aud3DSampleWrapper@@QAEPAVAudSoundBase@@F@Z	32	1	Aud3DSampleWrapper	GetSoundPtr
00513CC0	?Update@Aud3DSampleWrapper@@QAEXXZ	48	1	Aud3DSampleWrapper	Update
00513CF0	??0AudSpeechData@@QAE@PADMM_N00@Z	192	1	AudSpeechData	AudSpeechData
00513DB0	??1AudSpeechData@@QAE@XZ	112	1	AudSpeechData	~AudSpeechData
00513E20	?LoadOneShots@AudSpeechData@@AAEXPAD0@Z	336	1	AudSpeechData	LoadOneShots
00513F70	?SetVolume@AudSpeechData@@QAEXM@Z	64	1	AudSpeechData	SetVolume
00513FB0	?GetName@AudSpeechData@@QAEPADH@Z	64	1	AudSpeechData	GetName
00513FF0	?GetOneShot@AudSpeechData@@QAEPAVAudSoundBase@@H@Z	32	1	AudSpeechData	GetOneShot
00514010	?GetRandomName@AudSpeechData@@QAEPADXZ	160	1	AudSpeechData	GetRandomName
005140B0	?GetRandomOneShot@AudSpeechData@@QAEPAVAudSoundBase@@XZ	112	1	AudSpeechData	GetRandomOneShot
00514120	??0AudImpactData@@QAE@XZ	16	1	AudImpactData	AudImpactData
00514130	??0AudImpactData@@QAE@PAV0@@Z	80	1	AudImpactData	AudImpactData
00514180	??1AudImpactData@@UAE@XZ	32	1	AudImpactData	~AudImpactData
005141A0	?ReadCSV@AudImpactData@@QAE_NPAVStream@@H@Z	512	1	AudImpactData	ReadCSV
005143A0	?AssignSounds@AudImpactData@@QAEXH@Z	112	1	AudImpactData	AssignSounds
00514410	?UnAssignSounds@AudImpactData@@QAEXXZ	32	1	AudImpactData	UnAssignSounds
00514430	?UpdateAttenuation@AudImpactData@@QAEXMM@Z	64	1	AudImpactData	UpdateAttenuation
00514470	?UpdateAttenuation@AudImpactData@@AAEXPAUtagImpactSampleWrapper@@MM@Z	80	1	AudImpactData	UpdateAttenuation
005144C0	?Play@AudImpactData@@QAEXM@Z	96	1	AudImpactData	Play
00514520	?PlaySample@AudImpactData@@AAEXPAUtagImpactSampleWrapper@@M@Z	128	1	AudImpactData	PlaySample
005145A0	?Play@AudImpactData@@QAEXMMM@Z	112	1	AudImpactData	Play
00514610	?PlaySample@AudImpactData@@AAEXPAUtagImpactSampleWrapper@@MMM@Z	160	1	AudImpactData	PlaySample
005146B0	?SetPan@AudImpactData@@QAEXM@Z	352	1	AudImpactData	SetPan
00514810	??0AudCreatureAvoid@@QAE@XZ	64	1	AudCreatureAvoid	AudCreatureAvoid
00514850	??0AudCreatureAvoid@@QAE@PAV0@@Z	272	1	AudCreatureAvoid	AudCreatureAvoid
00514960	??1AudCreatureAvoid@@QAE@XZ	96	1	AudCreatureAvoid	~AudCreatureAvoid
005149C0	?ParseCSVBuffer@AudCreatureAvoid@@QAEHPAVStream@@@Z	560	1	AudCreatureAvoid	ParseCSVBuffer
00514BF0	?AssignSounds@AudCreatureAvoid@@QAEXH@Z	80	1	AudCreatureAvoid	AssignSounds
00514C40	?UnAssignSounds@AudCreatureAvoid@@QAEXXZ	48	1	AudCreatureAvoid	UnAssignSounds
00514C70	?InSpeedRange@AudCreatureAvoid@@AAE_NM@Z	48	1	AudCreatureAvoid	InSpeedRange
00514CA0	?SetAud3DObjectPtr@AudCreatureAvoid@@QAEXPAVAud3DObject@@@Z	16	1	AudCreatureAvoid	SetAud3DObjectPtr
00514CB0	?QueuePlay@AudCreatureAvoid@@QAEXXZ	96	1	AudCreatureAvoid	QueuePlay
00514D10	?SamplePlaying@AudCreatureAvoid@@QAE_NXZ	32	1	AudCreatureAvoid	SamplePlaying
00514D30	?Play@AudCreatureAvoid@@AAEXXZ	112	1	AudCreatureAvoid	Play
00514DA0	?UpdateAttenuation@AudCreatureAvoid@@QAEXMM@Z	112	1	AudCreatureAvoid	UpdateAttenuation
00514E10	?EchoOn@AudCreatureAvoid@@QAEXM@Z	96	1	AudCreatureAvoid	EchoOn
00514E70	?EchoOff@AudCreatureAvoid@@QAEXXZ	48	1	AudCreatureAvoid	EchoOff
00514EA0	?UpdateEcho@AudCreatureAvoid@@QAEXXZ	48	1	AudCreatureAvoid	UpdateEcho
00514ED0	?Update@AudCreatureAvoid@@QAEXM@Z	128	1	AudCreatureAvoid	Update
00514F50	?IsEligible@AudCreatureAvoid@@QAE_NXZ	336	1	AudCreatureAvoid	IsEligible
005150A0	??0Aud3DAmbientObject@@QAE@XZ	64	1	Aud3DAmbientObject	Aud3DAmbientObject
005150E0	??1Aud3DAmbientObject@@UAE@XZ	160	1	Aud3DAmbientObject	~Aud3DAmbientObject
00515180	?Init@Aud3DAmbientObject@@QAEXPAVVector3@@PAD@Z	48	1	Aud3DAmbientObject	Init
005151B0	?Reset@Aud3DAmbientObject@@QAEXXZ	16	1	Aud3DAmbientObject	Reset
005151C0	?UpdateAudio@Aud3DAmbientObject@@UAEXXZ	144	1	Aud3DAmbientObject	UpdateAudio
00515250	?UpdateAudio@Aud3DAmbientObject@@QAEHM@Z	96	1	Aud3DAmbientObject	UpdateAudio
005152B0	?UpdateSoundData@Aud3DAmbientObject@@AAEXXZ	160	1	Aud3DAmbientObject	UpdateSoundData
00515350	?UpdateDoppler@Aud3DAmbientObject@@QAEXPAUtagAud3DAmbientSoundData@@@Z	96	1	Aud3DAmbientObject	UpdateDoppler
005153B0	?UpdateLoop@Aud3DAmbientObject@@AAEXPAUtagAud3DAmbientSoundData@@@Z	80	1	Aud3DAmbientObject	UpdateLoop
00515400	?UpdateOneShot@Aud3DAmbientObject@@AAEXPAUtagAud3DAmbientSoundData@@@Z	96	1	Aud3DAmbientObject	UpdateOneShot
00515460	?PendOneShot@Aud3DAmbientObject@@AAEXPAUtagAud3DAmbientSoundData@@@Z	80	1	Aud3DAmbientObject	PendOneShot
005154B0	?PlayOneShot@Aud3DAmbientObject@@QAEXH@Z	32	1	Aud3DAmbientObject	PlayOneShot
005154D0	?PlayOneShot@Aud3DAmbientObject@@AAEXPAUtagAud3DAmbientSoundData@@@Z	208	1	Aud3DAmbientObject	PlayOneShot
005155A0	?ActivateSound@Aud3DAmbientObject@@QAEXH@Z	32	1	Aud3DAmbientObject	ActivateSound
005155C0	?DeactivateSound@Aud3DAmbientObject@@QAEXH@Z	64	1	Aud3DAmbientObject	DeactivateSound
00515600	?GetSoundDataPtr@Aud3DAmbientObject@@QAEPAUtagAud3DAmbientSoundData@@H@Z	16	1	Aud3DAmbientObject	GetSoundDataPtr
00515610	?GetSoundIndex@Aud3DAmbientObject@@QAEHPAD@Z	128	1	Aud3DAmbientObject	GetSoundIndex
00515690	?AssignSounds@Aud3DAmbientObject@@UAEXXZ	16	1	Aud3DAmbientObject	AssignSounds
005156A0	?AssignSounds@Aud3DAmbientObject@@AAEXPAPAUtagAud3DAmbientSoundData@@H@Z	64	1	Aud3DAmbientObject	AssignSounds
005156E0	?UnAssignSounds@Aud3DAmbientObject@@UAEXH@Z	48	1	Aud3DAmbientObject	UnAssignSounds
00515710	?UnAssignSounds@Aud3DAmbientObject@@AAEXPAPAUtagAud3DAmbientSoundData@@H@Z	64	1	Aud3DAmbientObject	UnAssignSounds
00515750	?Load@Aud3DAmbientObject@@QAEXPAD@Z	288	1	Aud3DAmbientObject	Load
00515870	?ReadSoundData@Aud3DAmbientObject@@AAE_NPAVStream@@@Z	496	1	Aud3DAmbientObject	ReadSoundData
00515A60	?SetSoundData@Aud3DAmbientObject@@AAEXPAUtagAud3DAmbientSoundData@@0PAD@Z	112	1	Aud3DAmbientObject	SetSoundData
00515AD0	?EchoOn@Aud3DAmbientObject@@AAEXXZ	32	1	Aud3DAmbientObject	EchoOn
00515AF0	?EchoOn@Aud3DAmbientObject@@AAEXPAPAUtagAud3DAmbientSoundData@@H@Z	96	1	Aud3DAmbientObject	EchoOn
00515B50	?EchoOff@Aud3DAmbientObject@@AAEXXZ	32	1	Aud3DAmbientObject	EchoOff
00515B70	?EchoOff@Aud3DAmbientObject@@AAEXPAPAUtagAud3DAmbientSoundData@@H@Z	48	1	Aud3DAmbientObject	EchoOff
00515BA0	?UpdateEcho@Aud3DAmbientObject@@AAEXXZ	16	1	Aud3DAmbientObject	UpdateEcho
00515BB0	?UpdateEcho@Aud3DAmbientObject@@AAEXPAPAUtagAud3DAmbientSoundData@@H@Z	48	1	Aud3DAmbientObject	UpdateEcho
00515BE0	?Update@Aud3DAmbientObject@@QAEXM@Z	352	1	Aud3DAmbientObject	Update
00515D40	??0DMusicObject@@QAE@H@Z	176	1	DMusicObject	DMusicObject
00515DF0	??1DMusicObject@@QAE@XZ	272	1	DMusicObject	~DMusicObject
00515F00	?CleanUpSegmentWrappers@DMusicObject@@QAEXXZ	96	1	DMusicObject	CleanUpSegmentWrappers
00515F60	?Init@DMusicObject@@QAEHPAUIDirectSound@@KHKK@Z	240	1	DMusicObject	Init
00516050	?InitPerformance@DMusicObject@@AAEHPAUIDirectSound@@@Z	208	1	DMusicObject	InitPerformance
00516120	?InitNotificationThread@DMusicObject@@AAEHXZ	256	1	DMusicObject	InitNotificationThread
00516220	?InitLoader@DMusicObject@@AAEHXZ	144	1	DMusicObject	InitLoader
005162B0	?IsPlaying@DMusicObject@@QAEHXZ	32	1	DMusicObject	IsPlaying
005162D0	?HandleNotifications@DMusicObject@@QAEXXZ	48	1	DMusicObject	HandleNotifications
00516300	?InitPort@DMusicObject@@AAEHPAUIDirectSound@@KHKK@Z	432	1	DMusicObject	InitPort
005164B0	?AssignPChannelBlocks@DMusicObject@@AAEHK@Z	96	1	DMusicObject	AssignPChannelBlocks
00516510	?FindBestPort@DMusicObject@@QAEHAAU_DMUS_PORTCAPS@@@Z	16	1	DMusicObject	FindBestPort
00516520	?RatePort@DMusicObject@@AAEHAAU_DMUS_PORTCAPS@@@Z	16	1	DMusicObject	RatePort
00516530	?GetNumPorts@DMusicObject@@QAEHXZ	16	1	DMusicObject	GetNumPorts
00516540	?FindMSSoftWareSynth@DMusicObject@@QAEHAAU_DMUS_PORTCAPS@@@Z	208	1	DMusicObject	FindMSSoftWareSynth
00516610	?SetSearchDirectory@DMusicObject@@QAEHPAD@Z	112	1	DMusicObject	SetSearchDirectory
00516680	?ScanDirectory@DMusicObject@@QAEHXZ	208	1	DMusicObject	ScanDirectory
00516750	?OpenSegmentFile@DMusicObject@@QAEHPADH_N@Z	272	1	DMusicObject	OpenSegmentFile
00516860	?PlaySegment@DMusicObject@@QAEHK@Z	64	1	DMusicObject	PlaySegment
005168A0	?PlayMotif@DMusicObject@@QAEHHK@Z	96	1	DMusicObject	PlayMotif
00516900	?StopSegment@DMusicObject@@QAEHH@Z	112	1	DMusicObject	StopSegment
00516970	?LoadMotif@DMusicObject@@QAEHPAD0H@Z	576	1	DMusicObject	LoadMotif
00516BB0	?LoadBand@DMusicObject@@QAEHPADHH@Z	288	1	DMusicObject	LoadBand
00516CD0	?AllocateMotifs@DMusicObject@@QAEXH@Z	144	1	DMusicObject	AllocateMotifs
00516D60	?PlayBand@DMusicObject@@QAEHHH@Z	128	1	DMusicObject	PlayBand
00516DE0	?CreateComposer@DMusicObject@@QAEHXZ	64	1	DMusicObject	CreateComposer
00516E20	?SegmentSwitch@DMusicObject@@QAEHH@Z	112	1	DMusicObject	SegmentSwitch
00516E90	?SegmentSwitch@DMusicObject@@QAEHHGK@Z	288	1	DMusicObject	SegmentSwitch
00516FB0	?ScaleMasterVolume@DMusicObject@@QAEHJ@Z	64	1	DMusicObject	ScaleMasterVolume
00516FF0	?SetGrooveLevel@DMusicObject@@AAEHEE@Z	48	1	DMusicObject	SetGrooveLevel
00517020	?ScaleMasterTempo@DMusicObject@@QAEHM@Z	64	1	DMusicObject	ScaleMasterTempo
00517060	?ThreadProc@@YGKPAX@Z	64	1		ThreadProc
005170A0	?Activate@DMusicObject@@QAEHH@Z	64	1	DMusicObject	Activate
005170E0	?GetDMusicWaveBuffer@DMusicObject@@QAEPAVDMusicWaveBuffer@@XZ	16	1	DMusicObject	GetDMusicWaveBuffer
005170F0	?ErrorDisplay@@YAXPAD0J@Z	672	1		ErrorDisplay
00517390	??_ESegmentWrapper@@QAEPAXI@Z	96	1	SegmentWrapper	`vector deleting destructor'
005173F0	??0DMusicManager@@QAE@XZ	16	1	DMusicManager	DMusicManager
00517400	??1DMusicManager@@QAE@XZ	32	1	DMusicManager	~DMusicManager
00517420	?Init@DMusicManager@@QAEHPAUIDirectSound@@HKHKK@Z	144	1	DMusicManager	Init
005174B0	?Activate@DMusicManager@@QAEXH@Z	32	1	DMusicManager	Activate
005174D0	?GetDMusicObjectPtr@DMusicManager@@QAEPAVDMusicObject@@XZ	16	1	DMusicManager	GetDMusicObjectPtr
005174E0	?Update@DMusicManager@@QAEXXZ	16	1	DMusicManager	Update
005174F0	?SetVolume@DMusicManager@@QAEXM@Z	48	1	DMusicManager	SetVolume
00517520	?GetVolume@DMusicManager@@QAEMXZ	32	1	DMusicManager	GetVolume
00517540	?SetPan@DMusicManager@@QAEXM@Z	48	1	DMusicManager	SetPan
00517570	?SetPerformancePtr@SegmentWrapper@@SAXPAUIDirectMusicPerformance@@@Z	16	1	SegmentWrapper	SetPerformancePtr
00517580	?SetLoaderPtr@SegmentWrapper@@SAXPAUIDirectMusicLoader@@@Z	16	1	SegmentWrapper	SetLoaderPtr
00517590	??0SegmentWrapper@@QAE@XZ	32	1	SegmentWrapper	SegmentWrapper
005175B0	??1SegmentWrapper@@QAE@XZ	16	1	SegmentWrapper	~SegmentWrapper
005175C0	?OpenSegmentFile@SegmentWrapper@@QAE_NPAD_N@Z	400	1	SegmentWrapper	OpenSegmentFile
00517750	?LoadSegmentBands@SegmentWrapper@@QAE_NXZ	160	1	SegmentWrapper	LoadSegmentBands
005177F0	?UnloadSegmentBands@SegmentWrapper@@QAE_NXZ	160	1	SegmentWrapper	UnloadSegmentBands
00517890	?Stop@SegmentWrapper@@QAE_NXZ	48	1	SegmentWrapper	Stop
005178C0	?LoadBand@SegmentWrapper@@QAE_NPAD@Z	224	1	SegmentWrapper	LoadBand
005179A0	?PlayBand@SegmentWrapper@@QAE_NXZ	96	1	SegmentWrapper	PlayBand
00517A00	?IsPlaying@SegmentWrapper@@QAE_NXZ	64	1	SegmentWrapper	IsPlaying
00517A40	?Play@SegmentWrapper@@QAE_NKK@Z	160	1	SegmentWrapper	Play
00517AE0	?SetGrooveLevel@SegmentWrapper@@QAE_NEE@Z	96	1	SegmentWrapper	SetGrooveLevel
00517B40	?CleanUp@SegmentWrapper@@QAEXXZ	192	1	SegmentWrapper	CleanUp
00517C00	?setUnicodeMode@@YAXXZ	64	1		setUnicodeMode
00517C40	??0CLoader@@QAE@XZ	48	1	CLoader	CLoader
00517C70	??1CLoader@@QAE@XZ	80	1	CLoader	~CLoader
00517CC0	?Init@CLoader@@QAEJXZ	336	1	CLoader	Init
00517E10	?QueryInterface@CLoader@@UAGJABU_GUID@@PAPAX@Z	96	1	CLoader	QueryInterface
00517E70	?AddRef@CLoader@@UAGKXZ	32	1	CLoader	AddRef
00517E90	?AddRefP@CLoader@@QAEKXZ	16	1	CLoader	AddRefP
00517EA0	?Release@CLoader@@UAGKXZ	96	1	CLoader	Release
00517F00	?ReleaseP@CLoader@@QAEKXZ	64	1	CLoader	ReleaseP
00517F40	?GetObjectA@CLoader@@UAGJPAU_DMUS_OBJECTDESC@@ABU_GUID@@PAPAX@Z	864	1	CLoader	GetObjectA
005182A0	?LoadFromFile@CLoader@@AAEJPAU_DMUS_OBJECTDESC@@PAPAUIDirectMusicObject@@@Z	336	1	CLoader	LoadFromFile
005183F0	?LoadFromMemory@CLoader@@AAEJPAU_DMUS_OBJECTDESC@@PAPAUIDirectMusicObject@@@Z	240	1	CLoader	LoadFromMemory
005184E0	?SetObject@CLoader@@UAGJPAU_DMUS_OBJECTDESC@@@Z	48	1	CLoader	SetObject
00518510	?SetSearchDirectory@CLoader@@UAGJABU_GUID@@PAGH@Z	32	1	CLoader	SetSearchDirectory
00518530	?ScanDirectory@CLoader@@UAGJABU_GUID@@PAG1@Z	16	1	CLoader	ScanDirectory
00518540	?CacheObject@CLoader@@UAGJPAUIDirectMusicObject@@@Z	16	1	CLoader	CacheObject
00518550	?ReleaseObject@CLoader@@UAGJPAUIDirectMusicObject@@@Z	16	1	CLoader	ReleaseObject
00518560	?ClearCache@CLoader@@UAGJABU_GUID@@@Z	16	1	CLoader	ClearCache
00518570	?EnableCache@CLoader@@UAGJABU_GUID@@H@Z	16	1	CLoader	EnableCache
00518580	?EnumObject@CLoader@@UAGJABU_GUID@@KPAU_DMUS_OBJECTDESC@@@Z	16	1	CLoader	EnumObject
00518590	?AddCFileStreamToList@CLoader@@QAEXPAVCFileStream@@@Z	80	1	CLoader	AddCFileStreamToList
005185E0	?DestroyCFileStreamList@CLoader@@QAEXXZ	352	1	CLoader	DestroyCFileStreamList
00518740	??0DMusicWaveBuffer@@QAE@XZ	32	1	DMusicWaveBuffer	DMusicWaveBuffer
00518760	??1DMusicWaveBuffer@@QAE@XZ	16	1	DMusicWaveBuffer	~DMusicWaveBuffer
00518770	?Create@DMusicWaveBuffer@@QAEHPAUIDirectMusicPort@@PAUIDirectSound@@@Z	448	1	DMusicWaveBuffer	Create
00518930	?SetVolume@DMusicWaveBuffer@@QAEXM@Z	176	1	DMusicWaveBuffer	SetVolume
005189E0	?SetPan@DMusicWaveBuffer@@QAEXM@Z	96	1	DMusicWaveBuffer	SetPan
00518A40	??0CFileStream@@QAE@PAVCLoader@@@Z	64	1	CFileStream	CFileStream
00518A80	??1CFileStream@@QAE@XZ	48	1	CFileStream	~CFileStream
00518AB0	?Open@CFileStream@@QAEJPAGK@Z	208	1	CFileStream	Open
00518B80	?Close@CFileStream@@QAEJXZ	32	1	CFileStream	Close
00518BA0	?QueryInterface@CFileStream@@UAGJABU_GUID@@PAPAX@Z	160	1	CFileStream	QueryInterface
00518C40	?GetLoader@CFileStream@@UAGJPAPAUIDirectMusicLoader@@@Z	64	1	CFileStream	GetLoader
00518C80	?AddRef@CFileStream@@UAGKXZ	32	1	CFileStream	AddRef
00518CA0	?Release@CFileStream@@UAGKXZ	64	1	CFileStream	Release
00518CE0	?Read@CFileStream@@UAGJPAXKPAK@Z	64	1	CFileStream	Read
00518D20	?Write@CFileStream@@UAGJPBXKPAK@Z	64	1	CFileStream	Write
00518D60	?Seek@CFileStream@@UAGJT_LARGE_INTEGER@@KPAT_ULARGE_INTEGER@@@Z	112	1	CFileStream	Seek
00518DD0	?SetSize@CFileStream@@UAGJT_ULARGE_INTEGER@@@Z	16	1	CFileStream	SetSize
00518DE0	?CopyTo@CFileStream@@UAGJPAUIStream@@T_ULARGE_INTEGER@@PAT3@2@Z	16	1	CFileStream	CopyTo
00518DF0	?Commit@CFileStream@@UAGJK@Z	16	1	CFileStream	Commit
00518E00	?Revert@CFileStream@@UAGJXZ	16	1	CFileStream	Revert
00518E10	?LockRegion@CFileStream@@UAGJT_ULARGE_INTEGER@@0K@Z	16	1	CFileStream	LockRegion
00518E20	?UnlockRegion@CFileStream@@UAGJT_ULARGE_INTEGER@@0K@Z	16	1	CFileStream	UnlockRegion
00518E30	?Stat@CFileStream@@UAGJPAUtagSTATSTG@@K@Z	16	1	CFileStream	Stat
00518E40	?Clone@CFileStream@@UAGJPAPAUIStream@@@Z	16	1	CFileStream	Clone
00518E50	?GetNextPtr@CFileStream@@QAEPAV1@XZ	16	1	CFileStream	GetNextPtr
00518E60	?SetNextPtr@CFileStream@@QAEXPAV1@@Z	16	1	CFileStream	SetNextPtr
00518E70	?QueryInterface@CFileStream@@W3AGJABU_GUID@@PAPAX@Z	16	1	CFileStream	QueryInterface
00518E80	?AddRef@CFileStream@@W3AGKXZ	16	1	CFileStream	AddRef
00518E90	?Release@CFileStream@@W3AGKXZ	16	1	CFileStream	Release
00518EA0	??0CMemStream@@QAE@PAVCLoader@@@Z	80	1	CMemStream	CMemStream
00518EF0	??1CMemStream@@QAE@XZ	48	1	CMemStream	~CMemStream
00518F20	?Open@CMemStream@@QAEJPAE_J@Z	96	1	CMemStream	Open
00518F80	?Close@CMemStream@@QAEJXZ	16	1	CMemStream	Close
00518F90	?QueryInterface@CMemStream@@UAGJABU_GUID@@PAPAX@Z	160	1	CMemStream	QueryInterface
00519030	?GetLoader@CMemStream@@UAGJPAPAUIDirectMusicLoader@@@Z	64	1	CMemStream	GetLoader
00519070	?AddRef@CMemStream@@UAGKXZ	32	1	CMemStream	AddRef
00519090	?Release@CMemStream@@UAGKXZ	64	1	CMemStream	Release
005190D0	?Read@CMemStream@@UAGJPAXKPAK@Z	128	1	CMemStream	Read
00519150	?Write@CMemStream@@UAGJPBXKPAK@Z	16	1	CMemStream	Write
00519160	?Seek@CMemStream@@UAGJT_LARGE_INTEGER@@KPAT_ULARGE_INTEGER@@@Z	128	1	CMemStream	Seek
005191E0	?SetSize@CMemStream@@UAGJT_ULARGE_INTEGER@@@Z	16	1	CMemStream	SetSize
005191F0	?CopyTo@CMemStream@@UAGJPAUIStream@@T_ULARGE_INTEGER@@PAT3@2@Z	16	1	CMemStream	CopyTo
00519200	?Commit@CMemStream@@UAGJK@Z	16	1	CMemStream	Commit
00519210	?Revert@CMemStream@@UAGJXZ	16	1	CMemStream	Revert
00519220	?LockRegion@CMemStream@@UAGJT_ULARGE_INTEGER@@0K@Z	16	1	CMemStream	LockRegion
00519230	?UnlockRegion@CMemStream@@UAGJT_ULARGE_INTEGER@@0K@Z	16	1	CMemStream	UnlockRegion
00519240	?Stat@CMemStream@@UAGJPAUtagSTATSTG@@K@Z	16	1	CMemStream	Stat
00519250	?Clone@CMemStream@@UAGJPAPAUIStream@@@Z	16	1	CMemStream	Clone
00519260	?QueryInterface@CMemStream@@W3AGJABU_GUID@@PAPAX@Z	16	1	CMemStream	QueryInterface
00519270	?AddRef@CMemStream@@W3AGKXZ	16	1	CMemStream	AddRef
00519280	?Release@CMemStream@@W3AGKXZ	16	1	CMemStream	Release
00519290	??0AudManager@@QAE@XZ	64	1	AudManager	AudManager
005192D0	??1AudManager@@UAE@XZ	128	1	AudManager	~AudManager
00519350	?Init@AudManager@@QAEXHHHPADFF@Z	288	1	AudManager	Init
00519470	?MinInstall@AudManager@@QAE_NXZ	128	1	AudManager	MinInstall
005194F0	?InitSpeech@AudManager@@QAEXHHPAD@Z	128	1	AudManager	InitSpeech
00519570	?GetSpeechContainerPtr@AudManager@@QAEPAVmmSpeechContainer@@XZ	16	1	AudManager	GetSpeechContainerPtr
00519580	?GetRaceSpeechPtr@AudManager@@QAEPAVmmRaceSpeech@@XZ	32	1	AudManager	GetRaceSpeechPtr
005195A0	?GetCCSpeechPtr@AudManager@@QAEPAVmmCCSpeech@@XZ	32	1	AudManager	GetCCSpeechPtr
005195C0	?GetCNRSpeechPtr@AudManager@@QAEPAVmmCCSpeech@@XZ	32	1	AudManager	GetCNRSpeechPtr
005195E0	?SharingSamples@AudManager@@QAEFXZ	16	1	AudManager	SharingSamples
005195F0	?SetSampleSharing@AudManager@@QAEXF@Z	32	1	AudManager	SetSampleSharing
00519610	?AssignWaveBalance@AudManager@@QAEXM@Z	32	1	AudManager	AssignWaveBalance
00519630	?GetSamplesPerSecond@AudManager@@QAEKXZ	16	1	AudManager	GetSamplesPerSecond
00519640	?SetBitDepthAndSampleRate@AudManager@@QAEXHK@Z	144	1	AudManager	SetBitDepthAndSampleRate
005196D0	?DeviceValid@AudManager@@QAE_NXZ	32	1	AudManager	DeviceValid
005196F0	?GetDeviceNames@AudManager@@QAEPAPADXZ	32	1	AudManager	GetDeviceNames
00519710	?GetNumDevices@AudManager@@QAEHXZ	32	1	AudManager	GetNumDevices
00519730	?GetActiveDeviceName@AudManager@@QAEPADXZ	32	1	AudManager	GetActiveDeviceName
00519750	?Supports16Bit@AudManager@@QAEFXZ	32	1	AudManager	Supports16Bit
00519770	?GetMaxBitDepth@AudManager@@QAEKXZ	16	1	AudManager	GetMaxBitDepth
00519780	?GetNum3DHalBufs@AudManager@@QAEKXZ	16	1	AudManager	GetNum3DHalBufs
00519790	?GetMixerPtr@AudManager@@QAEPAVMixerCTL@@XZ	64	1	AudManager	GetMixerPtr
005197D0	?AssignWaveVolume@AudManager@@QAEXM@Z	96	1	AudManager	AssignWaveVolume
00519830	?SetAudHeadPtr@AudManager@@QAEXPAVAudHead@@@Z	32	1	AudManager	SetAudHeadPtr
00519850	?Enable@AudManager@@QAEXPADFF@Z	16	1	AudManager	Enable
00519860	?Disable@AudManager@@QAEXFF@Z	16	1	AudManager	Disable
00519870	?SetNumChannels@AudManager@@QAEXH@Z	16	1	AudManager	SetNumChannels
00519880	?AssignCDBalance@AudManager@@QAEXM@Z	32	1	AudManager	AssignCDBalance
005198A0	?CDIsEnabled@AudManager@@QAE_NXZ	32	1	AudManager	CDIsEnabled
005198C0	?EnableCD@AudManager@@QAE_NXZ	48	1	AudManager	EnableCD
005198F0	?CDMusicOn@AudManager@@QAE_NXZ	16	1	AudManager	CDMusicOn
00519900	?CDIsPlaying@AudManager@@QAE_NXZ	32	1	AudManager	CDIsPlaying
00519920	?GetCDTrackNum@AudManager@@QAEHXZ	32	1	AudManager	GetCDTrackNum
00519940	?StopCD@AudManager@@QAEXXZ	32	1	AudManager	StopCD
00519960	?PlayCDTrack@AudManager@@QAEHHH@Z	48	1	AudManager	PlayCDTrack
00519990	?PlayCDTrack@AudManager@@QAEHHEEEH@Z	64	1	AudManager	PlayCDTrack
005199D0	?GetCDPosition@AudManager@@QAEKPAE000@Z	64	1	AudManager	GetCDPosition
00519A10	?GetNumCDTracks@AudManager@@QAEHXZ	32	1	AudManager	GetNumCDTracks
00519A30	?AssignCDVolume@AudManager@@QAEXM@Z	32	1	AudManager	AssignCDVolume
00519A50	?CheckCDFile@AudManager@@QAEEPAD@Z	192	1	AudManager	CheckCDFile
00519B10	?SetCDPlayMode@AudManager@@QAEXE@Z	32	1	AudManager	SetCDPlayMode
00519B30	?SetHwnd@AudManager@@QAEXPAUHWND__@@@Z	32	1	AudManager	SetHwnd
00519B50	?AudMinimizeApp@@YAXXZ	64	1		AudMinimizeApp
00519B90	?AudRestoreApp@@YAXXZ	64	1		AudRestoreApp
00519BD0	?EAXEnabled@AudManager@@QAEIXZ	16	1	AudManager	EAXEnabled
00519BE0	?DSound3DEnabled@AudManager@@QAEIXZ	16	1	AudManager	DSound3DEnabled
00519BF0	?CreateListenerSoundObj@AudManager@@AAEIXZ	16	1	AudManager	CreateListenerSoundObj
00519C00	?GetListenerEAXObj@AudManager@@AAEPAVCReverb@@XZ	16	1	AudManager	GetListenerEAXObj
00519C10	?SetEAXPreset@AudManager@@QAEHKMMM@Z	16	1	AudManager	SetEAXPreset
00519C20	?SetEAXPreset@AudManager@@QAEHPAUEAX_REVERBPROPERTIES@@@Z	16	1	AudManager	SetEAXPreset
00519C30	?GetEAXAll@AudManager@@QAEXPAUEAX_REVERBPROPERTIES@@@Z	16	1	AudManager	GetEAXAll
00519C40	?SetEAXEnvironmet@AudManager@@QAEHK@Z	16	1	AudManager	SetEAXEnvironmet
00519C50	?GetEAXEnvironmet@AudManager@@QAEKXZ	16	1	AudManager	GetEAXEnvironmet
00519C60	?SetEAXReverbVolume@AudManager@@QAEHM@Z	16	1	AudManager	SetEAXReverbVolume
00519C70	?GetEAXReverbVolume@AudManager@@QAEMXZ	16	1	AudManager	GetEAXReverbVolume
00519C80	?SetEAXDecayTime@AudManager@@QAEHM@Z	16	1	AudManager	SetEAXDecayTime
00519C90	?GetEAXDecayTime@AudManager@@QAEMXZ	16	1	AudManager	GetEAXDecayTime
00519CA0	?SetEAXDamping@AudManager@@QAEHM@Z	16	1	AudManager	SetEAXDamping
00519CB0	?GetEAXDamping@AudManager@@QAEMXZ	16	1	AudManager	GetEAXDamping
00519CC0	?GetIDirectSoundInterfacePtr@AudManager@@QAEPAUIDirectSound@@XZ	32	1	AudManager	GetIDirectSoundInterfacePtr
00519CE0	?Log@AudManager@@QAEMMM@Z	32	1	AudManager	Log
00519D00	?Update@AudManager@@UAEXXZ	384	1	AudManager	Update
00519E80	??_GAudManager@@UAEPAXI@Z	48	1	AudManager	`scalar deleting destructor'
00519EB0	??0MMDMusicManager@@QAE@XZ	48	1	MMDMusicManager	MMDMusicManager
00519EE0	??1MMDMusicManager@@QAE@XZ	128	1	MMDMusicManager	~MMDMusicManager
00519F60	?Init@MMDMusicManager@@QAEXHK@Z	128	1	MMDMusicManager	Init
00519FE0	?Update@MMDMusicManager@@QAEXXZ	16	1	MMDMusicManager	Update
00519FF0	?UpdateSeconds@MMDMusicManager@@QAEXXZ	48	1	MMDMusicManager	UpdateSeconds
0051A020	?UpdateAmbientSFX@MMDMusicManager@@QAEXXZ	80	1	MMDMusicManager	UpdateAmbientSFX
0051A070	?UpdateMusic@MMDMusicManager@@QAEXMH_N@Z	128	1	MMDMusicManager	UpdateMusic
0051A0F0	?UpdateSpeedEvents@MMDMusicManager@@QAEXXZ	128	1	MMDMusicManager	UpdateSpeedEvents
0051A170	?CreateSpeedRanges@MMDMusicManager@@QAEXH@Z	48	1	MMDMusicManager	CreateSpeedRanges
0051A1A0	?SetSpeedEventRange@MMDMusicManager@@QAEXMMEH@Z	48	1	MMDMusicManager	SetSpeedEventRange
0051A1D0	?MatchMusicToPlayerSpeed@MMDMusicManager@@QAEXM@Z	240	1	MMDMusicManager	MatchMusicToPlayerSpeed
0051A2C0	?Reset@MMDMusicManager@@QAEXXZ	16	1	MMDMusicManager	Reset
0051A2D0	?EchoOn@MMDMusicManager@@QAEXMM@Z	208	1	MMDMusicManager	EchoOn
0051A3A0	?EchoOff@MMDMusicManager@@QAEXXZ	320	1	MMDMusicManager	EchoOff
0051A4E0	??0mmRaceSpeech@@QAE@XZ	160	1	mmRaceSpeech	mmRaceSpeech
0051A580	??1mmRaceSpeech@@QAE@XZ	16	1	mmRaceSpeech	~mmRaceSpeech
0051A590	?PlayPreRace@mmRaceSpeech@@QAEXXZ	208	1	mmRaceSpeech	PlayPreRace
0051A660	?PlayUnlockRace@mmRaceSpeech@@QAEXXZ	96	1	mmRaceSpeech	PlayUnlockRace
0051A6C0	?PlayUnlockVehicle@mmRaceSpeech@@QAEXXZ	96	1	mmRaceSpeech	PlayUnlockVehicle
0051A720	?PlayUnlockTexture@mmRaceSpeech@@QAEXXZ	48	1	mmRaceSpeech	PlayUnlockTexture
0051A750	?PlayFinalCheckPoint@mmRaceSpeech@@QAEXXZ	48	1	mmRaceSpeech	PlayFinalCheckPoint
0051A780	?PlayFinalLap@mmRaceSpeech@@QAEXXZ	32	1	mmRaceSpeech	PlayFinalLap
0051A7A0	?PlayDamagePenalty@mmRaceSpeech@@QAEXXZ	48	1	mmRaceSpeech	PlayDamagePenalty
0051A7D0	?PlayRaceProgress@mmRaceSpeech@@QAEXXZ	48	1	mmRaceSpeech	PlayRaceProgress
0051A800	?PlayResults@mmRaceSpeech@@QAEXHH@Z	64	1	mmRaceSpeech	PlayResults
0051A840	?PlayResultsPoor@mmRaceSpeech@@QAEXXZ	80	1	mmRaceSpeech	PlayResultsPoor
0051A890	?PlayResultsWin@mmRaceSpeech@@QAEXXZ	80	1	mmRaceSpeech	PlayResultsWin
0051A8E0	?PlayResultsMid@mmRaceSpeech@@QAEXXZ	80	1	mmRaceSpeech	PlayResultsMid
0051A930	?LoadCityInfo@mmRaceSpeech@@QAE_NPAD@Z	592	1	mmRaceSpeech	LoadCityInfo
0051AB80	?LoadVehicleUnlock@mmRaceSpeech@@QAE_NPAD@Z	64	1	mmRaceSpeech	LoadVehicleUnlock
0051ABC0	?LoadTextureUnlock@mmRaceSpeech@@QAE_NPAD@Z	64	1	mmRaceSpeech	LoadTextureUnlock
0051AC00	?LoadPreRace@mmRaceSpeech@@QAE_NPAD@Z	64	1	mmRaceSpeech	LoadPreRace
0051AC40	?LoadResults@mmRaceSpeech@@QAE_NPAD@Z	64	1	mmRaceSpeech	LoadResults
0051AC80	?LoadGroup@mmRaceSpeech@@QAE_NPADH@Z	656	1	mmRaceSpeech	LoadGroup
0051AF10	?CheckRaceLoadSanity@mmRaceSpeech@@AAEXMH@Z	16	1	mmRaceSpeech	CheckRaceLoadSanity
0051AF20	?SetReadState@mmRaceSpeech@@AAE_NPADMPAH@Z	992	1	mmRaceSpeech	SetReadState
0051B300	?locstrnicmp@mmRaceSpeech@@AAEHPAD0@Z	336	1	mmRaceSpeech	locstrnicmp
0051B450	??0mmSpeechContainer@@QAE@HHPAD@Z	112	1	mmSpeechContainer	mmSpeechContainer
0051B4C0	??1mmSpeechContainer@@QAE@XZ	80	1	mmSpeechContainer	~mmSpeechContainer
0051B510	?InitCNR@mmSpeechContainer@@AAEXPAD@Z	176	1	mmSpeechContainer	InitCNR
0051B5C0	?InitRace@mmSpeechContainer@@AAEXHHPAD@Z	224	1	mmSpeechContainer	InitRace
0051B6A0	?InitCC@mmSpeechContainer@@AAEXHPAD@Z	256	1	mmSpeechContainer	InitCC
0051B7A0	?Stop@mmSpeechContainer@@QAEXXZ	16	1	mmSpeechContainer	Stop
0051B7B0	?Update@mmSpeechContainer@@QAEXXZ	48	1	mmSpeechContainer	Update
0051B7E0	?GetRaceSpeechPtr@mmSpeechContainer@@QAEPAVmmRaceSpeech@@XZ	16	1	mmSpeechContainer	GetRaceSpeechPtr
0051B7F0	?GetCCSpeechPtr@mmSpeechContainer@@QAEPAVmmCCSpeech@@XZ	16	1	mmSpeechContainer	GetCCSpeechPtr
0051B800	?GetCNRSpeechPtr@mmSpeechContainer@@QAEPAVmmCNRSpeech@@XZ	16	1	mmSpeechContainer	GetCNRSpeechPtr
0051B810	??0mmCCSpeech@@QAE@XZ	80	1	mmCCSpeech	mmCCSpeech
0051B860	??1mmCCSpeech@@UAE@XZ	160	1	mmCCSpeech	~mmCCSpeech
0051B900	?PlayPreRace@mmCCSpeech@@QAEXXZ	80	1	mmCCSpeech	PlayPreRace
0051B950	?PlayUnlock@mmCCSpeech@@QAEXXZ	32	1	mmCCSpeech	PlayUnlock
0051B970	?PlayCheckPoint@mmCCSpeech@@QAEXHM@Z	64	1	mmCCSpeech	PlayCheckPoint
0051B9B0	?PlayResults@mmCCSpeech@@QAEXH@Z	32	1	mmCCSpeech	PlayResults
0051B9D0	?PlayResultsPoor@mmCCSpeech@@QAEXXZ	32	1	mmCCSpeech	PlayResultsPoor
0051B9F0	?PlayResultsWin@mmCCSpeech@@QAEXXZ	32	1	mmCCSpeech	PlayResultsWin
0051BA10	?SetSubPath@mmCCSpeech@@QAE_NPAD@Z	176	1	mmCCSpeech	SetSubPath
0051BAC0	?LoadUnlock@mmCCSpeech@@QAE_NPAD@Z	64	1	mmCCSpeech	LoadUnlock
0051BB00	?LoadPreRace@mmCCSpeech@@QAE_NPAD@Z	64	1	mmCCSpeech	LoadPreRace
0051BB40	?LoadResults@mmCCSpeech@@QAE_NPAD@Z	64	1	mmCCSpeech	LoadResults
0051BB80	?LoadGroup@mmCCSpeech@@QAE_NPADH@Z	560	1	mmCCSpeech	LoadGroup
0051BDB0	?LoadCheckPointIndexInfo@mmCCSpeech@@QAE_NPAD@Z	400	1	mmCCSpeech	LoadCheckPointIndexInfo
0051BF40	?CheckRaceLoadSanity@mmCCSpeech@@AAEXMH@Z	16	1	mmCCSpeech	CheckRaceLoadSanity
0051BF50	?SetReadState@mmCCSpeech@@AAE_NPADMPAH@Z	384	1	mmCCSpeech	SetReadState
0051C0D0	?locstrnicmp@mmCCSpeech@@AAEHPAD0@Z	48	1	mmCCSpeech	locstrnicmp
0051C100	?Set@VolumeDW@@QAEXMM@Z	192	1	VolumeDW	Set
0051C1C0	?Value@VolumeDW@@QAEKXZ	48	1	VolumeDW	Value
0051C1F0	?Init@MixerCTL@@QAEKXZ	64	1	MixerCTL	Init
0051C230	??1MixerCTL@@UAE@XZ	16	1	MixerCTL	~MixerCTL
0051C240	?AssignWaveBalance@MixerCTL@@QAEXM@Z	80	1	MixerCTL	AssignWaveBalance
0051C290	?AssignCDBalance@MixerCTL@@QAEXM@Z	80	1	MixerCTL	AssignCDBalance
0051C2E0	?RefreshAll@MixerCTL@@QAEXK@Z	16	1	MixerCTL	RefreshAll
0051C2F0	?GetWaveBalance@MixerCTL@@QAEMXZ	16	1	MixerCTL	GetWaveBalance
0051C300	?GetWaveVolume@MixerCTL@@QAEMXZ	16	1	MixerCTL	GetWaveVolume
0051C310	?AssignWaveVolume@MixerCTL@@QAEXM@Z	32	1	MixerCTL	AssignWaveVolume
0051C330	?AssignCDVolume@MixerCTL@@QAEXM@Z	32	1	MixerCTL	AssignCDVolume
0051C350	?GetCDBalance@MixerCTL@@QAEMXZ	16	1	MixerCTL	GetCDBalance
0051C360	?GetCDVolume@MixerCTL@@QAEMXZ	16	1	MixerCTL	GetCDVolume
0051C370	?AssignMixerVolume@MixerCTL@@QAEKMK@Z	592	1	MixerCTL	AssignMixerVolume
0051C5C0	?AssignMixerBalance@MixerCTL@@QAEKMK@Z	688	1	MixerCTL	AssignMixerBalance
0051C870	?GetMixerBalance@MixerCTL@@QAEMK@Z	624	1	MixerCTL	GetMixerBalance
0051CAE0	?SetDeviceNum@MixerCTL@@QAEXI@Z	32	1	MixerCTL	SetDeviceNum
0051CB00	?GetErrorMessage@MixerCTL@@AAEPADK@Z	160	1	MixerCTL	GetErrorMessage
0051CBA0	?WindowProc@MixerCTL@@AAEJPAUHWND__@@IIJ@Z	16	1	MixerCTL	WindowProc
0051CBB0	??_GMixerCTL@@UAEPAXI@Z	48	1	MixerCTL	`scalar deleting destructor'
0051CBE0	??0mmDirSnd@@QAE@XZ	32	1	mmDirSnd	mmDirSnd
0051CC00	??1mmDirSnd@@QAE@XZ	16	1	mmDirSnd	~mmDirSnd
0051CC10	?DeInit@mmDirSnd@@QAEXFF@Z	64	1	mmDirSnd	DeInit
0051CC50	?Init@mmDirSnd@@SAPAV1@KEHHPADFF@Z	320	1	mmDirSnd	Init
0051CD90	?InitPrimarySoundBuffer@mmDirSnd@@UAEHKEPAD@Z	208	1	mmDirSnd	InitPrimarySoundBuffer
0051CE60	?EAXEnabled@mmDirSnd@@QAEIXZ	16	1	mmDirSnd	EAXEnabled
0051CE70	?DSound3DEnabled@mmDirSnd@@QAEIXZ	16	1	mmDirSnd	DSound3DEnabled
0051CE80	??0CDMan@@QAE@XZ	64	1	CDMan	CDMan
0051CEC0	??1CDMan@@UAE@XZ	64	1	CDMan	~CDMan
0051CF00	?Init@CDMan@@QAEKF@Z	192	1	CDMan	Init
0051CFC0	?PlayTrack@CDMan@@QAEKEE@Z	240	1	CDMan	PlayTrack
0051D0B0	?ResumePlay@CDMan@@QAEKXZ	32	1	CDMan	ResumePlay
0051D0D0	?PlayTrack@CDMan@@QAEKEEEEE@Z	272	1	CDMan	PlayTrack
0051D1E0	?Stop@CDMan@@QAEKXZ	64	1	CDMan	Stop
0051D220	?SeekTrack@CDMan@@QAEKE@Z	112	1	CDMan	SeekTrack
0051D290	?GetPosition@CDMan@@QAEKPAE000@Z	128	1	CDMan	GetPosition
0051D310	?WindowProc@CDMan@@EAEJPAUHWND__@@IIJ@Z	112	1	CDMan	WindowProc
0051D380	?GetNumTracks@CDMan@@QAEFXZ	96	1	CDMan	GetNumTracks
0051D3E0	??_GCDMan@@UAEPAXI@Z	48	1	CDMan	`scalar deleting destructor'
0051D410	??0camPovCS@@QAE@XZ	272	1	camPovCS	camPovCS
0051D520	??1camPovCS@@UAE@XZ	16	1	camPovCS	~camPovCS
0051D530	?MakeActive@camPovCS@@UAEXXZ	16	1	camPovCS	MakeActive
0051D540	?Reset@camPovCS@@UAEXXZ	48	1	camPovCS	Reset
0051D570	?Update@camPovCS@@UAEXXZ	32	1	camPovCS	Update
0051D590	?UpdateInput@camPovCS@@UAEXXZ	16	1	camPovCS	UpdateInput
0051D5A0	?UpdatePOV@camPovCS@@AAEXXZ	240	1	camPovCS	UpdatePOV
0051D690	?FileIO@camPovCS@@UAEXAAVdatParser@@@Z	128	1	camPovCS	FileIO
0051D710	?AfterLoad@camPovCS@@UAEXXZ	16	1	camPovCS	AfterLoad
0051D720	??_GcamPovCS@@UAEPAXI@Z	48	1	camPovCS	`scalar deleting destructor'
0051D750	?SetST@camBaseCS@@UAEXPAM@Z	16	1	camBaseCS	SetST
0051D760	?GetClassName@camPovCS@@UAEPADXZ	16	1	camPovCS	GetClassName
0051D770	??0camTrackCS@@QAE@XZ	784	1	camTrackCS	camTrackCS
0051DA80	??1camTrackCS@@UAE@XZ	96	1	camTrackCS	~camTrackCS
0051DAE0	?MakeActive@camTrackCS@@UAEXXZ	16	1	camTrackCS	MakeActive
0051DAF0	?AfterLoad@camTrackCS@@UAEXXZ	16	1	camTrackCS	AfterLoad
0051DB00	?Reset@camTrackCS@@UAEXXZ	80	1	camTrackCS	Reset
0051DB50	?Update@camTrackCS@@UAEXXZ	272	1	camTrackCS	Update
0051DC60	?UpdateInput@camTrackCS@@UAEXXZ	16	1	camTrackCS	UpdateInput
0051DC70	?UpdateCar@camTrackCS@@AAEXXZ	624	1	camTrackCS	UpdateCar
0051DEE0	?UpdateHill@camTrackCS@@AAEXXZ	1312	1	camTrackCS	UpdateHill
0051E400	?UpdateTrack@camTrackCS@@AAEXXZ	1840	1	camTrackCS	UpdateTrack
0051EB30	?UpdateSwing@camTrackCS@@AAEXXZ	16	1	camTrackCS	UpdateSwing
0051EB40	?PreApproach@camTrackCS@@AAEXXZ	384	1	camTrackCS	PreApproach
0051ECC0	?MinMax@camTrackCS@@AAEXVMatrix34@@@Z	528	1	camTrackCS	MinMax
0051EED0	?Collide@camTrackCS@@AAEXVVector3@@@Z	2640	1	camTrackCS	Collide
0051F920	?SwingToRear@camTrackCS@@QAEXXZ	96	1	camTrackCS	SwingToRear
0051F980	?Front@camTrackCS@@AAEXM@Z	128	1	camTrackCS	Front
0051FA00	?Rear@camTrackCS@@AAEXM@Z	128	1	camTrackCS	Rear
0051FA80	?FileIO@camTrackCS@@UAEXAAVdatParser@@@Z	672	1	camTrackCS	FileIO
0051FD20	??_GcamTrackCS@@UAEPAXI@Z	48	1	camTrackCS	`scalar deleting destructor'
0051FD50	??1Spline@@UAE@XZ	16	1	Spline	~Spline
0051FD60	?GetClassName@camTrackCS@@UAEPADXZ	16	1	camTrackCS	GetClassName
0051FD70	??0camViewCS@@QAE@XZ	176	1	camViewCS	camViewCS
0051FE20	??1camViewCS@@UAE@XZ	16	1	camViewCS	~camViewCS
0051FE30	?Instance@camViewCS@@SAPAV1@AAVvehCar@@@Z	96	1	camViewCS	Instance
0051FE90	?SetCam@camViewCS@@QAEXPAVcamCarCS@@@Z	160	1	camViewCS	SetCam
0051FF30	?NewCam@camViewCS@@QAEHPAVcamCarCS@@HMVdatCallback@@@Z	144	1	camViewCS	NewCam
0051FFC0	?Update@camViewCS@@UAEXXZ	48	1	camViewCS	Update
0051FFF0	?Init@camViewCS@@QAEXPAVvehCar@@@Z	32	1	camViewCS	Init
00520010	?Reset@camViewCS@@UAEXXZ	112	1	camViewCS	Reset
00520080	?ForceMatrixDelta@camViewCS@@QAEXABVMatrix34@@@Z	32	1	camViewCS	ForceMatrixDelta
005200A0	?ForceMatrixDelta@camViewCS@@QAEXABVVector3@@@Z	32	1	camViewCS	ForceMatrixDelta
005200C0	?OneShot@camViewCS@@QAEXXZ	16	1	camViewCS	OneShot
005200D0	?FileIO@camViewCS@@UAEXAAVdatParser@@@Z	16	1	camViewCS	FileIO
005200E0	??_GcamViewCS@@UAEPAXI@Z	48	1	camViewCS	`scalar deleting destructor'
00520110	??0camPostCS@@QAE@XZ	80	1	camPostCS	camPostCS
00520160	?Init@camPostCS@@QAEXPAVvehCar@@@Z	64	1	camPostCS	Init
005201A0	?Reset@camPostCS@@UAEXXZ	16	1	camPostCS	Reset
005201B0	?MakeActive@camPostCS@@UAEXXZ	96	1	camPostCS	MakeActive
00520210	?Update@camPostCS@@UAEXXZ	304	1	camPostCS	Update
00520340	?FileIO@camPostCS@@UAEXAAVdatParser@@@Z	160	1	camPostCS	FileIO
005203E0	??_GcamPostCS@@UAEPAXI@Z	48	1	camPostCS	`scalar deleting destructor'
00520410	?UpdateInput@camBaseCS@@UAEXXZ	16	1	camBaseCS	UpdateInput
00520420	?GetClassName@camPostCS@@UAEPADXZ	16	1	camPostCS	GetClassName
00520430	??0camPreCS@@QAE@XZ	80	1	camPreCS	camPreCS
00520480	?Init@camPreCS@@QAEXPAVvehCar@@@Z	64	1	camPreCS	Init
005204C0	?Reset@camPreCS@@UAEXXZ	16	1	camPreCS	Reset
005204D0	?MakeActive@camPreCS@@UAEXXZ	32	1	camPreCS	MakeActive
005204F0	?Update@camPreCS@@UAEXXZ	96	1	camPreCS	Update
00520550	?FileIO@camPreCS@@UAEXAAVdatParser@@@Z	128	1	camPreCS	FileIO
005205D0	??_GcamPreCS@@UAEPAXI@Z	48	1	camPreCS	`scalar deleting destructor'
00520600	?GetClassName@camPreCS@@UAEPADXZ	16	1	camPreCS	GetClassName
00520610	??0camPointCS@@QAE@XZ	128	1	camPointCS	camPointCS
00520690	?Reset@camPointCS@@UAEXXZ	16	1	camPointCS	Reset
005206A0	?MakeActive@camPointCS@@UAEXXZ	16	1	camPointCS	MakeActive
005206B0	?SetPos@camPointCS@@QAEXAAVVector3@@@Z	64	1	camPointCS	SetPos
005206F0	?SetMaxDist@camPointCS@@QAEXM@Z	32	1	camPointCS	SetMaxDist
00520710	?SetMinDist@camPointCS@@QAEXM@Z	32	1	camPointCS	SetMinDist
00520730	?SetAppRate@camPointCS@@QAEXM@Z	16	1	camPointCS	SetAppRate
00520740	?SetVel@camPointCS@@QAEXAAVVector3@@@Z	32	1	camPointCS	SetVel
00520760	?GetPos@camPointCS@@QAE?AVVector3@@XZ	48	1	camPointCS	GetPos
00520790	?Update@camPointCS@@UAEXXZ	608	1	camPointCS	Update
005209F0	??_GcamPointCS@@UAEPAXI@Z	48	1	camPointCS	`scalar deleting destructor'
00520A20	?GetClassName@camPointCS@@UAEPADXZ	16	1	camPointCS	GetClassName
00520A30	??0camAICS@@QAE@XZ	64	1	camAICS	camAICS
00520A70	?Init@camAICS@@QAEXPAVvehCar@@@Z	64	1	camAICS	Init
00520AB0	?Reset@camAICS@@UAEXXZ	16	1	camAICS	Reset
00520AC0	?SetPosition@camAICS@@QAEXAAVVector3@@@Z	32	1	camAICS	SetPosition
00520AE0	?SetMatrix@camAICS@@QAEXPAVMatrix34@@@Z	192	1	camAICS	SetMatrix
00520BA0	?MakeActive@camAICS@@UAEXXZ	176	1	camAICS	MakeActive
00520C50	?Update@camAICS@@UAEXXZ	816	1	camAICS	Update
00520F80	??_GcamAICS@@UAEPAXI@Z	48	1	camAICS	`scalar deleting destructor'
00520FB0	??0camPolarCS@@QAE@XZ	96	1	camPolarCS	camPolarCS
00521010	?Reset@camPolarCS@@UAEXXZ	16	1	camPolarCS	Reset
00521020	?MakeActive@camPolarCS@@UAEXXZ	16	1	camPolarCS	MakeActive
00521030	?Update@camPolarCS@@UAEXXZ	848	1	camPolarCS	Update
00521380	?FileIO@camPolarCS@@UAEXAAVdatParser@@@Z	176	1	camPolarCS	FileIO
00521430	??_GcamPolarCS@@UAEPAXI@Z	48	1	camPolarCS	`scalar deleting destructor'
00521460	?GetClassName@camPolarCS@@UAEPADXZ	16	1	camPolarCS	GetClassName
00521470	??0camCarCS@@QAE@XZ	32	1	camCarCS	camCarCS
00521490	??1camCarCS@@UAE@XZ	16	1	camCarCS	~camCarCS
005214A0	?Init@camCarCS@@QAEXPAVvehCar@@PAD@Z	64	1	camCarCS	Init
005214E0	?FileIO@camCarCS@@UAEXAAVdatParser@@@Z	16	1	camCarCS	FileIO
005214F0	??_GcamCarCS@@UAEPAXI@Z	48	1	camCarCS	`scalar deleting destructor'
00521520	?MakeActive@camBaseCS@@UAEXXZ	16	1	camBaseCS	MakeActive
00521530	??0camTransitionCS@@QAE@XZ	144	1	camTransitionCS	camTransitionCS
005215C0	??1camTransitionCS@@UAE@XZ	16	1	camTransitionCS	~camTransitionCS
005215D0	?Init@camTransitionCS@@QAEXPAVvehCar@@@Z	48	1	camTransitionCS	Init
00521600	?Reset@camTransitionCS@@UAEXXZ	16	1	camTransitionCS	Reset
00521610	?Update@camTransitionCS@@UAEXXZ	1408	1	camTransitionCS	Update
00521B90	?ForceMatrixDelta@camTransitionCS@@UAEXABVVector3@@@Z	48	1	camTransitionCS	ForceMatrixDelta
00521BC0	?NewTransition@camTransitionCS@@QAEXPAVcamCarCS@@0@Z	48	1	camTransitionCS	NewTransition
00521BF0	?NextTransition@camTransitionCS@@QAEXPAVcamCarCS@@@Z	64	1	camTransitionCS	NextTransition
00521C30	?StartTransition@camTransitionCS@@QAEXXZ	112	1	camTransitionCS	StartTransition
00521CA0	?StartNextTransition@camTransitionCS@@QAEXXZ	64	1	camTransitionCS	StartNextTransition
00521CE0	?ReverseTransition@camTransitionCS@@QAEXXZ	80	1	camTransitionCS	ReverseTransition
00521D30	??_GcamTransitionCS@@UAEPAXI@Z	48	1	camTransitionCS	`scalar deleting destructor'
00521D60	??0camBaseCS@@QAE@XZ	144	1	camBaseCS	camBaseCS
00521DF0	??1camBaseCS@@UAE@XZ	16	1	camBaseCS	~camBaseCS
00521E00	?GetDirName@camBaseCS@@UAEPBDXZ	16	1	camBaseCS	GetDirName
00521E10	?IsViewCSInTransition@camBaseCS@@QAEHXZ	32	1	camBaseCS	IsViewCSInTransition
00521E30	?UpdateView@camBaseCS@@QAEXXZ	48	1	camBaseCS	UpdateView
00521E60	?ForceMatrixDelta@camBaseCS@@UAEXABVVector3@@@Z	64	1	camBaseCS	ForceMatrixDelta
00521EA0	?FileIO@camBaseCS@@UAEXAAVdatParser@@@Z	144	1	camBaseCS	FileIO
00521F30	?AfterLoad@camBaseCS@@UAEXXZ	16	1	camBaseCS	AfterLoad
00521F40	??_GcamBaseCS@@UAEPAXI@Z	48	1	camBaseCS	`scalar deleting destructor'
00521F70	??0camAppCS@@QAE@XZ	224	1	camAppCS	camAppCS
00522050	??1camAppCS@@UAE@XZ	16	1	camAppCS	~camAppCS
00522060	?ApproachIt@camAppCS@@IAEXXZ	48	1	camAppCS	ApproachIt
00522090	?UpdateApproach@camAppCS@@AAEXXZ	1472	1	camAppCS	UpdateApproach
00522650	?UpdateMaxDist@camAppCS@@AAEXXZ	560	1	camAppCS	UpdateMaxDist
00522880	?DApproach@camAppCS@@AAEHAAMMMM0M@Z	336	1	camAppCS	DApproach
005229D0	?FileIO@camAppCS@@UAEXAAVdatParser@@@Z	384	1	camAppCS	FileIO
00522B50	??_GcamAppCS@@UAEPAXI@Z	48	1	camAppCS	`scalar deleting destructor'
00522B80	?IsEqual@Vector3@@QBE_NABV1@@Z	64	1	Vector3	IsEqual
00522BC0	??0Spline@@QAE@XZ	48	1	Spline	Spline
00522BF0	?Init@Spline@@QAEXPAMH@Z	272	1	Spline	Init
00522D00	?InRange@Spline@@QAEHXZ	80	1	Spline	InRange
00522D50	?CalcCoeff@Spline@@QAEXXZ	272	1	Spline	CalcCoeff
00522E60	?SetValue@Spline@@QAEXPAM@Z	112	1	Spline	SetValue
00522ED0	?SetGoal@Spline@@QAEXPAMM@Z	224	1	Spline	SetGoal
00522FB0	?Solve@Spline@@QAEXM@Z	304	1	Spline	Solve
005230E0	?Print@Spline@@QAEXH@Z	256	1	Spline	Print
005231E0	?FixTimeStop@Spline@@QAEXXZ	48	1	Spline	FixTimeStop
00523210	?Update@Spline@@UAEXXZ	80	1	Spline	Update
00523260	??_GSpline@@UAEPAXI@Z	176	1	Spline	`scalar deleting destructor'
00523310	?SetDefaults@mmStatePack@@QAEXPAD0@Z	640	1	mmStatePack	SetDefaults
00523590	?ParseStateArgs@mmStatePack@@QAE_NXZ	16	1	mmStatePack	ParseStateArgs
005235A0	??0NetStartArray@@QAE@XZ	16	1	NetStartArray	NetStartArray
005235B0	??1NetStartArray@@QAE@XZ	16	1	NetStartArray	~NetStartArray
005235C0	?Clear@NetStartArray@@QAEXXZ	16	1	NetStartArray	Clear
005235D0	?GetIndex@NetStartArray@@QAEHK@Z	32	1	NetStartArray	GetIndex
005235F0	?ClearIndex@NetStartArray@@QAEXK@Z	32	1	NetStartArray	ClearIndex
00523610	?AssignOpenIndex@NetStartArray@@QAEHK@Z	64	1	NetStartArray	AssignOpenIndex
00523650	?Init@NetStartArray@@QAEXPAK@Z	352	1	NetStartArray	Init
005237B0	??1mmStatePack@@QAE@XZ	80	1	mmStatePack	~mmStatePack
00523800	??0mmStatePack@@QAE@XZ	80	1	mmStatePack	mmStatePack
00523850	??1mmPlayerData@@UAE@XZ	96	1	mmPlayerData	~mmPlayerData
005238B0	??_GmmPlayerData@@UAEPAXI@Z	48	1	mmPlayerData	`scalar deleting destructor'
005238E0	??0mmRewardList@@QAE@XZ	16	1	mmRewardList	mmRewardList
005238F0	??1mmRewardList@@QAE@XZ	64	1	mmRewardList	~mmRewardList
00523930	?Init@mmRewardList@@QAEXH@Z	128	1	mmRewardList	Init
005239B0	?Load@mmRewardList@@QAE_NPAD00@Z	736	1	mmRewardList	Load
00523C90	?GetRecord@mmRewardList@@QAEPAVmmRewardRecord@@H@Z	16	1	mmRewardList	GetRecord
00523CA0	?UnlockPlayerRewards@mmRewardList@@SAXPAD@Z	464	1	mmRewardList	UnlockPlayerRewards
00523E70	?CheckReward@mmRewardList@@SA_NPADHPAVmmRewardRecord@@@Z	608	1	mmRewardList	CheckReward
005240D0	??_EmmRewardRecord@@QAEPAXI@Z	112	1	mmRewardRecord	`vector deleting destructor'
00524140	??0mmRewardRecord@@QAE@XZ	32	1	mmRewardRecord	mmRewardRecord
00524160	??0mmCityList@@QAE@XZ	32	1	mmCityList	mmCityList
00524180	??1mmCityList@@UAE@XZ	96	1	mmCityList	~mmCityList
005241E0	?Init@mmCityList@@QAEXH@Z	16	1	mmCityList	Init
005241F0	?GetCityInfo@mmCityList@@QAEPAVmmCityInfo@@H@Z	48	1	mmCityList	GetCityInfo
00524220	?GetCityInfo@mmCityList@@QAEPAVmmCityInfo@@PAD@Z	80	1	mmCityList	GetCityInfo
00524270	?GetCityID@mmCityList@@QAEHPAD@Z	80	1	mmCityList	GetCityID
005242C0	?SetCurrentCity@mmCityList@@QAEXPAD@Z	48	1	mmCityList	SetCurrentCity
005242F0	?SetCurrentCity@mmCityList@@QAEXH@Z	48	1	mmCityList	SetCurrentCity
00524320	?GetCurrentCity@mmCityList@@QAEPAVmmCityInfo@@XZ	16	1	mmCityList	GetCurrentCity
00524330	?Load@mmCityList@@QAEXPAD@Z	240	1	mmCityList	Load
00524420	?Print@mmCityList@@QAEXXZ	64	1	mmCityList	Print
00524460	?isCityInfoFile@@YA_NPBD@Z	96	1		isCityInfoFile
005244C0	?LoadCityCB@@YAXPBD_N@Z	48	1		LoadCityCB
005244F0	?LoadAll@mmCityList@@QAEXXZ	48	1	mmCityList	LoadAll
00524520	??_EmmCityList@@UAEPAXI@Z	48	1	mmCityList	`vector deleting destructor'
00524550	??0mmVehList@@QAE@XZ	32	1	mmVehList	mmVehList
00524570	??1mmVehList@@UAE@XZ	96	1	mmVehList	~mmVehList
005245D0	?Init@mmVehList@@QAEXH@Z	16	1	mmVehList	Init
005245E0	?GetVehicleInfo@mmVehList@@QAEPAVmmVehInfo@@H@Z	48	1	mmVehList	GetVehicleInfo
00524610	?GetVehicleInfo@mmVehList@@QAEPAVmmVehInfo@@PAD@Z	128	1	mmVehList	GetVehicleInfo
00524690	?SetDefaultVehicle@mmVehList@@QAEXPAD@Z	32	1	mmVehList	SetDefaultVehicle
005246B0	?GetVehicleID@mmVehList@@QAEHPAD@Z	112	1	mmVehList	GetVehicleID
00524720	?Load@mmVehList@@QAEXPAD@Z	240	1	mmVehList	Load
00524810	?Print@mmVehList@@QAEXXZ	80	1	mmVehList	Print
00524860	?isVehInfoFile@@YA_NPBD@Z	112	1		isVehInfoFile
005248D0	?LoadVehListCB@@YAXPBD_N@Z	128	1		LoadVehListCB
00524950	?LoadAll@mmVehList@@QAEXXZ	176	1	mmVehList	LoadAll
00524A00	??_EmmVehList@@UAEPAXI@Z	48	1	mmVehList	`vector deleting destructor'
00524A30	??0mmMiscData@@QAE@XZ	112	1	mmMiscData	mmMiscData
00524AA0	??1mmMiscData@@UAE@XZ	96	1	mmMiscData	~mmMiscData
00524B00	?Reset@mmMiscData@@QAEXXZ	32	1	mmMiscData	Reset
00524B20	?Open@mmMiscData@@QAEHPAD@Z	368	1	mmMiscData	Open
00524C90	?Close@mmMiscData@@QAEHXZ	48	1	mmMiscData	Close
00524CC0	?Init@mmMiscData@@QAEHPADHHH@Z	560	1	mmMiscData	Init
00524EF0	?GetFileOffset@mmMiscData@@AAEJHHHH@Z	160	1	mmMiscData	GetFileOffset
00524F90	?GetRecord@mmMiscData@@QAE?AVmmRecord@@HHHH@Z	400	1	mmMiscData	GetRecord
00525120	?NewRecord@mmMiscData@@QAEHHPADMH0HH@Z	816	1	mmMiscData	NewRecord
00525450	??_GmmMiscData@@UAEPAXI@Z	48	1	mmMiscData	`scalar deleting destructor'
00525480	??_GmmRecord@@UAEPAXI@Z	48	1	mmRecord	`scalar deleting destructor'
005254B0	??0mmPlayerConfig@@QAE@XZ	176	1	mmPlayerConfig	mmPlayerConfig
00525560	??1mmPlayerConfig@@UAE@XZ	112	1	mmPlayerConfig	~mmPlayerConfig
005255D0	??4mmPlayerConfig@@QAEXAAV0@@Z	384	1	mmPlayerConfig	operator=
00525750	?Load@mmPlayerConfig@@QAEHPAD@Z	96	1	mmPlayerConfig	Load
005257B0	?LoadBinary@mmPlayerConfig@@QAEHPAD@Z	640	1	mmPlayerConfig	LoadBinary
00525A30	?SaveBinary@mmPlayerConfig@@QAEHPAD@Z	576	1	mmPlayerConfig	SaveBinary
00525C70	?SetDefaults@mmPlayerConfig@@QAEXXZ	16	1	mmPlayerConfig	SetDefaults
00525C80	?Save@mmPlayerConfig@@QAEHPADH@Z	160	1	mmPlayerConfig	Save
00525D20	?SetAudio@mmPlayerConfig@@QAEXXZ	256	1	mmPlayerConfig	SetAudio
00525E20	?SetControls@mmPlayerConfig@@QAEXXZ	240	1	mmPlayerConfig	SetControls
00525F10	?GetCustom@mmPlayerConfig@@QAEXXZ	48	1	mmPlayerConfig	GetCustom
00525F40	?SetCustom@mmPlayerConfig@@QAEXXZ	48	1	mmPlayerConfig	SetCustom
00525F70	??0mmGfxCFG@@QAE@XZ	64	1	mmGfxCFG	mmGfxCFG
00525FB0	?Get@mmGfxCFG@@QAEXXZ	112	1	mmGfxCFG	Get
00526020	?Set@mmGfxCFG@@QAEXXZ	112	1	mmGfxCFG	Set
00526090	?GetGraphics@mmPlayerConfig@@QAEXXZ	16	1	mmPlayerConfig	GetGraphics
005260A0	?SetGraphics@mmPlayerConfig@@QAEXXZ	16	1	mmPlayerConfig	SetGraphics
005260B0	?GetAudio@mmPlayerConfig@@QAEXXZ	112	1	mmPlayerConfig	GetAudio
00526120	?GetControls@mmPlayerConfig@@QAEXXZ	224	1	mmPlayerConfig	GetControls
00526200	?GetViewSettings@mmPlayerConfig@@QAEXXZ	32	1	mmPlayerConfig	GetViewSettings
00526220	?SetViewSettings@mmPlayerConfig@@QAEXXZ	32	1	mmPlayerConfig	SetViewSettings
00526240	?DefaultAudio@mmPlayerConfig@@QAEXXZ	176	1	mmPlayerConfig	DefaultAudio
005262F0	?DefaultControls@mmPlayerConfig@@QAEXXZ	96	1	mmPlayerConfig	DefaultControls
00526350	?DefaultViewSettings@mmPlayerConfig@@QAEXXZ	64	1	mmPlayerConfig	DefaultViewSettings
00526390	?Reset@mmPlayerConfig@@QAEXXZ	16	1	mmPlayerConfig	Reset
005263A0	?DefaultGraphics@mmPlayerConfig@@QAEXXZ	304	1	mmPlayerConfig	DefaultGraphics
005264D0	??_GmmPlayerConfig@@UAEPAXI@Z	80	1	mmPlayerConfig	`scalar deleting destructor'
00526520	??0mmPlayerDirectory@@QAE@XZ	64	1	mmPlayerDirectory	mmPlayerDirectory
00526560	??1mmPlayerDirectory@@UAE@XZ	112	1	mmPlayerDirectory	~mmPlayerDirectory
005265D0	?NewDirectory@mmPlayerDirectory@@QAEXH@Z	64	1	mmPlayerDirectory	NewDirectory
00526610	?SetPlayer@mmPlayerDirectory@@QAEXHPAD0@Z	48	1	mmPlayerDirectory	SetPlayer
00526640	?SetLastPlayer@mmPlayerDirectory@@QAEXPAD@Z	80	1	mmPlayerDirectory	SetLastPlayer
00526690	?GetPlayer@mmPlayerDirectory@@QAEPADH@Z	48	1	mmPlayerDirectory	GetPlayer
005266C0	?GetNumPlayers@mmPlayerDirectory@@QAEHXZ	16	1	mmPlayerDirectory	GetNumPlayers
005266D0	?GetLastPlayer@mmPlayerDirectory@@QAEPADXZ	48	1	mmPlayerDirectory	GetLastPlayer
00526700	?AddPlayer@mmPlayerDirectory@@QAEHPAD@Z	304	1	mmPlayerDirectory	AddPlayer
00526830	?CreatePlayer@mmPlayerDirectory@@AAEXPAD0@Z	256	1	mmPlayerDirectory	CreatePlayer
00526930	?FindPlayer@mmPlayerDirectory@@QAEHPAD@Z	112	1	mmPlayerDirectory	FindPlayer
005269A0	?GetFileName@mmPlayerDirectory@@QAEPADPAD@Z	144	1	mmPlayerDirectory	GetFileName
00526A30	?GetPlayerName@mmPlayerDirectory@@QAEPADPAD@Z	144	1	mmPlayerDirectory	GetPlayerName
00526AC0	?GetFileName@mmPlayerDirectory@@QAEPADH@Z	48	1	mmPlayerDirectory	GetFileName
00526AF0	?MakeFileName@mmPlayerDirectory@@AAEPADXZ	192	1	mmPlayerDirectory	MakeFileName
00526BB0	?RemovePlayer@mmPlayerDirectory@@QAEHPAD@Z	240	1	mmPlayerDirectory	RemovePlayer
00526CA0	?Load@mmPlayerDirectory@@QAEHPAD@Z	48	1	mmPlayerDirectory	Load
00526CD0	?Save@mmPlayerDirectory@@QAEHPADH@Z	160	1	mmPlayerDirectory	Save
00526D70	?SaveBinary@mmPlayerDirectory@@QAEHPAD@Z	256	1	mmPlayerDirectory	SaveBinary
00526E70	?LoadBinary@mmPlayerDirectory@@QAEHPAD@Z	320	1	mmPlayerDirectory	LoadBinary
00526FB0	??_GmmPlayerDirectory@@UAEPAXI@Z	48	1	mmPlayerDirectory	`scalar deleting destructor'
00526FE0	??0mmPlayerData@@QAE@XZ	224	1	mmPlayerData	mmPlayerData
005270C0	??4mmPlayerData@@QAEXAAV0@@Z	240	1	mmPlayerData	operator=
005271B0	?OpenCityRecord@mmPlayerData@@QAEHPAD@Z	112	1	mmPlayerData	OpenCityRecord
00527220	?CloseCityRecord@mmPlayerData@@QAEHXZ	16	1	mmPlayerData	CloseCityRecord
00527230	?GetCheckpointProgress@mmPlayerData@@QAEHPADH@Z	32	1	mmPlayerData	GetCheckpointProgress
00527250	?GetTagID@mmPlayerData@@QAEMXZ	16	1	mmPlayerData	GetTagID
00527260	?SetTagID@mmPlayerData@@QAEXM@Z	16	1	mmPlayerData	SetTagID
00527270	?GetProgress@mmPlayerData@@QAEHPADH@Z	48	1	mmPlayerData	GetProgress
005272A0	?GetPassedMask@mmPlayerData@@QAEHPADH@Z	208	1	mmPlayerData	GetPassedMask
00527370	?GetNumPassed@mmPlayerData@@QAEHPADH@Z	208	1	mmPlayerData	GetNumPassed
00527440	?GetTotalPassed@mmPlayerData@@QAEHPAD@Z	240	1	mmPlayerData	GetTotalPassed
00527530	?GetScore@mmPlayerData@@QAEHPADH@Z	480	1	mmPlayerData	GetScore
00527710	?GetTotalScore@mmPlayerData@@QAEHPAD@Z	384	1	mmPlayerData	GetTotalScore
00527890	?ResolveCheckpointProgress@mmPlayerData@@QAEHPAD@Z	320	1	mmPlayerData	ResolveCheckpointProgress
005279D0	?ResolveCrashProgress@mmPlayerData@@QAEHPAD@Z	352	1	mmPlayerData	ResolveCrashProgress
00527B30	?RegisterFinish@mmPlayerData@@QAEHVmmPlayerRecord@@HH@Z	128	1	mmPlayerData	RegisterFinish
00527BB0	?Reset@mmPlayerData@@QAEXXZ	128	1	mmPlayerData	Reset
00527C30	?SetCity@mmPlayerData@@QAEXPAD@Z	64	1	mmPlayerData	SetCity
00527C70	?GetCity@mmPlayerData@@QAEPADXZ	16	1	mmPlayerData	GetCity
00527C80	?SetName@mmPlayerData@@QAEXPAD@Z	64	1	mmPlayerData	SetName
00527CC0	?GetName@mmPlayerData@@QAEPADXZ	16	1	mmPlayerData	GetName
00527CD0	?SetNetName@mmPlayerData@@QAEXPAD@Z	64	1	mmPlayerData	SetNetName
00527D10	?GetNetName@mmPlayerData@@QAEPADXZ	16	1	mmPlayerData	GetNetName
00527D20	?SetFileName@mmPlayerData@@QAEXPAD@Z	64	1	mmPlayerData	SetFileName
00527D60	?GetFileName@mmPlayerData@@QAEPADXZ	16	1	mmPlayerData	GetFileName
00527D70	?Load@mmPlayerData@@QAEHPAD@Z	48	1	mmPlayerData	Load
00527DA0	?Save@mmPlayerData@@QAEHPADH@Z	160	1	mmPlayerData	Save
00527E40	?ComputeCRC@mmPlayerData@@QAEIXZ	176	1	mmPlayerData	ComputeCRC
00527EF0	?LoadBinary@mmPlayerData@@QAEHPAD@Z	448	1	mmPlayerData	LoadBinary
005280B0	?SaveBinary@mmPlayerData@@QAEHPAD@Z	368	1	mmPlayerData	SaveBinary
00528220	??1mmPlayerCityRecord@@UAE@XZ	16	1	mmPlayerCityRecord	~mmPlayerCityRecord
00528230	??0mmInfoBase@@QAE@XZ	48	1	mmInfoBase	mmInfoBase
00528260	?Load@mmInfoBase@@QAEHPAD@Z	176	1	mmInfoBase	Load
00528310	?Save@mmInfoBase@@QAEHPAD@Z	176	1	mmInfoBase	Save
005283C0	?SetIOPath@mmInfoBase@@QAEXPAD@Z	32	1	mmInfoBase	SetIOPath
005283E0	??0mmRecord@@QAE@XZ	80	1	mmRecord	mmRecord
00528430	??1mmRecord@@UAE@XZ	16	1	mmRecord	~mmRecord
00528440	?Reset@mmRecord@@QAEXXZ	64	1	mmRecord	Reset
00528480	?GetTime@mmRecord@@QAEMXZ	16	1	mmRecord	GetTime
00528490	?GetCarName@mmRecord@@QAEPADXZ	16	1	mmRecord	GetCarName
005284A0	?GetName@mmRecord@@QAEPADXZ	16	1	mmRecord	GetName
005284B0	?GetPassed@mmRecord@@QAEHXZ	16	1	mmRecord	GetPassed
005284C0	?GetScore@mmRecord@@QAEHXZ	16	1	mmRecord	GetScore
005284D0	?SetTime@mmRecord@@QAEXM@Z	16	1	mmRecord	SetTime
005284E0	?SetCarName@mmRecord@@QAEXPAD@Z	32	1	mmRecord	SetCarName
00528500	?SetName@mmRecord@@QAEXPAD@Z	64	1	mmRecord	SetName
00528540	?SetPassed@mmRecord@@QAEXH@Z	32	1	mmRecord	SetPassed
00528560	?SetScore@mmRecord@@QAEXH@Z	16	1	mmRecord	SetScore
00528570	??4mmRecord@@QAEXAAV0@@Z	144	1	mmRecord	operator=
00528600	?SaveBinary@mmRecord@@QAEHPAVStream@@@Z	128	1	mmRecord	SaveBinary
00528680	?LoadBinary@mmRecord@@QAEHPAVStream@@@Z	128	1	mmRecord	LoadBinary
00528700	?ComputeCRC@mmRecord@@QAEIXZ	80	1	mmRecord	ComputeCRC
00528750	??0mmPlayerRecord@@QAE@XZ	80	1	mmPlayerRecord	mmPlayerRecord
005287A0	??1mmPlayerRecord@@UAE@XZ	16	1	mmPlayerRecord	~mmPlayerRecord
005287B0	?Reset@mmPlayerRecord@@QAEXXZ	48	1	mmPlayerRecord	Reset
005287E0	??4mmPlayerRecord@@QAEXAAV0@@Z	80	1	mmPlayerRecord	operator=
00528830	??8mmPlayerRecord@@QAEHABV0@@Z	144	1	mmPlayerRecord	operator==
005288C0	?ComputeCRC@mmPlayerRecord@@QAEIXZ	80	1	mmPlayerRecord	ComputeCRC
00528910	?SaveBinary@mmPlayerRecord@@QAEHPAVStream@@@Z	128	1	mmPlayerRecord	SaveBinary
00528990	?LoadBinary@mmPlayerRecord@@QAEHPAVStream@@@Z	128	1	mmPlayerRecord	LoadBinary
00528A10	??0mmPlayerCityRecord@@QAE@XZ	80	1	mmPlayerCityRecord	mmPlayerCityRecord
00528A60	?Reset@mmPlayerCityRecord@@QAEXXZ	16	1	mmPlayerCityRecord	Reset
00528A70	?ComputeCRC@mmPlayerCityRecord@@QAEIXZ	160	1	mmPlayerCityRecord	ComputeCRC
00528B10	?InitCityRecord@mmPlayerCityRecord@@QAEXPADMHHHH@Z	672	1	mmPlayerCityRecord	InitCityRecord
00528DB0	?Open@mmPlayerCityRecord@@QAEHPADM@Z	496	1	mmPlayerCityRecord	Open
00528FA0	?GetRecord@mmPlayerCityRecord@@QAEHAAVmmPlayerRecord@@HH@Z	288	1	mmPlayerCityRecord	GetRecord
005290C0	?NewRecord@mmPlayerCityRecord@@QAEHVmmPlayerRecord@@HH@Z	672	1	mmPlayerCityRecord	NewRecord
00529360	?Close@mmPlayerCityRecord@@QAEHXZ	304	1	mmPlayerCityRecord	Close
00529490	?GetNumPassed@mmPlayerCityRecord@@QAEHH@Z	240	1	mmPlayerCityRecord	GetNumPassed
00529580	?GetNumRaces@mmPlayerCityRecord@@QAEHH@Z	96	1	mmPlayerCityRecord	GetNumRaces
005295E0	?GetPassedMask@mmPlayerCityRecord@@QAEKH@Z	96	1	mmPlayerCityRecord	GetPassedMask
00529640	?GetFileOffset@mmPlayerCityRecord@@AAEJHH@Z	176	1	mmPlayerCityRecord	GetFileOffset
005296F0	??_GmmPlayerCityRecord@@UAEPAXI@Z	48	1	mmPlayerCityRecord	`scalar deleting destructor'
00529720	??0mmVehInfo@@QAE@XZ	80	1	mmVehInfo	mmVehInfo
00529770	??1mmVehInfo@@UAE@XZ	16	1	mmVehInfo	~mmVehInfo
00529780	?mygetstring@@YAXPAU_iobuf@@PAD@Z	48	1		mygetstring
005297B0	?Load@mmVehInfo@@QAEHPAD@Z	592	1	mmVehInfo	Load
00529A00	?HasColorVariations@mmVehInfo@@QAEHXZ	32	1	mmVehInfo	HasColorVariations
00529A20	?Print@mmVehInfo@@QAEXXZ	128	1	mmVehInfo	Print
00529AA0	?GetTuningCRC@mmVehInfo@@QAEKXZ	16	1	mmVehInfo	GetTuningCRC
00529AB0	?ComputeTuningCRC@mmVehInfo@@QAEXXZ	160	1	mmVehInfo	ComputeTuningCRC
00529B50	??_GmmVehInfo@@UAEPAXI@Z	48	1	mmVehInfo	`scalar deleting destructor'
00529B80	??0mmRaceData@@QAE@XZ	16	1	mmRaceData	mmRaceData
00529B90	??1mmRaceData@@QAE@XZ	16	1	mmRaceData	~mmRaceData
00529BA0	?Load@mmRaceData@@QAEHPAD0@Z	784	1	mmRaceData	Load
00529EB0	?GetNumRaces@mmRaceData@@QAEHXZ	16	1	mmRaceData	GetNumRaces
00529EC0	?GetRaceName@mmRaceData@@QAEPADH@Z	16	1	mmRaceData	GetRaceName
00529ED0	?GetCarType@mmRaceData@@QAEHHW4dgSkillLevel@@@Z	48	1	mmRaceData	GetCarType
00529F00	?GetNumLaps@mmRaceData@@QAEHHW4dgSkillLevel@@@Z	48	1	mmRaceData	GetNumLaps
00529F30	?GetTimeLimit@mmRaceData@@QAEMHW4dgSkillLevel@@@Z	48	1	mmRaceData	GetTimeLimit
00529F60	?GetNumOpponents@mmRaceData@@QAEHHW4dgSkillLevel@@@Z	48	1	mmRaceData	GetNumOpponents
00529F90	?GetNumCops@mmRaceData@@QAEHHW4dgSkillLevel@@@Z	48	1	mmRaceData	GetNumCops
00529FC0	?GetTimeOfDay@mmRaceData@@QAEHHW4dgSkillLevel@@@Z	48	1	mmRaceData	GetTimeOfDay
00529FF0	?GetWeather@mmRaceData@@QAEHHW4dgSkillLevel@@@Z	48	1	mmRaceData	GetWeather
0052A020	?GetPedDensity@mmRaceData@@QAEMHW4dgSkillLevel@@@Z	48	1	mmRaceData	GetPedDensity
0052A050	?GetAmbientDensity@mmRaceData@@QAEMHW4dgSkillLevel@@@Z	48	1	mmRaceData	GetAmbientDensity
0052A080	?GetDifficulty@mmRaceData@@QAEMHW4dgSkillLevel@@@Z	48	1	mmRaceData	GetDifficulty
0052A0B0	??0mmPositions@@QAE@XZ	16	1	mmPositions	mmPositions
0052A0C0	??1mmPositions@@QAE@XZ	32	1	mmPositions	~mmPositions
0052A0E0	?Init@mmPositions@@QAEXH@Z	48	1	mmPositions	Init
0052A110	?Load@mmPositions@@QAEHPAD@Z	496	1	mmPositions	Load
0052A300	?GetCount@mmPositions@@QAEHXZ	16	1	mmPositions	GetCount
0052A310	?GetVector4@mmPositions@@QAEAAVVector4@@H@Z	48	1	mmPositions	GetVector4
0052A340	?GetFrameRate@mmPositions@@QAEHH@Z	48	1	mmPositions	GetFrameRate
0052A370	?Dump@mmPositions@@QAEHPAD@Z	16	1	mmPositions	Dump
0052A380	?Recall@mmPositions@@QAEHHPAVMatrix34@@PAHPAD@Z	144	1	mmPositions	Recall
0052A410	?Register@mmPositions@@QAEHAAVVector4@@HHHHPAD@Z	304	1	mmPositions	Register
0052A540	??0mmCityInfo@@QAE@XZ	32	1	mmCityInfo	mmCityInfo
0052A560	??1mmCityInfo@@UAE@XZ	16	1	mmCityInfo	~mmCityInfo
0052A570	?Load@mmCityInfo@@QAEHPAD@Z	848	1	mmCityInfo	Load
0052A8C0	??_GmmCityInfo@@UAEPAXI@Z	48	1	mmCityInfo	`scalar deleting destructor'
0052A8F0	?UpdateCrc@@YAKPAEI@Z	96	1		UpdateCrc
0052A950	?testsuperq@@YAXXZ	64	1		testsuperq
0052A990	??0mmInput@@QAE@XZ	512	1	mmInput	mmInput
0052AB90	??1mmInput@@UAE@XZ	288	1	mmInput	~mmInput
0052ACB0	?AttachToPipe@mmInput@@QAEHXZ	1216	1	mmInput	AttachToPipe
0052B170	?Reset@mmInput@@UAEXXZ	64	1	mmInput	Reset
0052B1B0	?IOInit@mmInput@@QAEXHPAULocString@@J@Z	48	1	mmInput	IOInit
0052B1E0	?AutoSetup@mmInput@@QAEXXZ	32	1	mmInput	AutoSetup
0052B200	?SaveCB@mmInput@@QAEXXZ	64	1	mmInput	SaveCB
0052B240	?RestoreDefaultConfig@mmInput@@QAEXH@Z	80	1	mmInput	RestoreDefaultConfig
0052B290	?SetDefaultConfig@mmInput@@QAEXH@Z	4336	1	mmInput	SetDefaultConfig
0052C380	?Init@mmInput@@QAEXH@Z	496	1	mmInput	Init
0052C570	?FlagIODevChanged@mmInput@@QAEXXZ	32	1	mmInput	FlagIODevChanged
0052C590	?ReturnStateCaptured@mmInput@@QAEHXZ	32	1	mmInput	ReturnStateCaptured
0052C5B0	?CaptureState@mmInput@@QAEXH@Z	48	1	mmInput	CaptureState
0052C5E0	?BuildCaptureIO@mmInput@@QAEHHPAVmmIO@@TeqEvent@@@Z	448	1	mmInput	BuildCaptureIO
0052C7A0	?ForceAssignment@mmInput@@QAEXPAVmmIO@@@Z	32	1	mmInput	ForceAssignment
0052C7C0	?SanityCheck@mmInput@@QAEHPAVmmIO@@HH@Z	112	1	mmInput	SanityCheck
0052C830	?IsAlreadyAssigned@mmInput@@QAEHPAVmmIO@@HHH@Z	240	1	mmInput	IsAlreadyAssigned
0052C920	?AssignIO@mmInput@@QAEXPAVmmIO@@HH@Z	144	1	mmInput	AssignIO
0052C9B0	?Update@mmInput@@UAEXXZ	208	1	mmInput	Update
0052CA80	?PollStates@mmInput@@QAEHXZ	192	1	mmInput	PollStates
0052CB40	?PollSuperQ@mmInput@@QAEHXZ	80	1	mmInput	PollSuperQ
0052CB90	?Flush@mmInput@@QAEXXZ	96	1	mmInput	Flush
0052CBF0	?ClearEventHitFlags@mmInput@@QAEXXZ	32	1	mmInput	ClearEventHitFlags
0052CC10	?ProcessMouseEvents@mmInput@@AAEXXZ	96	1	mmInput	ProcessMouseEvents
0052CC70	?ProcessKeyboardEvents@mmInput@@AAEXXZ	80	1	mmInput	ProcessKeyboardEvents
0052CCC0	?GetBufferedKeyboardData@mmInput@@AAEXXZ	32	1	mmInput	GetBufferedKeyboardData
0052CCE0	?GetNextKeyboardEvent@mmInput@@AAEHPATeqEvent@@@Z	80	1	mmInput	GetNextKeyboardEvent
0052CD30	?ProcessEvents@mmInput@@AAEXXZ	32	1	mmInput	ProcessEvents
0052CD50	?ProcessStates@mmInput@@AAE_JXZ	224	1	mmInput	ProcessStates
0052CE30	?ScanState@mmInput@@AAE_JPAVmmIO@@@Z	432	1	mmInput	ScanState
0052CFE0	?EventToButton@mmInput@@AAEHH@Z	48	1	mmInput	EventToButton
0052D010	?ProcessJoyEvents@mmInput@@AAEXXZ	1296	1	mmInput	ProcessJoyEvents
0052D520	?ScanForEvent@mmInput@@AAE_JPATeqEvent@@@Z	192	1	mmInput	ScanForEvent
0052D5E0	?PutEventInQueue@mmInput@@AAEX_J@Z	48	1	mmInput	PutEventInQueue
0052D610	?PollContinuous@mmInput@@AAEXPAVmmIO@@@Z	832	1	mmInput	PollContinuous
0052D950	?GetThrottle@mmInput@@QAEMXZ	32	1	mmInput	GetThrottle
0052D970	?GetThrottleVal@mmInput@@QAEMXZ	112	1	mmInput	GetThrottleVal
0052D9E0	?GetBrakes@mmInput@@QAEMXZ	32	1	mmInput	GetBrakes
0052DA00	?GetBrakesVal@mmInput@@QAEMXZ	112	1	mmInput	GetBrakesVal
0052DA70	?GetHandBrake@mmInput@@QAEMXZ	128	1	mmInput	GetHandBrake
0052DAF0	?FilterDiscreteSteering@mmInput@@AAEMM@Z	400	1	mmInput	FilterDiscreteSteering
0052DC80	?FilterGamepadSteering@mmInput@@QAEMXZ	528	1	mmInput	FilterGamepadSteering
0052DE90	?GetSteering@mmInput@@QAEMP6AMM@Z@Z	208	1	mmInput	GetSteering
0052DF60	?GetCamPan@mmInput@@QAEMXZ	320	1	mmInput	GetCamPan
0052E0A0	?DeviceConnected@mmInput@@QAEHXZ	32	1	mmInput	DeviceConnected
0052E0C0	?JoystickConnected@mmInput@@QAEHXZ	16	1	mmInput	JoystickConnected
0052E0D0	?GamepadConnected@mmInput@@QAEHXZ	16	1	mmInput	GamepadConnected
0052E0E0	?WheelConnected@mmInput@@QAEHXZ	16	1	mmInput	WheelConnected
0052E0F0	?SetDeadZone@mmInput@@QAEXM@Z	48	1	mmInput	SetDeadZone
0052E120	?JoystickHasCoolie@mmInput@@QAEHXZ	32	1	mmInput	JoystickHasCoolie
0052E140	?JoystickHasThrottle@mmInput@@QAEHXZ	32	1	mmInput	JoystickHasThrottle
0052E160	?WheelHas3Axis@mmInput@@QAEHXZ	64	1	mmInput	WheelHas3Axis
0052E1A0	?DoingFF@mmInput@@QAEHXZ	48	1	mmInput	DoingFF
0052E1D0	?StopAllFF@mmInput@@QAEXXZ	16	1	mmInput	StopAllFF
0052E1E0	?SetForceFeedbackScale@mmInput@@QAEXM@Z	80	1	mmInput	SetForceFeedbackScale
0052E230	?SetRoadForceScale@mmInput@@QAEXM@Z	80	1	mmInput	SetRoadForceScale
0052E280	?ToggleFFEnabled@mmInput@@QAEHH@Z	48	1	mmInput	ToggleFFEnabled
0052E2B0	?FFPlay@mmInput@@QAEHH@Z	48	1	mmInput	FFPlay
0052E2E0	?FFStop@mmInput@@QAEHH@Z	48	1	mmInput	FFStop
0052E310	?FFIsPlaying@mmInput@@QAEHH@Z	48	1	mmInput	FFIsPlaying
0052E340	?FFSetValues@mmInput@@QAEHHMM@Z	64	1	mmInput	FFSetValues
0052E380	?PopEvent@mmInput@@QAEHPAH@Z	48	1	mmInput	PopEvent
0052E3B0	?LoadConfig@mmInput@@QAEHPAVStream@@@Z	144	1	mmInput	LoadConfig
0052E440	?BinaryLoadConfig@mmInput@@QAEHPAVStream@@@Z	192	1	mmInput	BinaryLoadConfig
0052E500	?SaveConfig@mmInput@@QAEHPAVStream@@@Z	128	1	mmInput	SaveConfig
0052E580	?BinarySaveConfig@mmInput@@QAEHPAVStream@@@Z	144	1	mmInput	BinarySaveConfig
0052E610	?PrintIODev@mmInput@@QAEXXZ	208	1	mmInput	PrintIODev
0052E6E0	?SaveCodeConfig@mmInput@@QAEHPAVStream@@@Z	1760	1	mmInput	SaveCodeConfig
0052EDC0	??_GmmInput@@UAEPAXI@Z	48	1	mmInput	`scalar deleting destructor'
0052EDF0	??_EmmIO@@QAEPAXI@Z	96	1	mmIO	`vector deleting destructor'
0052EE50	??_EmmIODev@@UAEPAXI@Z	96	1	mmIODev	`vector deleting destructor'
0052EEB0	??0mmIO@@QAE@XZ	32	1	mmIO	mmIO
0052EED0	??1mmIO@@QAE@XZ	16	1	mmIO	~mmIO
0052EEE0	?Clear@mmIO@@QAEXXZ	32	1	mmIO	Clear
0052EF00	?Init@mmIO@@QAEXPADHJ@Z	96	1	mmIO	Init
0052EF60	?InitDev@mmIO@@QAEXH_JHHH@Z	176	1	mmIO	InitDev
0052F010	?Assign@mmIO@@QAEXHH@Z	96	1	mmIO	Assign
0052F070	??8mmIO@@QAEHPATeqEvent@@@Z	80	1	mmIO	operator==
0052F0C0	?GetDescription@mmIO@@QAEXPAD@Z	80	1	mmIO	GetDescription
0052F110	?Write@mmIO@@QAEHPAVStream@@@Z	64	1	mmIO	Write
0052F150	?Read@mmIO@@QAEHPAVStream@@@Z	208	1	mmIO	Read
0052F220	?CompareComponent@mmIO@@QAEHH@Z	208	1	mmIO	CompareComponent
0052F2F0	?ForceSettingAcrossConfigs@mmIO@@QAEXH@Z	208	1	mmIO	ForceSettingAcrossConfigs
0052F3C0	??0mmIODev@@QAE@XZ	64	1	mmIODev	mmIODev
0052F400	??1mmIODev@@UAE@XZ	16	1	mmIODev	~mmIODev
0052F410	?Init@mmIODev@@QAEXH_J@Z	48	1	mmIODev	Init
0052F440	?Assign@mmIODev@@QAEXHHH@Z	304	1	mmIODev	Assign
0052F570	??8mmIODev@@QAEHPATeqEvent@@@Z	96	1	mmIODev	operator==
0052F5D0	?ConvertDItoString@@YAHHPADH@Z	96	1		ConvertDItoString
0052F630	?GetDescription@mmIODev@@QAEXPAD@Z	704	1	mmIODev	GetDescription
0052F8F0	?GetComponentType@mmIODev@@QAEHHH@Z	96	1	mmIODev	GetComponentType
0052F950	?SanityCheckioType@mmIODev@@QAEHHHH@Z	128	1	mmIODev	SanityCheckioType
0052F9D0	?Print@mmIODev@@QAEXH@Z	208	1	mmIODev	Print
0052FAA0	?Write@mmIODev@@QAEHPAVStream@@@Z	80	1	mmIODev	Write
0052FAF0	?WriteBinary@mmIODev@@QAEHPAVStream@@@Z	80	1	mmIODev	WriteBinary
0052FB40	?Read@mmIODev@@QAEHPAVStream@@@Z	80	1	mmIODev	Read
0052FB90	?ReadBinary@mmIODev@@QAEHPAVStream@@@Z	80	1	mmIODev	ReadBinary
0052FBE0	??_GmmIODev@@UAEPAXI@Z	48	1	mmIODev	`scalar deleting destructor'
0052FC10	?inputEnumDeviceProc@@YGHPAUDIDEVICEINSTANCEA@@PAX@Z	48	1		inputEnumDeviceProc
0052FC40	??0mmJoyMan@@QAE@XZ	16	1	mmJoyMan	mmJoyMan
0052FC50	??1mmJoyMan@@QAE@XZ	64	1	mmJoyMan	~mmJoyMan
0052FC90	?Init@mmJoyMan@@QAEHPAUHINSTANCE__@@PAUHWND__@@@Z	352	1	mmJoyMan	Init
0052FDF0	?ButtonToBit@mmJoyMan@@QAEHH@Z	48	1	mmJoyMan	ButtonToBit
0052FE20	?QJoystick@mmJoyMan@@QAEHXZ	16	1	mmJoyMan	QJoystick
0052FE30	?Update@mmJoyMan@@QAEXXZ	48	1	mmJoyMan	Update
0052FE60	?GetJoyAxis@mmJoyMan@@QAEMHH@Z	64	1	mmJoyMan	GetJoyAxis
0052FEA0	?GetJoyButton@mmJoyMan@@QAEHHH@Z	80	1	mmJoyMan	GetJoyButton
0052FEF0	?PollJoyButtons@mmJoyMan@@QAEHXZ	96	1	mmJoyMan	PollJoyButtons
0052FF50	?PollJoyAxes@mmJoyMan@@QAEHXZ	64	1	mmJoyMan	PollJoyAxes
0052FF90	?SetCapture@mmJoyMan@@QAEXH@Z	112	1	mmJoyMan	SetCapture
00530000	?GetOneButton@mmJoyMan@@QAEHJ@Z	48	1	mmJoyMan	GetOneButton
00530030	?GetFFEffect@mmJoyMan@@QAEPAVmmEffectFF@@H@Z	48	1	mmJoyMan	GetFFEffect
00530060	?ToggleEnabled@mmJoyMan@@QAEHH@Z	64	1	mmJoyMan	ToggleEnabled
005300A0	?FFPlay@mmJoyMan@@QAEHH@Z	48	1	mmJoyMan	FFPlay
005300D0	?FFStop@mmJoyMan@@QAEHH@Z	48	1	mmJoyMan	FFStop
00530100	?FFIsPlaying@mmJoyMan@@QAEHH@Z	48	1	mmJoyMan	FFIsPlaying
00530130	?FFSetValues@mmJoyMan@@QAEHHMM@Z	64	1	mmJoyMan	FFSetValues
00530170	?StopAllFF@mmJoyMan@@QAEXXZ	32	1	mmJoyMan	StopAllFF
00530190	?HasCoolie@mmJoyMan@@QAEHXZ	32	1	mmJoyMan	HasCoolie
005301B0	?HasThrottle@mmJoyMan@@QAEHXZ	32	1	mmJoyMan	HasThrottle
005301D0	??_EmmJoystick@@QAEPAXI@Z	96	1	mmJoystick	`vector deleting destructor'
00530230	??0mmJaxis@@QAE@XZ	32	1	mmJaxis	mmJaxis
00530250	??1mmJaxis@@QAE@XZ	16	1	mmJaxis	~mmJaxis
00530260	?SetRange@mmJaxis@@QAEXMM@Z	32	1	mmJaxis	SetRange
00530280	?Normalize@mmJaxis@@QAEXM@Z	32	1	mmJaxis	Normalize
005302A0	?NormalizePOV@mmJaxis@@QAEXK@Z	64	1	mmJaxis	NormalizePOV
005302E0	?Capture@mmJaxis@@QAEHXZ	48	1	mmJaxis	Capture
00530310	?ResetCapture@mmJaxis@@QAEXXZ	32	1	mmJaxis	ResetCapture
00530330	??0mmJoystick@@QAE@XZ	128	1	mmJoystick	mmJoystick
005303B0	??1mmJoystick@@QAE@XZ	256	1	mmJoystick	~mmJoystick
005304B0	?Init@mmJoystick@@QAEHPAUIDirectInputDevice2A@@PAUHWND__@@@Z	272	1	mmJoystick	Init
005305C0	?inputPrepareDevice@mmJoystick@@QAEHXZ	432	1	mmJoystick	inputPrepareDevice
00530770	?SetDeadZone@mmJoystick@@QAEHM@Z	160	1	mmJoystick	SetDeadZone
00530810	?DisableAutoCenter@mmJoystick@@QAEHXZ	80	1	mmJoystick	DisableAutoCenter
00530860	?Poll@mmJoystick@@QAEKXZ	272	1	mmJoystick	Poll
00530970	?GetAxis@mmJoystick@@QAEMH@Z	256	1	mmJoystick	GetAxis
00530A70	?GetButton@mmJoystick@@QAEMH@Z	48	1	mmJoystick	GetButton
00530AA0	?Update@mmJoystick@@QAEXXZ	144	1	mmJoystick	Update
00530B30	?ResetAxisCapture@mmJoystick@@QAEXXZ	128	1	mmJoystick	ResetAxisCapture
00530BB0	?InputCreateEffect@mmJoystick@@QAEXXZ	304	1	mmJoystick	InputCreateEffect
00530CE0	?InputInitEffect@mmJoystick@@QAEXXZ	64	1	mmJoystick	InputInitEffect
00530D20	?InputStopEffect@mmJoystick@@QAEXXZ	64	1	mmJoystick	InputStopEffect
00530D60	?SetShake@mmJoystick@@QAEHKK@Z	48	1	mmJoystick	SetShake
00530D90	?PlayShake@mmJoystick@@QAEHXZ	32	1	mmJoystick	PlayShake
00530DB0	?StopShake@mmJoystick@@QAEHXZ	32	1	mmJoystick	StopShake
00530DD0	?PlayCollision@mmJoystick@@QAEHXZ	32	1	mmJoystick	PlayCollision
00530DF0	?SetSteer@mmJoystick@@QAEHJ@Z	32	1	mmJoystick	SetSteer
00530E10	?PlaySteer@mmJoystick@@QAEHXZ	32	1	mmJoystick	PlaySteer
00530E30	?StopSteer@mmJoystick@@QAEHXZ	32	1	mmJoystick	StopSteer
00530E50	?SetFriction@mmJoystick@@QAEHJ@Z	32	1	mmJoystick	SetFriction
00530E70	?PlayFriction@mmJoystick@@QAEHXZ	32	1	mmJoystick	PlayFriction
00530E90	?StopFriction@mmJoystick@@QAEHXZ	32	1	mmJoystick	StopFriction
00530EB0	?GetFFEffect@mmJoystick@@QAEPAVmmEffectFF@@H@Z	80	1	mmJoystick	GetFFEffect
00530F00	?GetNumButtons@mmJoystick@@QAEHXZ	16	1	mmJoystick	GetNumButtons
00530F10	?PrintDeviceCaps@mmJoystick@@QAEXXZ	464	1	mmJoystick	PrintDeviceCaps
005310E0	?DecodeDIErrorMFlag@@YAXJ@Z	960	1		DecodeDIErrorMFlag
005314A0	?AngelReadKeyString@@YAPAULocString@@I@Z	64	1		AngelReadKeyString
005314E0	?inputEnumEffectTypeProc@@YGHPBUDIEFFECTINFOA@@PAX@Z	96	1		inputEnumEffectTypeProc
00531540	??0mmEffectFF@@QAE@XZ	112	1	mmEffectFF	mmEffectFF
005315B0	??1mmEffectFF@@QAE@XZ	32	1	mmEffectFF	~mmEffectFF
005315D0	?Play@mmEffectFF@@UAEHXZ	16	1	mmEffectFF	Play
005315E0	?Stop@mmEffectFF@@UAEHXZ	16	1	mmEffectFF	Stop
005315F0	?SetValues@mmEffectFF@@UAEHMM@Z	16	1	mmEffectFF	SetValues
00531600	?Init@mmCollideFF@@UAEHPAUIDirectInputDevice2A@@@Z	432	1	mmCollideFF	Init
005317B0	?SetValues@mmCollideFF@@UAEHMM@Z	48	1	mmCollideFF	SetValues
005317E0	?Assign@mmCollideFF@@QAEHJJ@Z	256	1	mmCollideFF	Assign
005318E0	?Play@mmCollideFF@@UAEHXZ	80	1	mmCollideFF	Play
00531930	?Stop@mmCollideFF@@UAEHXZ	16	1	mmCollideFF	Stop
00531940	?Init@mmRoadFF@@UAEHPAUIDirectInputDevice2A@@@Z	256	1	mmRoadFF	Init
00531A40	?SetValues@mmRoadFF@@UAEHMM@Z	48	1	mmRoadFF	SetValues
00531A70	?Assign@mmRoadFF@@QAEHJJ@Z	240	1	mmRoadFF	Assign
00531B60	?Play@mmRoadFF@@UAEHXZ	112	1	mmRoadFF	Play
00531BD0	?Stop@mmRoadFF@@UAEHXZ	80	1	mmRoadFF	Stop
00531C20	?Init@mmFrictionFF@@UAEHPAUIDirectInputDevice2A@@@Z	272	1	mmFrictionFF	Init
00531D30	?SetValues@mmFrictionFF@@UAEHMM@Z	48	1	mmFrictionFF	SetValues
00531D60	?Assign@mmFrictionFF@@QAEHJ@Z	192	1	mmFrictionFF	Assign
00531E20	?Play@mmFrictionFF@@UAEHXZ	96	1	mmFrictionFF	Play
00531E80	?Stop@mmFrictionFF@@UAEHXZ	64	1	mmFrictionFF	Stop
00531EC0	?Init@mmSpringFF@@UAEHPAUIDirectInputDevice2A@@@Z	256	1	mmSpringFF	Init
00531FC0	?SetValues@mmSpringFF@@UAEHMM@Z	48	1	mmSpringFF	SetValues
00531FF0	?Assign@mmSpringFF@@QAEHJ@Z	240	1	mmSpringFF	Assign
005320E0	?Play@mmSpringFF@@UAEHXZ	112	1	mmSpringFF	Play
00532150	?Stop@mmSpringFF@@UAEHXZ	64	1	mmSpringFF	Stop
00532190	?ddGDIFlip@@YAXXZ	16	1		ddGDIFlip
005321A0	??0mmText@@QAE@XZ	16	1	mmText	mmText
005321B0	??1mmText@@QAE@XZ	16	1	mmText	~mmText
005321C0	?CreateLocFont@mmText@@SAPAXPBULocString@@H@Z	192	1	mmText	CreateLocFont
00532280	?CreateFont@mmText@@SAPAXPBDH@Z	48	1	mmText	CreateFont
005322B0	?DeleteFont@mmText@@SAXPAX@Z	16	1	mmText	DeleteFont
005322C0	?GetDC@mmText@@SAPAXPAVgfxBitmap@@@Z	48	1	mmText	GetDC
005322F0	?ReleaseDC@mmText@@SAXXZ	32	1	mmText	ReleaseDC
00532310	?CreateFitBitmap@mmText@@SAPAVgfxBitmap@@PBDPBXHH@Z	480	1	mmText	CreateFitBitmap
005324F0	?Draw@mmText@@QAEXPAVgfxBitmap@@MMPBDPBX@Z	144	1	mmText	Draw
00532580	?Draw2@mmText@@QAEXPAVgfxBitmap@@MMPBDPBXI@Z	240	1	mmText	Draw2
00532670	??0mmTextNode@@QAE@XZ	80	1	mmTextNode	mmTextNode
005326C0	??1mmTextNode@@UAE@XZ	144	1	mmTextNode	~mmTextNode
00532750	?Init@mmTextNode@@QAEXHHHHHH@Z	240	1	mmTextNode	Init
00532840	?Init@mmTextNode@@QAEXMMMMHH@Z	304	1	mmTextNode	Init
00532970	?SetBGColor@mmTextNode@@QAEXAAVVector4@@@Z	112	1	mmTextNode	SetBGColor
005329E0	?SetFGColor@mmTextNode@@QAEXAAVVector4@@@Z	96	1	mmTextNode	SetFGColor
00532A40	?SetHlColor@mmTextNode@@QAEXAAVVector4@@@Z	96	1	mmTextNode	SetHlColor
00532AA0	?GetFGColor@mmTextNode@@QAEIXZ	16	1	mmTextNode	GetFGColor
00532AB0	?SetEffects@mmTextNode@@QAEXHH@Z	48	1	mmTextNode	SetEffects
00532AE0	?GetEffects@mmTextNode@@QAEHH@Z	48	1	mmTextNode	GetEffects
00532B10	?GetTextDimensions@mmTextNode@@QAEXPBXPBULocString@@AAM2@Z	272	1	mmTextNode	GetTextDimensions
00532C20	?SetTextPosition@mmTextNode@@QAEXHMM@Z	80	1	mmTextNode	SetTextPosition
00532C70	?AddText@mmTextNode@@QAEHPBXPBULocString@@HMM@Z	224	1	mmTextNode	AddText
00532D50	?SetString@mmTextNode@@QAEXHPBULocString@@@Z	96	1	mmTextNode	SetString
00532DB0	?SetPosition@mmTextNode@@QAEXHMM@Z	112	1	mmTextNode	SetPosition
00532E20	?Printf@mmTextNode@@QAAXPBDZZ	48	1	mmTextNode	Printf
00532E50	?Update@mmTextNode@@UAEXXZ	48	1	mmTextNode	Update
00532E80	?RenderText@mmTextNode@@QAEXPAVgfxBitmap@@PAUmmTextData@@HI@Z	752	1	mmTextNode	RenderText
00533170	?Cull@mmTextNode@@UAEXXZ	272	1	mmTextNode	Cull
00533280	??_GmmTextNode@@UAEPAXI@Z	48	1	mmTextNode	`scalar deleting destructor'
005332B0	??0mmNumberFont@@QAE@PAD@Z	48	1	mmNumberFont	mmNumberFont
005332E0	??1mmNumberFont@@QAE@XZ	96	1	mmNumberFont	~mmNumberFont
00533340	?LoadFont@mmNumberFont@@QAEXPADHI@Z	112	1	mmNumberFont	LoadFont
005333B0	?LoadLocFont@mmNumberFont@@QAEXPADPAULocString@@HI@Z	112	1	mmNumberFont	LoadLocFont
00533420	??0mmNumber@@QAE@XZ	32	1	mmNumber	mmNumber
00533440	??1mmNumber@@UAE@XZ	16	1	mmNumber	~mmNumber
00533450	?Init@mmNumber@@QAEXPAVmmNumberFont@@MM@Z	32	1	mmNumber	Init
00533470	?SetString@mmNumber@@QAEXPAD@Z	48	1	mmNumber	SetString
005334A0	?Printf@mmNumber@@QAAXPBDZZ	32	1	mmNumber	Printf
005334C0	?Update@mmNumber@@UAEXXZ	32	1	mmNumber	Update
005334E0	?Cull@mmNumber@@UAEXXZ	224	1	mmNumber	Cull
005335C0	nullsub_259	16	1		nullsub_259
005335D0	??_GmmNumber@@UAEPAXI@Z	48	1	mmNumber	`scalar deleting destructor'
00533600	??0asMeshSetForm@@QAE@XZ	96	1	asMeshSetForm	asMeshSetForm
00533660	?SetShape@asMeshSetForm@@QAEXPAD0_NPAVVector3@@@Z	272	1	asMeshSetForm	SetShape
00533770	?SetZRead@asMeshSetForm@@QAEX_N@Z	32	1	asMeshSetForm	SetZRead
00533790	?SetZWrite@asMeshSetForm@@QAEX_N@Z	32	1	asMeshSetForm	SetZWrite
005337B0	?EnableLighting@asMeshSetForm@@QAEX_N@Z	32	1	asMeshSetForm	EnableLighting
005337D0	?EnableAlpha@asMeshSetForm@@QAEX_N@Z	32	1	asMeshSetForm	EnableAlpha
005337F0	?Update@asMeshSetForm@@UAEXXZ	32	1	asMeshSetForm	Update
00533810	?Cull@asMeshSetForm@@UAEXXZ	400	1	asMeshSetForm	Cull
005339A0	??_EasMeshSetForm@@UAEPAXI@Z	48	1	asMeshSetForm	`vector deleting destructor'
005339D0	??1asMeshSetForm@@UAE@XZ	16	1	asMeshSetForm	~asMeshSetForm
005339E0	??0mmVehicleForm@@QAE@XZ	192	1	mmVehicleForm	mmVehicleForm
00533AA0	??1mmVehicleForm@@UAE@XZ	176	1	mmVehicleForm	~mmVehicleForm
00533B50	?LoadAllModLOD@mmVehicleForm@@AAEXPAD@Z	160	1	mmVehicleForm	LoadAllModLOD
00533BF0	?SetShape@mmVehicleForm@@QAEXPAD00PAVVector3@@@Z	1104	1	mmVehicleForm	SetShape
00534040	?Update@mmVehicleForm@@UAEXXZ	48	1	mmVehicleForm	Update
00534070	?Cull@mmVehicleForm@@UAEXXZ	880	1	mmVehicleForm	Cull
005343E0	nullsub_56	16	1		nullsub_56
005343F0	??_GmmVehicleForm@@UAEPAXI@Z	96	1	mmVehicleForm	`scalar deleting destructor'
00534450	?Init@mmMouseSteerBar@@QAEXMMPAM@Z	128	1	mmMouseSteerBar	Init
005344D0	?Update@mmMouseSteerBar@@UAEXXZ	48	1	mmMouseSteerBar	Update
00534500	?Cull@mmMouseSteerBar@@UAEXXZ	128	1	mmMouseSteerBar	Cull
00534580	??_GmmMouseSteerBar@@UAEPAXI@Z	48	1	mmMouseSteerBar	`scalar deleting destructor'
005345B0	??0mmDamage@@QAE@XZ	16	1	mmDamage	mmDamage
005345C0	??1mmDamage@@QAE@XZ	16	1	mmDamage	~mmDamage
005345D0	?Init@mmDamage@@QAEXPAVmodStatic@@@Z	16	1	mmDamage	Init
005345E0	?Reset@mmDamage@@QAEXH@Z	16	1	mmDamage	Reset
005345F0	?Apply@mmDamage@@QAEXAAVVector3@@M@Z	16	1	mmDamage	Apply
00534600	?GetLocTime@@YAPADM@Z	176	1		GetLocTime
005346B0	?MyLoadStringA@@YGHPAUHINSTANCE__@@IPADH@Z	224	1		MyLoadStringA
00534790	?AngelReadString@@YAPAULocString@@I@Z	192	1		AngelReadString
00534850	?Path@aiMap@@QAEPAVaiPath@@H@Z	48	1	aiMap	Path
00534880	?Intersection@aiMap@@QAEPAVaiIntersection@@H@Z	48	1	aiMap	Intersection
005348B0	?Vehicle@aiMap@@QAEPAVaiVehicleAmbient@@H@Z	64	1	aiMap	Vehicle
005348F0	?Police@aiMap@@QAEPAVaiPoliceOfficer@@H@Z	80	1	aiMap	Police
00534940	?Opponent@aiMap@@QAEPAVaiRouteRacer@@H@Z	80	1	aiMap	Opponent
00534990	?CTFOpponent@aiMap@@QAEPAVaiCTFRacer@@H@Z	80	1	aiMap	CTFOpponent
005349E0	?Hookman@aiMap@@QAEPAVmcHookman@@H@Z	80	1	aiMap	Hookman
00534A30	?CableCar@aiMap@@QAEPAVaiCableCar@@H@Z	64	1	aiMap	CableCar
00534A70	?Subway@aiMap@@QAEPAVaiSubway@@H@Z	64	1	aiMap	Subway
00534AB0	?Pedestrian@aiMap@@QAEPAVaiPedestrian@@H@Z	64	1	aiMap	Pedestrian
00534AF0	?Player@aiMap@@QAEPAVaiVehiclePlayer@@H@Z	64	1	aiMap	Player
00534B30	??0aiMap@@QAE@XZ	128	1	aiMap	aiMap
00534BB0	??1aiMap@@UAE@XZ	96	1	aiMap	~aiMap
00534C10	?Clean@aiMap@@QAEXXZ	848	1	aiMap	Clean
00534F60	?InitRouting@aiMap@@QAEXXZ	96	1	aiMap	InitRouting
00534FC0	?Init@aiMap@@QAEXPAD00ABUdgStatePack@@HPAPAVvehCar@@_N@Z	3632	1	aiMap	Init
00535DF0	?SaveBinary@aiMap@@QAEXPAD0@Z	240	1	aiMap	SaveBinary
00535EE0	?ReadBinary@aiMap@@QAEXPAD0@Z	1472	1	aiMap	ReadBinary
005364A0	?MapRoadToRooms@aiMap@@AAEXPAVaiPath@@W4aiMapCompTypes@@@Z	1424	1	aiMap	MapRoadToRooms
00536A30	?Reset@aiMap@@UAEXXZ	1056	1	aiMap	Reset
00536E50	?Update@aiMap@@UAEXXZ	1472	1	aiMap	Update
00537410	?StopRoadTraffic@aiMap@@AAEX_N@Z	208	1	aiMap	StopRoadTraffic
005374E0	?UpdatePaused@aiMap@@UAEXXZ	16	1	aiMap	UpdatePaused
005374F0	?Cull@aiMap@@UAEXXZ	16	1	aiMap	Cull
00537500	?DrawNextVisibleAmbient@aiMap@@QAEXXZ	16	1	aiMap	DrawNextVisibleAmbient
00537510	?DrawX@aiMap@@QAEXAAVVector3@@@Z	16	1	aiMap	DrawX
00537520	?AllwaysGreen@aiMap@@QAEXXZ	64	1	aiMap	AllwaysGreen
00537560	?AllwaysRed@aiMap@@QAEXXZ	64	1	aiMap	AllwaysRed
005375A0	?DrawAppRoads@aiMap@@QAEXXZ	32	1	aiMap	DrawAppRoads
005375C0	?DrawMap@aiMap@@QAEXXZ	32	1	aiMap	DrawMap
005375E0	?DrawPathIds@aiMap@@QAEXXZ	32	1	aiMap	DrawPathIds
00537600	?MapComponentType@aiMap@@QAEHHPAH@Z	128	1	aiMap	MapComponentType
00537680	?MapComponent@aiMap@@QAEHABVVector3@@PAF1F@Z	304	1	aiMap	MapComponent
005377B0	?PositionToAIMapComp@aiMap@@QAEHABVVector3@@PAF11F@Z	752	1	aiMap	PositionToAIMapComp
00537AA0	?MapComponent@aiMap@@QAEHABVVector3@@PAF1FF@Z	464	1	aiMap	MapComponent
00537C70	?CoreMapComponent@aiMap@@QAEHABVVector3@@PAF1FF@Z	400	1	aiMap	CoreMapComponent
00537E00	?DetermineRoadPosInfo@aiMap@@QAEHABVMatrix34@@PAVaiRailSet@@PAFPAM23HH@Z	304	1	aiMap	DetermineRoadPosInfo
00537F30	?FindAmbAppRoad@aiMap@@QAEHH@Z	48	1	aiMap	FindAmbAppRoad
00537F60	?FindPedAppRoad@aiMap@@QAEHH@Z	48	1	aiMap	FindPedAppRoad
00537F90	?PredictIntersectionPath@aiMap@@QAEPAVaiPath@@HABVMatrix34@@HPA_N@Z	752	1	aiMap	PredictIntersectionPath
00538280	?GetPathFromID@aiMap@@QAEPAVaiPath@@H@Z	64	1	aiMap	GetPathFromID
005382C0	?PredictAmbIntersectionPath@aiMap@@QAEPAVaiPath@@HABVMatrix34@@@Z	624	1	aiMap	PredictAmbIntersectionPath
00538530	?PredictAmbFreewayIntersectionPath@aiMap@@QAEPAVaiPath@@HABVMatrix34@@@Z	784	1	aiMap	PredictAmbFreewayIntersectionPath
00538840	?Dump@aiMap@@QAEXXZ	288	1	aiMap	Dump
00538960	?NumCars@aiMap@@AAEHHMM@Z	48	1	aiMap	NumCars
00538990	?FindRoad@aiMap@@AAEHPAVCArrayList@@H@Z	64	1	aiMap	FindRoad
005389D0	?FindInt@aiMap@@AAEHPAFHH@Z	64	1	aiMap	FindInt
00538A10	?ChooseNextRandomLink@aiMap@@QAEHPAVaiRailSet@@@Z	448	1	aiMap	ChooseNextRandomLink
00538BD0	?ChooseNextLeftStraightLink@aiMap@@QAEHPAVaiRailSet@@@Z	752	1	aiMap	ChooseNextLeftStraightLink
00538EC0	?ChooseNextRightLink@aiMap@@QAEHPAVaiRailSet@@@Z	224	1	aiMap	ChooseNextRightLink
00538FA0	?ChooseNextRightStraightLink@aiMap@@QAEHPAVaiRailSet@@@Z	784	1	aiMap	ChooseNextRightStraightLink
005392B0	?ChooseNextStraightLink@aiMap@@QAEHPAVaiRailSet@@@Z	1008	1	aiMap	ChooseNextStraightLink
005396A0	?ChooseStraightLinkAt4Way@aiMap@@QAEHPAVaiRailSet@@@Z	176	1	aiMap	ChooseStraightLinkAt4Way
00539750	?ChooseNextLaneLink@aiMap@@QAEHPAVaiRailSet@@@Z	288	1	aiMap	ChooseNextLaneLink
00539870	?ChooseNextFreewayLink@aiMap@@QAEHPAVaiRailSet@@@Z	304	1	aiMap	ChooseNextFreewayLink
005399A0	?ChooseNextRightStraightFreewayLink@aiMap@@QAEHPAVaiRailSet@@@Z	128	1	aiMap	ChooseNextRightStraightFreewayLink
00539A20	?AdjustPedestrians@aiMap@@AAEXHHH@Z	720	1	aiMap	AdjustPedestrians
00539CF0	?ClearPeds@aiMap@@QAEXPAVaiPath@@@Z	64	1	aiMap	ClearPeds
00539D30	?AddPedestrian@aiMap@@QAEXPAVaiPedestrian@@@Z	64	1	aiMap	AddPedestrian
00539D70	?RemovePedestrian@aiMap@@QAEXPAVaiPedestrian@@@Z	96	1	aiMap	RemovePedestrian
00539DD0	?AdjustAmbients@aiMap@@AAEXHHH@Z	2016	1	aiMap	AdjustAmbients
0053A5B0	?AddAmbient@aiMap@@QAEXPAVaiVehicleSpline@@@Z	80	1	aiMap	AddAmbient
0053A600	?RemoveAmbient@aiMap@@QAEXPAVaiVehicleSpline@@@Z	128	1	aiMap	RemoveAmbient
0053A680	?DetRdSegBetweenInts@aiMap@@QAEPAVaiPath@@PAVaiIntersection@@0PA_N@Z	176	1	aiMap	DetRdSegBetweenInts
0053A730	?DetRdSegBetweenInts@aiMap@@QAEPAVaiPath@@HH@Z	48	1	aiMap	DetRdSegBetweenInts
0053A760	?GoodRoadForCopStartPos@aiMap@@QAEHH@Z	64	1	aiMap	GoodRoadForCopStartPos
0053A7A0	?CalcRoute@aiMap@@QAEXABVMatrix34@@ABVVector3@@1PAF2FF_N@Z	3520	1	aiMap	CalcRoute
0053B560	?AddRoutingNode@aiMap@@QAEXH@Z	112	1	aiMap	AddRoutingNode
0053B5D0	?RemoveRoutingNode@aiMap@@QAEXH@Z	112	1	aiMap	RemoveRoutingNode
0053B640	?AddPlayer@aiMap@@QAEHPAVvehCar@@@Z	192	1	aiMap	AddPlayer
0053B700	?RemovePlayer@aiMap@@QAEHPAVvehCar@@@Z	176	1	aiMap	RemovePlayer
0053B7B0	?SetWaypoints@aiMap@@QAEXPAVVector4@@HH@Z	176	1	aiMap	SetWaypoints
0053B860	?DrawFinalCheckPoint@aiMap@@QAEXXZ	16	1	aiMap	DrawFinalCheckPoint
0053B870	?TestProbes@aiMap@@QAEXH@Z	1024	1	aiMap	TestProbes
0053BC70	??_GaiMap@@UAEPAXI@Z	48	1	aiMap	`scalar deleting destructor'
0053BCA0	??_EaiVehicleAmbient@@QAEPAXI@Z	96	1	aiVehicleAmbient	`vector deleting destructor'
0053BD00	??_EaiPoliceOfficer@@QAEPAXI@Z	96	1	aiPoliceOfficer	`vector deleting destructor'
0053BD60	??_EaiRouteRacer@@QAEPAXI@Z	96	1	aiRouteRacer	`vector deleting destructor'
0053BDC0	??_EaiPedestrian@@QAEPAXI@Z	96	1	aiPedestrian	`vector deleting destructor'
0053BE20	??_EmcHookman@@QAEPAXI@Z	96	1	mcHookman	`vector deleting destructor'
0053BE80	??_ECArrayList@@QAEPAXI@Z	96	1	CArrayList	`vector deleting destructor'
0053BEE0	??_EaiSubway@@QAEPAXI@Z	96	1	aiSubway	`vector deleting destructor'
0053BF40	??_EaiCableCar@@QAEPAXI@Z	96	1	aiCableCar	`vector deleting destructor'
0053BFA0	??_EaiCTFRacer@@UAEPAXI@Z	96	1	aiCTFRacer	`vector deleting destructor'
0053C000	?Road@aiIntersection@@QAEPAVaiPath@@H@Z	48	1	aiIntersection	Road
0053C030	??0CArrayList@@QAE@XZ	16	1	CArrayList	CArrayList
0053C040	??0aiTrafficLightSet@@QAE@PAVaiIntersection@@@Z	320	1	aiTrafficLightSet	aiTrafficLightSet
0053C180	?SetFourWay@aiTrafficLightSet@@QAEXXZ	704	1	aiTrafficLightSet	SetFourWay
0053C440	??1aiTrafficLightSet@@UAE@XZ	32	1	aiTrafficLightSet	~aiTrafficLightSet
0053C460	?Reset@aiTrafficLightSet@@UAEXXZ	80	1	aiTrafficLightSet	Reset
0053C4B0	?Update@aiTrafficLightSet@@UAEXXZ	576	1	aiTrafficLightSet	Update
0053C6F0	?Init@aiTrafficLightInstance@@UAEHPADAAVVector3@@1H0@Z	624	1	aiTrafficLightInstance	Init
0053C960	?Draw@aiTrafficLightInstance@@UAEXH@Z	272	1	aiTrafficLightInstance	Draw
0053CA70	?DrawGlow@aiTrafficLightInstance@@UAEXXZ	688	1	aiTrafficLightInstance	DrawGlow
0053CD20	??_GaiTrafficLightSet@@UAEPAXI@Z	48	1	aiTrafficLightSet	`scalar deleting destructor'
0053CD50	?SizeOf@aiTrafficLightInstance@@UAEIXZ	16	1	aiTrafficLightInstance	SizeOf
0053CD60	??0aiPedAudio@@QAE@XZ	32	1	aiPedAudio	aiPedAudio
0053CD80	??1aiPedAudio@@UAE@XZ	16	1	aiPedAudio	~aiPedAudio
0053CD90	?LoadFemaleVoices@aiPedAudio@@QAE_NPAD_N@Z	112	1	aiPedAudio	LoadFemaleVoices
0053CE00	?LoadMaleVoices@aiPedAudio@@QAE_NPAD_N@Z	112	1	aiPedAudio	LoadMaleVoices
0053CE70	?SetCSVCatString@aiPedAudio@@SAXPAD@Z	48	1	aiPedAudio	SetCSVCatString
0053CEA0	?LoadNumFemaleChoices@aiPedAudio@@SAXPAD@Z	64	1	aiPedAudio	LoadNumFemaleChoices
0053CEE0	?LoadNumMaleChoices@aiPedAudio@@SAXPAD@Z	352	1	aiPedAudio	LoadNumMaleChoices
0053D040	??0aiRouteRacer@@QAE@XZ	16	1	aiRouteRacer	aiRouteRacer
0053D050	??1aiRouteRacer@@QAE@XZ	16	1	aiRouteRacer	~aiRouteRacer
0053D060	?Init@aiRouteRacer@@QAEXHPAD@Z	816	1	aiRouteRacer	Init
0053D390	?Reset@aiRouteRacer@@QAEXXZ	32	1	aiRouteRacer	Reset
0053D3B0	?Update@aiRouteRacer@@QAEXXZ	256	1	aiRouteRacer	Update
0053D4B0	?DriveRoute@aiRouteRacer@@AAEXXZ	512	1	aiRouteRacer	DriveRoute
0053D6B0	?Disabled@aiRouteRacer@@AAEXXZ	48	1	aiRouteRacer	Disabled
0053D6E0	?Finished@aiRouteRacer@@QAEHXZ	544	1	aiRouteRacer	Finished
0053D900	?DrawRouteThroughTraffic@aiRouteRacer@@QAEXXZ	16	1	aiRouteRacer	DrawRouteThroughTraffic
0053D910	??0aiPoliceOfficer@@QAE@XZ	16	1	aiPoliceOfficer	aiPoliceOfficer
0053D920	??1aiPoliceOfficer@@QAE@XZ	16	1	aiPoliceOfficer	~aiPoliceOfficer
0053D930	?Init@aiPoliceOfficer@@QAEXH@Z	368	1	aiPoliceOfficer	Init
0053DAA0	?Reset@aiPoliceOfficer@@QAEXXZ	336	1	aiPoliceOfficer	Reset
0053DBF0	?StartSiren@aiPoliceOfficer@@QAEXXZ	80	1	aiPoliceOfficer	StartSiren
0053DC40	?StopSiren@aiPoliceOfficer@@QAEXXZ	48	1	aiPoliceOfficer	StopSiren
0053DC70	?Update@aiPoliceOfficer@@QAEXXZ	864	1	aiPoliceOfficer	Update
0053DFD0	?DetectPerpetrator@aiPoliceOfficer@@AAEXXZ	720	1	aiPoliceOfficer	DetectPerpetrator
0053E2A0	?Fov@aiPoliceOfficer@@AAEHPAVvehCar@@@Z	192	1	aiPoliceOfficer	Fov
0053E360	?Speeding@aiPoliceOfficer@@AAEHPAVvehCar@@@Z	16	1	aiPoliceOfficer	Speeding
0053E370	?Collision@aiPoliceOfficer@@AAEHPAVvehCar@@@Z	32	1	aiPoliceOfficer	Collision
0053E390	?HitMe@aiPoliceOfficer@@AAEHPAVvehCar@@@Z	32	1	aiPoliceOfficer	HitMe
0053E3B0	?Stopped@aiPoliceOfficer@@AAEHPAVvehCar@@@Z	48	1	aiPoliceOfficer	Stopped
0053E3E0	?IsPerpACop@aiPoliceOfficer@@AAEHPAVvehCar@@@Z	16	1	aiPoliceOfficer	IsPerpACop
0053E3F0	?OffRoad@aiPoliceOfficer@@AAEHPAVvehCar@@@Z	16	1	aiPoliceOfficer	OffRoad
0053E400	?InPersuit@aiPoliceOfficer@@QAEHXZ	16	1	aiPoliceOfficer	InPersuit
0053E410	?FollowPerpetrator@aiPoliceOfficer@@AAEXXZ	368	1	aiPoliceOfficer	FollowPerpetrator
0053E580	?ApprehendPerpetrator@aiPoliceOfficer@@AAEXXZ	384	1	aiPoliceOfficer	ApprehendPerpetrator
0053E700	?Barricade@aiPoliceOfficer@@AAEXXZ	16	1	aiPoliceOfficer	Barricade
0053E710	?Push@aiPoliceOfficer@@AAEXXZ	848	1	aiPoliceOfficer	Push
0053EA60	?Block@aiPoliceOfficer@@AAEXXZ	1808	1	aiPoliceOfficer	Block
0053F170	?PerpEscapes@aiPoliceOfficer@@QAEX_N@Z	112	1	aiPoliceOfficer	PerpEscapes
0053F1E0	?DrawId@aiPoliceOfficer@@QAEXXZ	16	1	aiPoliceOfficer	DrawId
0053F1F0	?DrawRouteThroughTraffic@aiPoliceOfficer@@QAEXXZ	304	1	aiPoliceOfficer	DrawRouteThroughTraffic
0053F320	??0aiVehiclePlayer@@QAE@XZ	32	1	aiVehiclePlayer	aiVehiclePlayer
0053F340	??1aiVehiclePlayer@@QAE@XZ	16	1	aiVehiclePlayer	~aiVehiclePlayer
0053F350	?Attach@aiVehiclePlayer@@QAEXPAVvehCar@@@Z	16	1	aiVehiclePlayer	Attach
0053F360	?Reset@aiVehiclePlayer@@UAEXXZ	192	1	aiVehiclePlayer	Reset
0053F420	?Update@aiVehiclePlayer@@UAEXXZ	288	1	aiVehiclePlayer	Update
0053F540	?CurrentRoadIdx@aiVehiclePlayer@@UAEHPAPAVaiPath@@QA_NPAH@Z	112	1	aiVehiclePlayer	CurrentRoadIdx
0053F5B0	?CurrentRdVert@aiVehiclePlayer@@UAEHXZ	16	1	aiVehiclePlayer	CurrentRdVert
0053F5C0	?DrawId@aiVehiclePlayer@@UAEXXZ	16	1	aiVehiclePlayer	DrawId
0053F5D0	?InAccident@aiObstacle@@UAEHXZ	16	1	aiObstacle	InAccident
0053F5E0	?BreakThreshold@aiObstacle@@UAEMXZ	16	1	aiObstacle	BreakThreshold
0053F5F0	?Drivable@aiObstacle@@UAEHXZ	16	1	aiObstacle	Drivable
0053F600	?Type@aiVehiclePlayer@@UAEHXZ	16	1	aiVehiclePlayer	Type
0053F610	?Speed@aiVehiclePlayer@@UAEMXZ	16	1	aiVehiclePlayer	Speed
0053F620	?Position@aiVehiclePlayer@@UAEXAAVVector3@@@Z	48	1	aiVehiclePlayer	Position
0053F650	?GetMatrix@aiVehiclePlayer@@UAEAAVMatrix34@@XZ	16	1	aiVehiclePlayer	GetMatrix
0053F660	?FrontBumperDistance@aiVehiclePlayer@@UAEMXZ	32	1	aiVehiclePlayer	FrontBumperDistance
0053F680	?BackBumperDistance@aiVehiclePlayer@@UAEMXZ	32	1	aiVehiclePlayer	BackBumperDistance
0053F6A0	?LSideDistance@aiVehiclePlayer@@UAEMXZ	32	1	aiVehiclePlayer	LSideDistance
0053F6C0	?RSideDistance@aiVehiclePlayer@@UAEMXZ	32	1	aiVehiclePlayer	RSideDistance
0053F6E0	?CurrentLane@aiVehiclePlayer@@UAEHXZ	16	1	aiVehiclePlayer	CurrentLane
0053F6F0	?CurrentRoadId@aiVehiclePlayer@@UAEHXZ	16	1	aiVehiclePlayer	CurrentRoadId
0053F700	??0aiCableCar@@QAE@XZ	128	1	aiCableCar	aiCableCar
0053F780	??1aiCableCar@@QAE@XZ	96	1	aiCableCar	~aiCableCar
0053F7E0	?Init@aiCableCar@@QAEXPADHHF@Z	432	1	aiCableCar	Init
0053F990	?Reset@aiCableCar@@UAEXXZ	576	1	aiCableCar	Reset
0053FBD0	?Update@aiCableCar@@UAEXXZ	256	1	aiCableCar	Update
0053FCD0	?DetermineNextLink@aiCableCar@@AAE_NPAVaiPath@@PAPAV2@FPAF@Z	640	1	aiCableCar	DetermineNextLink
0053FF50	?SolvePositionAndOrientation@aiCableCar@@AAEXXZ	1584	1	aiCableCar	SolvePositionAndOrientation
00540580	?SolveVelocity@aiCableCar@@AAEXXZ	560	1	aiCableCar	SolveVelocity
005407B0	?CheckForObstacles@aiCableCar@@AAE_NPAM@Z	624	1	aiCableCar	CheckForObstacles
00540A20	?OkayToEnterIntersection@aiCableCar@@AAE_NM@Z	368	1	aiCableCar	OkayToEnterIntersection
00540B90	?DistanceToIntersection@aiCableCar@@AAEMXZ	96	1	aiCableCar	DistanceToIntersection
00540BF0	?SolveRailType@aiCableCar@@AAEXXZ	1264	1	aiCableCar	SolveRailType
005410E0	?CurrentRoadIdx@aiCableCar@@UAEHPAPAVaiPath@@QA_NPAH@Z	272	1	aiCableCar	CurrentRoadIdx
005411F0	?CurrentRdVert@aiCableCar@@UAEHXZ	32	1	aiCableCar	CurrentRdVert
00541210	?UpdateObstacleMap@aiCableCar@@AAEXXZ	704	1	aiCableCar	UpdateObstacleMap
005414D0	?DetermineSister@aiCableCar@@QAEXXZ	208	1	aiCableCar	DetermineSister
005415A0	?DrawId@aiCableCar@@UAEXXZ	16	1	aiCableCar	DrawId
005415B0	?GetMatrix@aiCableCarInstance@@UAEABVMatrix34@@AAV2@@Z	16	1	aiCableCarInstance	GetMatrix
005415C0	?SetMatrix@aiCableCarInstance@@UAEXABVMatrix34@@@Z	32	1	aiCableCarInstance	SetMatrix
005415E0	?GetVelocity@aiCableCarInstance@@UAEABVVector3@@XZ	112	1	aiCableCarInstance	GetVelocity
00541650	?GetPosition@aiCableCarInstance@@UAEABVVector3@@XZ	16	1	aiCableCarInstance	GetPosition
00541660	?SizeOf@aiCableCarInstance@@UAEIXZ	16	1	aiCableCarInstance	SizeOf
00541670	?ImpactCB@aiCableCarInstance@@UAEXPAVdgHitBangerInstance@@@Z	16	1	aiCableCarInstance	ImpactCB
00541680	?Draw@aiCableCarInstance@@UAEXH@Z	240	1	aiCableCarInstance	Draw
00541770	??LVector3@@QBE?AV0@ABV0@@Z	96	1	Vector3	operator%
005417D0	?Type@aiCableCar@@UAEHXZ	16	1	aiCableCar	Type
005417E0	?Speed@aiCableCar@@UAEMXZ	16	1	aiCableCar	Speed
005417F0	?CurrentLane@aiCableCar@@UAEHXZ	16	1	aiCableCar	CurrentLane
00541800	?FrontBumperDistance@aiCableCar@@UAEMXZ	16	1	aiCableCar	FrontBumperDistance
00541810	?BackBumperDistance@aiCableCar@@UAEMXZ	16	1	aiCableCar	BackBumperDistance
00541820	?LSideDistance@aiCableCar@@UAEMXZ	16	1	aiCableCar	LSideDistance
00541830	?RSideDistance@aiCableCar@@UAEMXZ	16	1	aiCableCar	RSideDistance
00541840	?Position@aiCableCar@@UAEXAAVVector3@@@Z	32	1	aiCableCar	Position
00541860	?GetMatrix@aiCableCar@@UAEAAVMatrix34@@XZ	16	1	aiCableCar	GetMatrix
00541870	?CurrentRoadId@aiCableCar@@UAEHXZ	16	1	aiCableCar	CurrentRoadId
00541880	??0dgUnhitBangerInstance@@QAE@XZ	32	1	dgUnhitBangerInstance	dgUnhitBangerInstance
005418A0	??1dgUnhitYBangerInstance@@QAE@XZ	16	1	dgUnhitYBangerInstance	~dgUnhitYBangerInstance
005418B0	??1dgUnhitBangerInstance@@QAE@XZ	16	1	dgUnhitBangerInstance	~dgUnhitBangerInstance
005418C0	nullsub_245	16	1		nullsub_245
005418D0	??0aiSubway@@QAE@XZ	288	1	aiSubway	aiSubway
005419F0	??1aiSubway@@QAE@XZ	144	1	aiSubway	~aiSubway
00541A80	?Init@aiSubway@@QAEXPADHHHHHPAV1@1@Z	464	1	aiSubway	Init
00541C50	?Reset@aiSubway@@UAEXXZ	784	1	aiSubway	Reset
00541F60	?Update@aiSubway@@UAEXXZ	256	1	aiSubway	Update
00542060	?DetermineNextLink@aiSubway@@AAE_NPAVaiPath@@PAPAV2@@Z	256	1	aiSubway	DetermineNextLink
00542160	?SolvePositionAndOrientation@aiSubway@@AAEXXZ	1616	1	aiSubway	SolvePositionAndOrientation
005427B0	?SolveVelocity@aiSubway@@AAEXXZ	496	1	aiSubway	SolveVelocity
005429A0	?ReverseDirection@aiSubway@@AAEXXZ	128	1	aiSubway	ReverseDirection
00542A20	?OkayToEnterIntersection@aiSubway@@AAE_NM@Z	208	1	aiSubway	OkayToEnterIntersection
00542AF0	?DistanceToIntersection@aiSubway@@AAEMXZ	160	1	aiSubway	DistanceToIntersection
00542B90	?SolveRailType@aiSubway@@AAEXXZ	2400	1	aiSubway	SolveRailType
005434F0	?CurrentRoadIdx@aiSubway@@UAEHPAPAVaiPath@@QA_NPAH@Z	272	1	aiSubway	CurrentRoadIdx
00543600	?CurrentRdVert@aiSubway@@UAEHXZ	32	1	aiSubway	CurrentRdVert
00543620	?UpdateObstacleMap@aiSubway@@AAEXXZ	560	1	aiSubway	UpdateObstacleMap
00543850	?ComputeXZCurve@aiSubway@@AAEXAAVVector3@@000@Z	464	1	aiSubway	ComputeXZCurve
00543A20	?SolveXZCurve@aiSubway@@AAEXAAVVector3@@0M@Z	176	1	aiSubway	SolveXZCurve
00543AD0	?DrawId@aiSubway@@UAEXXZ	16	1	aiSubway	DrawId
00543AE0	?GetMatrix@aiSubwayInstance@@UAEABVMatrix34@@AAV2@@Z	16	1	aiSubwayInstance	GetMatrix
00543AF0	?SetMatrix@aiSubwayInstance@@UAEXABVMatrix34@@@Z	32	1	aiSubwayInstance	SetMatrix
00543B10	?GetVelocity@aiSubwayInstance@@UAEABVVector3@@XZ	96	1	aiSubwayInstance	GetVelocity
00543B70	?GetPosition@aiSubwayInstance@@UAEABVVector3@@XZ	16	1	aiSubwayInstance	GetPosition
00543B80	?SizeOf@aiSubwayInstance@@UAEIXZ	16	1	aiSubwayInstance	SizeOf
00543B90	?ImpactCB@aiSubwayInstance@@UAEXPAVdgHitBangerInstance@@@Z	16	1	aiSubwayInstance	ImpactCB
00543BA0	?Draw@aiSubwayInstance@@UAEXH@Z	240	1	aiSubwayInstance	Draw
00543C90	?Type@aiSubway@@UAEHXZ	16	1	aiSubway	Type
00543CA0	?Speed@aiSubway@@UAEMXZ	16	1	aiSubway	Speed
00543CB0	?CurrentLane@aiSubway@@UAEHXZ	16	1	aiSubway	CurrentLane
00543CC0	?FrontBumperDistance@aiSubway@@UAEMXZ	16	1	aiSubway	FrontBumperDistance
00543CD0	?BackBumperDistance@aiSubway@@UAEMXZ	16	1	aiSubway	BackBumperDistance
00543CE0	?LSideDistance@aiSubway@@UAEMXZ	16	1	aiSubway	LSideDistance
00543CF0	?RSideDistance@aiSubway@@UAEMXZ	16	1	aiSubway	RSideDistance
00543D00	?Position@aiSubway@@UAEXAAVVector3@@@Z	32	1	aiSubway	Position
00543D20	?GetMatrix@aiSubway@@UAEAAVMatrix34@@XZ	16	1	aiSubway	GetMatrix
00543D30	?CurrentRoadId@aiSubway@@UAEHXZ	16	1	aiSubway	CurrentRoadId
00543D40	??1CArrayList@@QAE@XZ	16	1	CArrayList	~CArrayList
00543D50	?Append@CArrayList@@QAEXH@Z	96	1	CArrayList	Append
00543DB0	?SaveBinary@CArrayList@@QAEXPAVStream@@@Z	48	1	CArrayList	SaveBinary
00543DE0	?ReadBinary@CArrayList@@QAEXPAVStream@@@Z	96	1	CArrayList	ReadBinary
00543E40	??0aiPath@@QAE@H@Z	160	1	aiPath	aiPath
00543EE0	??1aiPath@@QAE@XZ	16	1	aiPath	~aiPath
00543EF0	?Reset@aiPath@@QAEXXZ	160	1	aiPath	Reset
00543F90	?ResetObstacles@aiPath@@QAEXXZ	48	1	aiPath	ResetObstacles
00543FC0	?UpdateAmbients@aiPath@@QAEXXZ	400	1	aiPath	UpdateAmbients
00544150	?UpdatePedestrians@aiPath@@QAEXXZ	208	1	aiPath	UpdatePedestrians
00544220	?ResetVehicleReactTicks@aiPath@@QAEXH@Z	112	1	aiPath	ResetVehicleReactTicks
00544290	?SidewalkSubSectionLength@aiPath@@QAEMHHF@Z	112	1	aiPath	SidewalkSubSectionLength
00544300	?SidewalkVertice@aiPath@@QAEAAVVector3@@HF@Z	80	1	aiPath	SidewalkVertice
00544350	?SaveBinary@aiPath@@QAEXPAVStream@@@Z	1056	1	aiPath	SaveBinary
00544770	?ReadBinary@aiPath@@QAEXPAVStream@@@Z	2752	1	aiPath	ReadBinary
00545230	?ReadShortcut@aiPath@@QAEXPAVStream@@H@Z	2768	1	aiPath	ReadShortcut
00545D00	?ReverseDirection@aiPath@@QAEXXZ	928	1	aiPath	ReverseDirection
005460A0	?SetCullroom@aiPath@@QAEXXZ	304	1	aiPath	SetCullroom
005461D0	?AddBangersToObsMap@aiPath@@QAEXXZ	432	1	aiPath	AddBangersToObsMap
00546380	?InitRoadTurns@aiPath@@QAEXXZ	2144	1	aiPath	InitRoadTurns
00546BE0	?CalcRoadTurns@aiPath@@QAEXAAVVector3@@_N@Z	1152	1	aiPath	CalcRoadTurns
00547060	?AddVehicle@aiPath@@QAEXPAVaiObstacle@@HH@Z	80	1	aiPath	AddVehicle
005470B0	?RemoveVehicle@aiPath@@QAEXPAVaiObstacle@@HH@Z	144	1	aiPath	RemoveVehicle
00547140	?AddBanger@aiPath@@QAEXPAVaiObstacle@@HH@Z	80	1	aiPath	AddBanger
00547190	?RemoveBanger@aiPath@@QAEXPAVaiObstacle@@HH@Z	144	1	aiPath	RemoveBanger
00547220	?AddPedestrian@aiPath@@QAEXPAVaiObstacle@@HH@Z	80	1	aiPath	AddPedestrian
00547270	?RemovePedestrian@aiPath@@QAEXPAVaiObstacle@@HH@Z	144	1	aiPath	RemovePedestrian
00547300	?AllwaysStop@aiPath@@QAEXH@Z	32	1	aiPath	AllwaysStop
00547320	?AllwaysGo@aiPath@@QAEXH@Z	32	1	aiPath	AllwaysGo
00547340	?CenterLength@aiPath@@QAEMHH@Z	32	1	aiPath	CenterLength
00547360	?SubSectionLength@aiPath@@QAEMHHH@Z	64	1	aiPath	SubSectionLength
005473A0	?GetHeading@aiPath@@QAEMMHH@Z	320	1	aiPath	GetHeading
005474E0	?SubSectionDist@aiPath@@QAEMMHH@Z	240	1	aiPath	SubSectionDist
005475D0	?CenterIndex@aiPath@@QAEHM@Z	144	1	aiPath	CenterIndex
00547660	?Position@aiPath@@QAEXMAAVVector3@@HH@Z	16	1	aiPath	Position
00547670	?CenterPosition@aiPath@@QAEXMAAVVector3@@@Z	208	1	aiPath	CenterPosition
00547740	?Index@aiPath@@QAEHMHH@Z	224	1	aiPath	Index
00547820	?Index@aiPath@@QAEHABVVector3@@@Z	224	1	aiPath	Index
00547900	?Lane@aiPath@@QAEHAAVVector3@@H@Z	336	1	aiPath	Lane
00547A50	?RemAmbPlayer@aiPath@@QAEDH@Z	96	1	aiPath	RemAmbPlayer
00547AB0	?AddAmbPlayer@aiPath@@QAEDH@Z	96	1	aiPath	AddAmbPlayer
00547B10	?RemPedPlayer@aiPath@@QAEDH@Z	96	1	aiPath	RemPedPlayer
00547B70	?AddPedPlayer@aiPath@@QAEDH@Z	96	1	aiPath	AddPedPlayer
00547BD0	?ClearPeds@aiPath@@QAEXXZ	48	1	aiPath	ClearPeds
00547C00	?ClearAmbients@aiPath@@QAEXXZ	448	1	aiPath	ClearAmbients
00547DC0	?DetermineRoadPosInfo@aiPath@@QAEXABVMatrix34@@PAFPAM121@Z	480	1	aiPath	DetermineRoadPosInfo
00547FA0	?RoadDistance@aiPath@@QAEXABVVector3@@PAFPAMF2H@Z	352	1	aiPath	RoadDistance
00548100	?IsSharpTurn@aiPath@@QAEHH_N@Z	96	1	aiPath	IsSharpTurn
00548160	?SharpTurnVertIndex@aiPath@@QAEHH_N@Z	64	1	aiPath	SharpTurnVertIndex
005481A0	?SharpTurnSetback@aiPath@@QAEMH_N@Z	48	1	aiPath	SharpTurnSetback
005481D0	?SharpTurnAngle@aiPath@@QAEMH_N@Z	48	1	aiPath	SharpTurnAngle
00548200	?SharpTurnDir@aiPath@@QAEMH_N@Z	48	1	aiPath	SharpTurnDir
00548230	?SharpTurnRadius@aiPath@@QAEMH_N@Z	48	1	aiPath	SharpTurnRadius
00548260	?SharpTurnCenter@aiPath@@QAEAAVVector3@@H_N@Z	48	1	aiPath	SharpTurnCenter
00548290	?SharpTurnIntersection@aiPath@@QAEAAVVector3@@H_N@Z	48	1	aiPath	SharpTurnIntersection
005482C0	?SharpTurnStartDir@aiPath@@QAEAAVVector3@@H_N@Z	48	1	aiPath	SharpTurnStartDir
005482F0	?SharpTurnEndDir@aiPath@@QAEAAVVector3@@H_N@Z	48	1	aiPath	SharpTurnEndDir
00548320	?Direction@aiPath@@QAE_NABVMatrix34@@@Z	80	1	aiPath	Direction
00548370	?IsPosOnRoad@aiPath@@QAEHABVVector3@@MPAM@Z	624	1	aiPath	IsPosOnRoad
005485E0	?RoadVertice@aiPath@@QAEHABVVector3@@H@Z	416	1	aiPath	RoadVertice
00548780	?RoadVertice@aiPath@@QAEHABVVector3@@HH@Z	208	1	aiPath	RoadVertice
00548850	?CenterDist@aiPath@@QAEMABVVector3@@@Z	176	1	aiPath	CenterDist
00548900	?CenterDistance@aiPath@@QAEHABVVector3@@PAFPAM2@Z	304	1	aiPath	CenterDistance
00548A30	?SubSectionPt@aiPath@@QAEXAAVVector3@@HHMH@Z	160	1	aiPath	SubSectionPt
00548AD0	?SubSectionDir@aiPath@@QAEXAAVVector3@@HMH@Z	160	1	aiPath	SubSectionDir
00548B70	?IntersectionEntryPt@aiPath@@QAEXAAVVector3@@HMH@Z	336	1	aiPath	IntersectionEntryPt
00548CC0	?IntersectionEntryVector@aiPath@@QAEXAAVVector3@@MH@Z	144	1	aiPath	IntersectionEntryVector
00548D50	?IntersectionExitVector@aiPath@@QAEXAAVVector3@@MH@Z	144	1	aiPath	IntersectionExitVector
00548DE0	?NumVehiclesAfterDist@aiPath@@QAEHHMH@Z	144	1	aiPath	NumVehiclesAfterDist
00548E70	?PopAmbVehicle@aiPath@@QAEXPAVaiVehicleSpline@@HH@Z	496	1	aiPath	PopAmbVehicle
00549060	?PushAmbVehicle@aiPath@@QAEXPAVaiVehicleSpline@@HH@Z	352	1	aiPath	PushAmbVehicle
005491C0	?AddAmbVehicle@aiPath@@QAEXPAVaiVehicleSpline@@HMH@Z	896	1	aiPath	AddAmbVehicle
00549540	?RemoveAmbVehicle@aiPath@@QAEHPAVaiVehicleSpline@@HH@Z	560	1	aiPath	RemoveAmbVehicle
00549770	?RoadCapacity@aiPath@@QAEHPAVaiVehicleSpline@@HH@Z	352	1	aiPath	RoadCapacity
005498D0	?AddPedestrian@aiPath@@QAEXPAVaiPedestrian@@@Z	64	1	aiPath	AddPedestrian
00549910	?RemovePedestrian@aiPath@@QAEXPAVaiPedestrian@@@Z	112	1	aiPath	RemovePedestrian
00549980	?HasCableCarLine@aiPath@@QAE_NH@Z	48	1	aiPath	HasCableCarLine
005499B0	?HasSubwayLine@aiPath@@QAE_NH@Z	48	1	aiPath	HasSubwayLine
005499E0	??0aiIntersection@@QAE@H@Z	32	1	aiIntersection	aiIntersection
00549A00	??1aiIntersection@@QAE@XZ	64	1	aiIntersection	~aiIntersection
00549A40	?Init@aiIntersection@@QAEXXZ	224	1	aiIntersection	Init
00549B20	?Reset@aiIntersection@@QAEXXZ	32	1	aiIntersection	Reset
00549B40	?AddRoad@aiIntersection@@QAEXPAVaiPath@@@Z	112	1	aiIntersection	AddRoad
00549BB0	?SaveBinary@aiIntersection@@QAEXPAVStream@@@Z	112	1	aiIntersection	SaveBinary
00549C20	?ReadBinary@aiIntersection@@QAEXPAVStream@@@Z	320	1	aiIntersection	ReadBinary
00549D60	?NumSources@aiIntersection@@QAEHXZ	48	1	aiIntersection	NumSources
00549D90	?NumSinks@aiIntersection@@QAEHXZ	64	1	aiIntersection	NumSinks
00549DD0	?SetFourWay@aiIntersection@@QAEXXZ	32	1	aiIntersection	SetFourWay
00549DF0	?Dump@aiIntersection@@QAEXXZ	80	1	aiIntersection	Dump
00549E40	?CreateRoadMap@aiIntersection@@QAEXXZ	464	1	aiIntersection	CreateRoadMap
0054A010	?NumOneWays@aiIntersection@@QAEHXZ	32	1	aiIntersection	NumOneWays
0054A030	?Path@aiIntersection@@QAEPAVaiPath@@H@Z	48	1	aiIntersection	Path
0054A060	?NumAvailSinks@aiIntersection@@QAEHPAVaiPath@@@Z	80	1	aiIntersection	NumAvailSinks
0054A0B0	?AddVehicle@aiIntersection@@QAEXPAVaiObstacle@@@Z	32	1	aiIntersection	AddVehicle
0054A0D0	?RemoveVehicle@aiIntersection@@QAEXPAVaiObstacle@@@Z	64	1	aiIntersection	RemoveVehicle
0054A110	?AddBanger@aiIntersection@@QAEXPAVaiObstacle@@@Z	32	1	aiIntersection	AddBanger
0054A130	?RemoveBanger@aiIntersection@@QAEXPAVaiObstacle@@@Z	64	1	aiIntersection	RemoveBanger
0054A170	?AddBangersToObsMap@aiIntersection@@QAEXXZ	176	1	aiIntersection	AddBangersToObsMap
0054A220	?IsCableCarStart@aiIntersection@@QAE_NPAHPAF@Z	144	1	aiIntersection	IsCableCarStart
0054A2B0	?IsSubwayStart@aiIntersection@@QAE_NPAH00@Z	144	1	aiIntersection	IsSubwayStart
0054A340	?IsSubwayEnd@aiIntersection@@QAE_NPAH@Z	128	1	aiIntersection	IsSubwayEnd
0054A3C0	?AddToStopSignCntl@aiIntersection@@QAEXPAVaiVehicle@@@Z	64	1	aiIntersection	AddToStopSignCntl
0054A400	?RemoveFromStopSignCntl@aiIntersection@@QAEXPAVaiVehicle@@@Z	96	1	aiIntersection	RemoveFromStopSignCntl
0054A460	?RemoveTotalFromStopSignCntl@aiIntersection@@QAEXPAVaiVehicle@@@Z	128	1	aiIntersection	RemoveTotalFromStopSignCntl
0054A4E0	?StopSignOkayToGo@aiIntersection@@QAE_NPAVaiVehicle@@@Z	192	1	aiIntersection	StopSignOkayToGo
0054A5A0	?StopSources@aiIntersection@@QAEXH@Z	96	1	aiIntersection	StopSources
0054A600	??0mcHookman@@QAE@XZ	16	1	mcHookman	mcHookman
0054A610	??1mcHookman@@QAE@XZ	16	1	mcHookman	~mcHookman
0054A620	?Init@mcHookman@@QAEXHPAD@Z	976	1	mcHookman	Init
0054A9F0	?Reset@mcHookman@@QAEXXZ	32	1	mcHookman	Reset
0054AA10	?Update@mcHookman@@QAEXXZ	304	1	mcHookman	Update
0054AB40	?DriveCircuit@mcHookman@@AAEXXZ	320	1	mcHookman	DriveCircuit
0054AC80	?DriveToHideout@mcHookman@@AAEXXZ	400	1	mcHookman	DriveToHideout
0054AE10	?ReturnToCircuit@mcHookman@@AAEXXZ	352	1	mcHookman	ReturnToCircuit
0054AF70	?DrawRouteThroughTraffic@mcHookman@@QAEXXZ	16	1	mcHookman	DrawRouteThroughTraffic
0054AF80	j_nullsub_246	16	1		j_nullsub_246
0054AF90	nullsub_246	16	1		nullsub_246
0054AFA0	??0aiPedestrian@@QAE@XZ	288	1	aiPedestrian	aiPedestrian
0054B0C0	??1aiPedestrian@@QAE@XZ	16	1	aiPedestrian	~aiPedestrian
0054B0D0	?Init@aiPedestrian@@QAEXPADHH@Z	1024	1	aiPedestrian	Init
0054B4D0	aiPedestrian_IsWoman	112	1		aiPedestrian_IsWoman
0054B540	aiPedestrian_AreStringsEqual	128	1		aiPedestrian_AreStringsEqual
0054B5C0	?Reset@aiPedestrian@@QAEXPAVaiPath@@H@Z	1024	1	aiPedestrian	Reset
0054B9C0	?Update@aiPedestrian@@QAEXXZ	1504	1	aiPedestrian	Update
0054BFA0	?PreCrossStreet@aiPedestrian@@AAEXXZ	1360	1	aiPedestrian	PreCrossStreet
0054C4F0	?CrossStreet@aiPedestrian@@AAEXXZ	512	1	aiPedestrian	CrossStreet
0054C6F0	?WaitCrossStreet@aiPedestrian@@AAEXXZ	1488	1	aiPedestrian	WaitCrossStreet
0054CCC0	?Accident@aiPedestrian@@AAEHXZ	240	1	aiPedestrian	Accident
0054CDB0	?Wander@aiPedestrian@@AAEXXZ	848	1	aiPedestrian	Wander
0054D100	?Anticipate@aiPedestrian@@AAEXXZ	2000	1	aiPedestrian	Anticipate
0054D8D0	?Avoid@aiPedestrian@@AAEXPAM@Z	3456	1	aiPedestrian	Avoid
0054E650	?TimeToCollision@aiPedestrian@@AAEMM@Z	48	1	aiPedestrian	TimeToCollision
0054E680	?DetectPlayerForwardCollision@aiPedestrian@@AAEHPAM0@Z	576	1	aiPedestrian	DetectPlayerForwardCollision
0054E8C0	?DetectPlayerAnticipate@aiPedestrian@@AAEHPAM0@Z	544	1	aiPedestrian	DetectPlayerAnticipate
0054EAE0	?RoadDistance@aiPedestrian@@AAEMXZ	1776	1	aiPedestrian	RoadDistance
0054F1D0	?SolveRoadSegment@aiPedestrian@@AAEXM@Z	320	1	aiPedestrian	SolveRoadSegment
0054F310	?SetNextRoad@aiPedestrian@@AAEPAVaiPath@@XZ	48	1	aiPedestrian	SetNextRoad
0054F340	?UpcomingAccident@aiPedestrian@@AAEHXZ	80	1	aiPedestrian	UpcomingAccident
0054F390	?PickNextRdSeg@aiPedestrian@@AAEPAVaiPath@@XZ	656	1	aiPedestrian	PickNextRdSeg
0054F620	?GetRoadToRight@aiPedestrian@@AAEPAVaiPath@@XZ	128	1	aiPedestrian	GetRoadToRight
0054F6A0	?GetRoadToLeft@aiPedestrian@@AAEPAVaiPath@@XZ	128	1	aiPedestrian	GetRoadToLeft
0054F720	?DetectPlayerCollision@aiPedestrian@@AAEHPAM@Z	224	1	aiPedestrian	DetectPlayerCollision
0054F800	?DetectBangerCollision@aiPedestrian@@AAEHPAPAVlvlInstance@@PAM@Z	512	1	aiPedestrian	DetectBangerCollision
0054FA00	?DetectPedCollision@aiPedestrian@@AAEHMPAPAV1@PAM@Z	992	1	aiPedestrian	DetectPedCollision
0054FDE0	?AvoidPlayer@aiPedestrian@@AAEXAAVVector3@@M@Z	112	1	aiPedestrian	AvoidPlayer
0054FE50	?AvoidBanger@aiPedestrian@@AAEXPAVlvlInstance@@M@Z	112	1	aiPedestrian	AvoidBanger
0054FEC0	?AvoidPedCollision@aiPedestrian@@AAEXPAV1@M@Z	208	1	aiPedestrian	AvoidPedCollision
0054FF90	?AvoidObstacle@aiPedestrian@@AAEXABVVector3@@M@Z	1136	1	aiPedestrian	AvoidObstacle
00550400	?SolveTargetPoint@aiPedestrian@@AAEXM@Z	160	1	aiPedestrian	SolveTargetPoint
005504A0	?CalcCurve@aiPedestrian@@AAEXHHM@Z	1328	1	aiPedestrian	CalcCurve
005509D0	?ComputeCurve@aiPedestrian@@AAEXAAVVector3@@000@Z	464	1	aiPedestrian	ComputeCurve
00550BA0	?SolvePosition@aiPedestrian@@AAEXAAVVector3@@M@Z	80	1	aiPedestrian	SolvePosition
00550BF0	?Reset@aiPedestrian@@QAEXXZ	16	1	aiPedestrian	Reset
00550C00	?Stop@aiPedestrian@@QAEXXZ	32	1	aiPedestrian	Stop
00550C20	?Go@aiPedestrian@@QAEXXZ	32	1	aiPedestrian	Go
00550C40	?Dump@aiPedestrian@@QAEXXZ	416	1	aiPedestrian	Dump
00550DE0	?QuickDump@aiPedestrian@@QAEXXZ	192	1	aiPedestrian	QuickDump
00550EA0	?ReplayDebug@aiPedestrian@@QAEXXZ	16	1	aiPedestrian	ReplayDebug
00550EB0	?DrawDebug@aiPedestrian@@QAEXXZ	16	1	aiPedestrian	DrawDebug
00550EC0	??0aiPoliceForce@@QAE@XZ	32	1	aiPoliceForce	aiPoliceForce
00550EE0	??1aiPoliceForce@@QAE@XZ	16	1	aiPoliceForce	~aiPoliceForce
00550EF0	?Reset@aiPoliceForce@@QAEXXZ	64	1	aiPoliceForce	Reset
00550F30	?Update@aiPoliceForce@@QAEXXZ	16	1	aiPoliceForce	Update
00550F40	?Find@aiPoliceForce@@QAEHPAVvehCar@@0@Z	96	1	aiPoliceForce	Find
00550FA0	?RegisterPerp@aiPoliceForce@@QAEHPAVvehCar@@0@Z	160	1	aiPoliceForce	RegisterPerp
00551040	?UnRegisterCop@aiPoliceForce@@QAEHPAVvehCar@@0@Z	224	1	aiPoliceForce	UnRegisterCop
00551120	?State@aiPoliceForce@@QAEHPAVvehCar@@0M@Z	544	1	aiPoliceForce	State
00551340	??0aiVehicleAmbient@@QAE@XZ	48	1	aiVehicleAmbient	aiVehicleAmbient
00551370	??1aiVehicleAmbient@@QAE@XZ	16	1	aiVehicleAmbient	~aiVehicleAmbient
00551380	?Init@aiVehicleAmbient@@QAEXPADH@Z	416	1	aiVehicleAmbient	Init
00551520	?Reset@aiVehicleAmbient@@UAEXXZ	224	1	aiVehicleAmbient	Reset
00551600	?Update@aiVehicleAmbient@@UAEXXZ	848	1	aiVehicleAmbient	Update
00551950	?ReplayDebug@aiVehicleAmbient@@UAEXXZ	112	1	aiVehicleAmbient	ReplayDebug
005519C0	?Impact@aiVehicleAmbient@@UAEXH@Z	160	1	aiVehicleAmbient	Impact
00551A60	?DrawId@aiVehicleAmbient@@UAEXXZ	16	1	aiVehicleAmbient	DrawId
00551A70	?DrawBBox@aiVehicleAmbient@@QAEXF@Z	16	1	aiVehicleAmbient	DrawBBox
00551A80	?Dump@aiVehicleAmbient@@QAEXXZ	352	1	aiVehicleAmbient	Dump
00551BE0	?CurrentLane@aiVehicleSpline@@UAEHXZ	16	1	aiVehicleSpline	CurrentLane
00551BF0	?CurrentRoadId@aiVehicleSpline@@UAEHXZ	16	1	aiVehicleSpline	CurrentRoadId
00551C00	?FrontBumperDistance@aiVehicleSpline@@UAEMXZ	16	1	aiVehicleSpline	FrontBumperDistance
00551C10	?BackBumperDistance@aiVehicleSpline@@UAEMXZ	16	1	aiVehicleSpline	BackBumperDistance
00551C20	?LSideDistance@aiVehicleSpline@@UAEMXZ	16	1	aiVehicleSpline	LSideDistance
00551C30	?RSideDistance@aiVehicleSpline@@UAEMXZ	16	1	aiVehicleSpline	RSideDistance
00551C40	?Position@aiVehicleSpline@@UAEXAAVVector3@@@Z	48	1	aiVehicleSpline	Position
00551C70	?Speed@aiVehicleSpline@@UAEMXZ	16	1	aiVehicleSpline	Speed
00551C80	?GetMatrix@aiVehicleSpline@@UAEAAVMatrix34@@XZ	16	1	aiVehicleSpline	GetMatrix
00551C90	?GetAudImpactPtr@aiVehicleSpline@@UAEPAVAudImpact@@XZ	16	1	aiVehicleSpline	GetAudImpactPtr
00551CA0	?PlayHorn@aiVehicleSpline@@UAEXMM@Z	16	1	aiVehicleSpline	PlayHorn
00551CB0	?StopVoice@aiVehicleSpline@@UAEXXZ	16	1	aiVehicleSpline	StopVoice
00551CC0	?Type@aiVehicleAmbient@@UAEHXZ	208	1	aiVehicleAmbient	Type
00551D90	??0aiVehicleInstance@@QAE@PAVaiVehicleSpline@@PAD@Z	640	1	aiVehicleInstance	aiVehicleInstance
00552010	?InitBreakable@aiVehicleInstance@@AAE_NPBD0H@Z	240	1	aiVehicleInstance	InitBreakable
00552100	?Reset@aiVehicleInstance@@UAEXXZ	16	1	aiVehicleInstance	Reset
00552110	?SetColor@aiVehicleInstance@@QAEXXZ	80	1	aiVehicleInstance	SetColor
00552160	?Draw@aiVehicleInstance@@UAEXH@Z	1808	1	aiVehicleInstance	Draw
00552870	?DrawPart@aiVehicleInstance@@QAEXAAVmodStatic@@ABVMatrix34@@PAVmodShader@@H@Z	192	1	aiVehicleInstance	DrawPart
00552930	?DrawGlow@aiVehicleInstance@@UAEXXZ	896	1	aiVehicleInstance	DrawGlow
00552CB0	?DrawReflected@aiVehicleInstance@@UAEXM@Z	16	1	aiVehicleInstance	DrawReflected
00552CC0	?DrawShadow@aiVehicleInstance@@UAEXXZ	624	1	aiVehicleInstance	DrawShadow
00552F30	?DrawShadowMap@aiVehicleInstance@@UAEXXZ	16	1	aiVehicleInstance	DrawShadowMap
00552F40	?GetBound@aiVehicleInstance@@UAEPBVphBound@@H@Z	16	1	aiVehicleInstance	GetBound
00552F50	?GetEntity@aiVehicleInstance@@UAEPAVdgPhysEntity@@XZ	48	1	aiVehicleInstance	GetEntity
00552F80	?Detach@aiVehicleInstance@@UAEXXZ	48	1	aiVehicleInstance	Detach
00552FB0	?AttachEntity@aiVehicleInstance@@UAEPAVdgPhysEntity@@XZ	96	1	aiVehicleInstance	AttachEntity
00553010	?SetMatrix@aiVehicleInstance@@UAEXABVMatrix34@@@Z	16	1	aiVehicleInstance	SetMatrix
00553020	?GetMatrix@aiVehicleInstance@@UAEABVMatrix34@@AAV2@@Z	16	1	aiVehicleInstance	GetMatrix
00553030	?GetPosition@aiVehicleInstance@@UAEABVVector3@@XZ	48	1	aiVehicleInstance	GetPosition
00553060	?SizeOf@aiVehicleInstance@@UAEIXZ	16	1	aiVehicleInstance	SizeOf
00553070	??0aiVehicleActive@@QAE@XZ	320	1	aiVehicleActive	aiVehicleActive
005531B0	??1aiVehicleActive@@UAE@XZ	224	1	aiVehicleActive	~aiVehicleActive
00553290	?Reset@aiVehicleActive@@QAEXXZ	16	1	aiVehicleActive	Reset
005532A0	?Impact@aiVehicleActive@@SAXPAV1@PAUImpactCBData@@@Z	400	1	aiVehicleActive	Impact
00553430	?GetInst@aiVehicleActive@@UAEPAVlvlInstance@@XZ	16	1	aiVehicleActive	GetInst
00553440	?Attach@aiVehicleActive@@QAEXPAVaiVehicleInstance@@@Z	592	1	aiVehicleActive	Attach
00553690	?DetachMe@aiVehicleActive@@UAEXXZ	32	1	aiVehicleActive	DetachMe
005536B0	?Detach@aiVehicleActive@@QAEXXZ	480	1	aiVehicleActive	Detach
00553890	?Update@aiVehicleActive@@UAEXXZ	208	1	aiVehicleActive	Update
00553960	?PostUpdate@aiVehicleActive@@UAEXXZ	128	1	aiVehicleActive	PostUpdate
005539E0	?BottomedOut@aiVehicleActive@@QAEHXZ	64	1	aiVehicleActive	BottomedOut
00553A20	?RequiresTerrainCollision@aiVehicleActive@@UAE_NXZ	256	1	aiVehicleActive	RequiresTerrainCollision
00553B20	?UpdateDamage@aiVehicleActive@@QAEXXZ	16	1	aiVehicleActive	UpdateDamage
00553B30	??0aiVehicleManager@@QAE@XZ	240	1	aiVehicleManager	aiVehicleManager
00553C20	??1aiVehicleManager@@UAE@XZ	192	1	aiVehicleManager	~aiVehicleManager
00553CE0	?Init@aiVehicleManager@@QAEXPAD@Z	128	1	aiVehicleManager	Init
00553D60	?Reset@aiVehicleManager@@UAEXXZ	96	1	aiVehicleManager	Reset
00553DC0	?Attach@aiVehicleManager@@QAEPAVaiVehicleActive@@PAVaiVehicleInstance@@@Z	112	1	aiVehicleManager	Attach
00553E30	?Detach@aiVehicleManager@@QAEXPAVaiVehicleActive@@@Z	112	1	aiVehicleManager	Detach
00553EA0	?Update@aiVehicleManager@@UAEXXZ	224	1	aiVehicleManager	Update
00553F80	?GetData@aiVehicleInstance@@QAEPAVaiVehicleData@@XZ	32	1	aiVehicleInstance	GetData
00553FA0	?AddVehicleDataEntry@aiVehicleManager@@QAEHPAD@Z	576	1	aiVehicleManager	AddVehicleDataEntry
005541E0	?SaveEntry@aiVehicleManager@@QAEXXZ	336	1	aiVehicleManager	SaveEntry
00554330	??_GaiVehicleActive@@UAEPAXI@Z	48	1	aiVehicleActive	`scalar deleting destructor'
00554360	??1vehWheelCheap@@UAE@XZ	16	1	vehWheelCheap	~vehWheelCheap
00554370	??_GaiVehicleManager@@UAEPAXI@Z	48	1	aiVehicleManager	`scalar deleting destructor'
005543A0	??1aiVehicleData@@UAE@XZ	16	1	aiVehicleData	~aiVehicleData
005543B0	?GetICS@aiVehicleActive@@UAEPAVphInertialCS@@XZ	16	1	aiVehicleActive	GetICS
005543C0	??0aiCTFRacer@@QAE@XZ	80	1	aiCTFRacer	aiCTFRacer
00554410	??1aiCTFRacer@@UAE@XZ	96	1	aiCTFRacer	~aiCTFRacer
00554470	?Init@aiCTFRacer@@QAEXHPAD@Z	160	1	aiCTFRacer	Init
00554510	?Reset@aiCTFRacer@@QAEXXZ	64	1	aiCTFRacer	Reset
00554550	?DropFlag@aiCTFRacer@@QAEXHPBM@Z	48	1	aiCTFRacer	DropFlag
00554580	?Update@aiCTFRacer@@QAEXXZ	160	1	aiCTFRacer	Update
00554620	?ReleaseFlag@aiCTFRacer@@QAEXXZ	16	1	aiCTFRacer	ReleaseFlag
00554630	?PickupFlag@aiCTFRacer@@QAEXXZ	16	1	aiCTFRacer	PickupFlag
00554640	?PreAquireFlag@aiCTFRacer@@AAEXXZ	416	1	aiCTFRacer	PreAquireFlag
005547E0	?AquireFlag@aiCTFRacer@@AAEXXZ	432	1	aiCTFRacer	AquireFlag
00554990	?PreDeliverFlag@aiCTFRacer@@AAEXXZ	368	1	aiCTFRacer	PreDeliverFlag
00554B00	?DeliverFlag@aiCTFRacer@@AAEXXZ	256	1	aiCTFRacer	DeliverFlag
00554C00	?DrawRouteThroughTraffic@aiCTFRacer@@QAEXXZ	16	1	aiCTFRacer	DrawRouteThroughTraffic
00554C10	??_GaiCTFRacer@@UAEPAXI@Z	48	1	aiCTFRacer	`scalar deleting destructor'
00554C40	??0aiRaceData@@QAE@PAD0PBUdgStatePack@@@Z	3056	1	aiRaceData	aiRaceData
00555830	??1aiRaceData@@UAE@XZ	160	1	aiRaceData	~aiRaceData
005558D0	?SaveData@aiRaceData@@QAEXXZ	720	1	aiRaceData	SaveData
00555BA0	??_GaiRaceData@@UAEPAXI@Z	48	1	aiRaceData	`scalar deleting destructor'
00555BD0	??0aiCityData@@QAE@PAD0@Z	1296	1	aiCityData	aiCityData
005560E0	??1aiCityData@@UAE@XZ	208	1	aiCityData	~aiCityData
005561B0	??_GaiCityData@@UAEPAXI@Z	48	1	aiCityData	`scalar deleting destructor'
005561E0	??0aiVehicle@@QAE@XZ	16	1	aiVehicle	aiVehicle
005561F0	??1aiVehicle@@QAE@XZ	16	1	aiVehicle	~aiVehicle
00556200	?Init@aiVehicle@@QAEXH@Z	16	1	aiVehicle	Init
00556210	?Reset@aiVehicle@@UAEXXZ	32	1	aiVehicle	Reset
00556230	?Update@aiVehicle@@UAEXXZ	32	1	aiVehicle	Update
00556250	?PreAvoid@aiVehicle@@UAEXABVVector3@@0MAAV2@1@Z	1536	1	aiVehicle	PreAvoid
00556850	?IsBlockingTarget@aiVehicle@@UAEMABVVector3@@0MM@Z	1200	1	aiVehicle	IsBlockingTarget
00556D00	?ReplayDebug@aiVehicle@@UAEXXZ	48	1	aiVehicle	ReplayDebug
00556D30	j_nullsub_247	16	1		j_nullsub_247
00556D40	nullsub_247	16	1		nullsub_247
00556D50	??0aiRailSet@@QAE@XZ	192	1	aiRailSet	aiRailSet
00556E10	??1aiRailSet@@QAE@XZ	16	1	aiRailSet	~aiRailSet
00556E20	?Reset@aiRailSet@@QAEXXZ	64	1	aiRailSet	Reset
00556E60	?CalcRailPosition@aiRailSet@@QAEXAAVVector3@@M@Z	2368	1	aiRailSet	CalcRailPosition
005577A0	?CalcRailPosOrient@aiRailSet@@QAEXAAVVector3@@0M@Z	2768	1	aiRailSet	CalcRailPosOrient
00558270	?SolveTurnType@aiRailSet@@QAEHPAVaiPath@@0@Z	384	1	aiRailSet	SolveTurnType
005583F0	?CalcXZPosition@aiRailSet@@QAEXAAVVector3@@0000M@Z	496	1	aiRailSet	CalcXZPosition
005585E0	?CalcXZDirection@aiRailSet@@QAEXAAVVector3@@0000M@Z	416	1	aiRailSet	CalcXZDirection
00558780	?CalcXZPosOrient@aiRailSet@@QAEXAAVVector3@@00000M@Z	528	1	aiRailSet	CalcXZPosOrient
00558990	?ComputeXZCurve@aiRailSet@@QAEXAAVVector3@@000@Z	432	1	aiRailSet	ComputeXZCurve
00558B40	?ComputeXZCurve@aiRailSet@@QAEXAAVVector3@@000AAVVector4@@1@Z	448	1	aiRailSet	ComputeXZCurve
00558D00	?SolveXZCurve@aiRailSet@@QAEXAAVVector3@@0M@Z	128	1	aiRailSet	SolveXZCurve
00558D80	?SolveXZPosition@aiRailSet@@QAEXAAVVector3@@M@Z	64	1	aiRailSet	SolveXZPosition
00558DC0	?Dump@aiRailSet@@QAEXXZ	496	1	aiRailSet	Dump
00558FB0	?ReplayDebug@aiRailSet@@QAEXXZ	752	1	aiRailSet	ReplayDebug
005592A0	??0aiVehiclePhysics@@QAE@XZ	160	1	aiVehiclePhysics	aiVehiclePhysics
00559340	??0aiRouteNode@@QAE@XZ	16	1	aiRouteNode	aiRouteNode
00559350	?Reset@aiRouteNode@@QAEXXZ	48	1	aiRouteNode	Reset
00559380	??1aiVehiclePhysics@@QAE@XZ	96	1	aiVehiclePhysics	~aiVehiclePhysics
005593E0	?Init@aiVehiclePhysics@@QAEXHPADFH@Z	960	1	aiVehiclePhysics	Init
005597A0	?Reset@aiVehiclePhysics@@UAEXXZ	256	1	aiVehiclePhysics	Reset
005598A0	?RegisterRoute@aiVehiclePhysics@@QAEXPAFFABVVector3@@1HMM_N22222MMMM@Z	3280	1	aiVehiclePhysics	RegisterRoute
0055A570	?Mirror@aiVehiclePhysics@@QAEXPAVvehCar@@@Z	464	1	aiVehiclePhysics	Mirror
0055A740	?DestMapComponent@aiVehiclePhysics@@AAEXABVVector3@@PAF1@Z	416	1	aiVehiclePhysics	DestMapComponent
0055A8E0	?CheckForShortcut@aiVehiclePhysics@@AAEXXZ	16	1	aiVehiclePhysics	CheckForShortcut
0055A8F0	?DriveRoute@aiVehiclePhysics@@QAEXH@Z	480	1	aiVehiclePhysics	DriveRoute
0055AAD0	?CurrentRoadIdx@aiVehiclePhysics@@UAEHPAPAVaiPath@@QA_NPAH@Z	128	1	aiVehiclePhysics	CurrentRoadIdx
0055AB50	?InitShortcut@aiVehiclePhysics@@AAEXXZ	144	1	aiVehiclePhysics	InitShortcut
0055ABE0	?Shortcut@aiVehiclePhysics@@AAEXXZ	448	1	aiVehiclePhysics	Shortcut
0055ADA0	?Stop@aiVehiclePhysics@@AAEXXZ	224	1	aiVehiclePhysics	Stop
0055AE80	?InitForward@aiVehiclePhysics@@AAEXXZ	208	1	aiVehiclePhysics	InitForward
0055AF50	?Forward@aiVehiclePhysics@@AAEXXZ	1200	1	aiVehiclePhysics	Forward
0055B400	?InitBackup@aiVehiclePhysics@@AAEXXZ	96	1	aiVehiclePhysics	InitBackup
0055B460	?Backup@aiVehiclePhysics@@AAEXXZ	336	1	aiVehiclePhysics	Backup
0055B5B0	?FinishedBackingUp@aiVehiclePhysics@@AAEXXZ	176	1	aiVehiclePhysics	FinishedBackingUp
0055B660	?CalcSpeed@aiVehiclePhysics@@AAEXXZ	464	1	aiVehiclePhysics	CalcSpeed
0055B830	?CalcRoadSpeed@aiVehiclePhysics@@AAEXXZ	2128	1	aiVehiclePhysics	CalcRoadSpeed
0055C080	?CheckDistance@aiVehiclePhysics@@AAEMH@Z	32	1	aiVehiclePhysics	CheckDistance
0055C0A0	?SolveRoadTargetPoint@aiVehiclePhysics@@AAEXXZ	224	1	aiVehiclePhysics	SolveRoadTargetPoint
0055C180	?SolveShortcutTargetPoint@aiVehiclePhysics@@AAEXXZ	912	1	aiVehiclePhysics	SolveShortcutTargetPoint
0055C510	?PlanRoute@aiVehiclePhysics@@AAEHXZ	656	1	aiVehiclePhysics	PlanRoute
0055C7A0	?StopRoadTraffic@aiVehiclePhysics@@QAEX_N@Z	192	1	aiVehiclePhysics	StopRoadTraffic
0055C860	?LocateWayPtFromInt@aiVehiclePhysics@@AAEHH@Z	1248	1	aiVehiclePhysics	LocateWayPtFromInt
0055CD40	?LocateWayPtFromRoad@aiVehiclePhysics@@AAEHPAVaiPath@@@Z	3248	1	aiVehiclePhysics	LocateWayPtFromRoad
0055D9F0	?CalcRoute@aiVehiclePhysics@@AAEXXZ	464	1	aiVehiclePhysics	CalcRoute
0055DBC0	?DetermineBestRoute@aiVehiclePhysics@@AAEXXZ	336	1	aiVehiclePhysics	DetermineBestRoute
0055DD10	?EnumRoutes@aiVehiclePhysics@@AAEXH@Z	944	1	aiVehiclePhysics	EnumRoutes
0055E0C0	?CalcObstacleAvoidPoints@aiVehiclePhysics@@AAEHPAVaiObstacle@@HHPAVVector3@@PAPAV2@PAF3@Z	1040	1	aiVehiclePhysics	CalcObstacleAvoidPoints
0055E4D0	?EnumTargets@aiVehiclePhysics@@AAEXAAVVector3@@PAVaiObstacle@@HHHHHHPAV2@PAPAV3@PAF4PAH@Z	1920	1	aiVehiclePhysics	EnumTargets
0055EC50	?CalcSharpTurnTarget@aiVehiclePhysics@@AAEHAAHHAAVVector3@@@Z	2992	1	aiVehiclePhysics	CalcSharpTurnTarget
0055F800	?SaveTurnTarget@aiVehiclePhysics@@AAEXHH@Z	432	1	aiVehiclePhysics	SaveTurnTarget
0055F9B0	?InitRoadTurns@aiVehiclePhysics@@AAEXXZ	432	1	aiVehiclePhysics	InitRoadTurns
0055FB60	?CalcRoadTurns@aiVehiclePhysics@@AAEXXZ	1360	1	aiVehiclePhysics	CalcRoadTurns
005600B0	?CalcTurnIntersection@aiVehiclePhysics@@AAEMH@Z	2128	1	aiVehiclePhysics	CalcTurnIntersection
00560900	?CalcCurrentMaxWidthAdjustment@aiVehiclePhysics@@AAEMH@Z	592	1	aiVehiclePhysics	CalcCurrentMaxWidthAdjustment
00560B50	?CalcCurrentRdOffset@aiVehiclePhysics@@AAEMH@Z	624	1	aiVehiclePhysics	CalcCurrentRdOffset
00560DC0	?CalcNextMaxWidthAdjustment@aiVehiclePhysics@@AAEMH@Z	608	1	aiVehiclePhysics	CalcNextMaxWidthAdjustment
00561020	?CalcNextRdOffset@aiVehiclePhysics@@AAEMH@Z	624	1	aiVehiclePhysics	CalcNextRdOffset
00561290	?InSharpTurn@aiVehiclePhysics@@AAEHH@Z	1120	1	aiVehiclePhysics	InSharpTurn
005616F0	?SaveTarget@aiVehiclePhysics@@AAEXHAAVVector3@@PAVaiObstacle@@AAFH2@Z	608	1	aiVehiclePhysics	SaveTarget
00561950	?ContinueCheck@aiVehiclePhysics@@AAEXH@Z	384	1	aiVehiclePhysics	ContinueCheck
00561AD0	?CalcDestinationTarget@aiVehiclePhysics@@AAEXHAAVVector3@@@Z	7680	1	aiVehiclePhysics	CalcDestinationTarget
005638D0	?SetTargetPtToDestination@aiVehiclePhysics@@AAEXH@Z	656	1	aiVehiclePhysics	SetTargetPtToDestination
00563B60	?CalcRoadTarget@aiVehiclePhysics@@AAEXHAAVVector3@@@Z	14032	1	aiVehiclePhysics	CalcRoadTarget
00567230	?IsTargetBlocked@aiVehiclePhysics@@AAEPAVaiObstacle@@AAVVector3@@0HHHHMPAH@Z	1424	1	aiVehiclePhysics	IsTargetBlocked
005677C0	?DrawId@aiVehiclePhysics@@UAEXXZ	16	1	aiVehiclePhysics	DrawId
005677D0	?DrawRouteThroughTraffic@aiVehiclePhysics@@QAEXXZ	16	1	aiVehiclePhysics	DrawRouteThroughTraffic
005677E0	?DrawTurn@aiVehiclePhysics@@QAEXH@Z	16	1	aiVehiclePhysics	DrawTurn
005677F0	?Dump@aiVehiclePhysics@@QAEXXZ	304	1	aiVehiclePhysics	Dump
00567920	?ReplayDebug@aiRouteNode@@QAEXXZ	176	1	aiRouteNode	ReplayDebug
005679D0	?ReplayDebug@aiVehiclePhysics@@UAEXXZ	432	1	aiVehiclePhysics	ReplayDebug
00567B80	??1aiStuck@@UAE@XZ	16	1	aiStuck	~aiStuck
00567B90	?Type@aiVehiclePhysics@@UAEHXZ	16	1	aiVehiclePhysics	Type
00567BA0	?CurrentLane@aiVehiclePhysics@@UAEHXZ	16	1	aiVehiclePhysics	CurrentLane
00567BB0	?CurrentRdVert@aiVehiclePhysics@@UAEHXZ	16	1	aiVehiclePhysics	CurrentRdVert
00567BC0	?FrontBumperDistance@aiVehiclePhysics@@UAEMXZ	16	1	aiVehiclePhysics	FrontBumperDistance
00567BD0	?BackBumperDistance@aiVehiclePhysics@@UAEMXZ	16	1	aiVehiclePhysics	BackBumperDistance
00567BE0	?LSideDistance@aiVehiclePhysics@@UAEMXZ	16	1	aiVehiclePhysics	LSideDistance
00567BF0	?RSideDistance@aiVehiclePhysics@@UAEMXZ	16	1	aiVehiclePhysics	RSideDistance
00567C00	?Speed@aiVehiclePhysics@@UAEMXZ	16	1	aiVehiclePhysics	Speed
00567C10	?Position@aiVehiclePhysics@@UAEXAAVVector3@@@Z	48	1	aiVehiclePhysics	Position
00567C40	?GetMatrix@aiVehiclePhysics@@UAEAAVMatrix34@@XZ	16	1	aiVehiclePhysics	GetMatrix
00567C50	?CurrentRoadId@aiVehiclePhysics@@UAEHXZ	416	1	aiVehiclePhysics	CurrentRoadId
00567DF0	??0aiVehicleSpline@@QAE@XZ	192	1	aiVehicleSpline	aiVehicleSpline
00567EB0	??1aiVehicleSpline@@QAE@XZ	128	1	aiVehicleSpline	~aiVehicleSpline
00567F30	?Init@aiVehicleSpline@@QAEXPADH@Z	288	1	aiVehicleSpline	Init
00568050	?Reset@aiVehicleSpline@@UAEXXZ	176	1	aiVehicleSpline	Reset
00568100	?Update@aiVehicleSpline@@UAEXXZ	128	1	aiVehicleSpline	Update
00568180	?ResetReactTicks@aiVehicleSpline@@QAEXXZ	64	1	aiVehicleSpline	ResetReactTicks
005681C0	?CurrentRoadIdx@aiVehicleSpline@@UAEHPAPAVaiPath@@QA_NPAH@Z	560	1	aiVehicleSpline	CurrentRoadIdx
005683F0	?CurrentRdVert@aiVehicleSpline@@UAEHXZ	32	1	aiVehicleSpline	CurrentRdVert
00568410	?UpdateObstacleMap@aiVehicleSpline@@QAEXXZ	4768	1	aiVehicleSpline	UpdateObstacleMap
005696B0	?DetectPlayerForwardCollision@aiVehicleSpline@@QAEHH@Z	256	1	aiVehicleSpline	DetectPlayerForwardCollision
005697B0	?DetectPlayerTargetPtCollision@aiVehicleSpline@@QAEHH@Z	384	1	aiVehicleSpline	DetectPlayerTargetPtCollision
00569930	?DetectPlayerCollision@aiVehicleSpline@@QAEHH@Z	400	1	aiVehicleSpline	DetectPlayerCollision
00569AC0	?DetectPlayerZoneCollision@aiVehicleSpline@@QAEHH@Z	496	1	aiVehicleSpline	DetectPlayerZoneCollision
00569CB0	?IsThePlayerInFrontOfMe@aiVehicleSpline@@QAEHH@Z	288	1	aiVehicleSpline	IsThePlayerInFrontOfMe
00569DD0	?IsAmbientBlockingPlayer@aiVehicleSpline@@QAEHH@Z	240	1	aiVehicleSpline	IsAmbientBlockingPlayer
00569EC0	?AvoidPlayerCollision@aiVehicleSpline@@QAEXH@Z	176	1	aiVehicleSpline	AvoidPlayerCollision
00569F70	?InAccident@aiVehicleSpline@@UAEHXZ	16	1	aiVehicleSpline	InAccident
00569F80	?WaitTime@aiVehicleSpline@@QAEHXZ	32	1	aiVehicleSpline	WaitTime
00569FA0	?TotLength@aiVehicleSpline@@QAEMXZ	16	1	aiVehicleSpline	TotLength
00569FB0	?Impact@aiVehicleSpline@@UAEXH@Z	16	1	aiVehicleSpline	Impact
00569FC0	?DistanceToVehicle@aiVehicleSpline@@QAEMPAV1@@Z	768	1	aiVehicleSpline	DistanceToVehicle
0056A2C0	?DistanceToIntersection@aiVehicleSpline@@QAEMXZ	160	1	aiVehicleSpline	DistanceToIntersection
0056A360	?Dump@aiVehicleSpline@@QAEXXZ	400	1	aiVehicleSpline	Dump
0056A4F0	?DrawId@aiVehicleSpline@@UAEXXZ	16	1	aiVehicleSpline	DrawId
0056A500	?ReplayDebug@aiVehicleSpline@@UAEXXZ	512	1	aiVehicleSpline	ReplayDebug
0056A700	?Type@aiVehicleSpline@@UAEHXZ	16	1	aiVehicleSpline	Type
0056A710	??0aiBanger@@QAE@PAVlvlInstance@@HH@Z	48	1	aiBanger	aiBanger
0056A740	??1aiBanger@@QAE@XZ	16	1	aiBanger	~aiBanger
0056A750	?Radius@aiBanger@@QAEMXZ	48	1	aiBanger	Radius
0056A780	?BreakThreshold@aiBanger@@UAEMXZ	16	1	aiBanger	BreakThreshold
0056A790	?Drivable@aiBanger@@UAEHXZ	32	1	aiBanger	Drivable
0056A7B0	?Position@aiBanger@@UAEXAAVVector3@@@Z	208	1	aiBanger	Position
0056A880	?CurrentRoadIdx@aiBanger@@UAEHPAPAVaiPath@@QA_NPAH@Z	336	1	aiBanger	CurrentRoadIdx
0056A9D0	?CurrentRdVert@aiBanger@@UAEHXZ	96	1	aiBanger	CurrentRdVert
0056AA30	?PreAvoid@aiBanger@@UAEXABVVector3@@0MAAV2@1@Z	304	1	aiBanger	PreAvoid
0056AB60	?IsBlockingTarget@aiBanger@@UAEMABVVector3@@0MM@Z	384	1	aiBanger	IsBlockingTarget
0056ACE0	?Draw@aiBanger@@QAEXXZ	16	1	aiBanger	Draw
0056ACF0	?Speed@aiBanger@@UAEMXZ	16	1	aiBanger	Speed
0056AD00	??0aiGoalAvoidPlayer@@QAE@PAVaiRailSet@@PAVaiVehicleAmbient@@@Z	48	1	aiGoalAvoidPlayer	aiGoalAvoidPlayer
0056AD30	??1aiGoalAvoidPlayer@@QAE@XZ	16	1	aiGoalAvoidPlayer	~aiGoalAvoidPlayer
0056AD40	?Init@aiGoalAvoidPlayer@@UAEXXZ	16	1	aiGoalAvoidPlayer	Init
0056AD50	?Reset@aiGoalAvoidPlayer@@UAEXXZ	512	1	aiGoalAvoidPlayer	Reset
0056AF50	?Update@aiGoalAvoidPlayer@@UAEXXZ	688	1	aiGoalAvoidPlayer	Update
0056B200	?AvoidPlayer@aiGoalAvoidPlayer@@AAEXXZ	752	1	aiGoalAvoidPlayer	AvoidPlayer
0056B4F0	?Context@aiGoalAvoidPlayer@@QAEHXZ	32	1	aiGoalAvoidPlayer	Context
0056B510	?Priority@aiGoalAvoidPlayer@@QAEHXZ	16	1	aiGoalAvoidPlayer	Priority
0056B520	?Dump@aiGoalAvoidPlayer@@QAEXXZ	80	1	aiGoalAvoidPlayer	Dump
0056B570	?ReplayDebug@aiGoalAvoidPlayer@@QAEXXZ	352	1	aiGoalAvoidPlayer	ReplayDebug
0056B6D0	?Update@aiGoal@@UAEXXZ	16	1	aiGoal	Update
0056B6E0	??0aiGoalRegainRail@@QAE@PAVaiRailSet@@PAVaiVehicleAmbient@@@Z	48	1	aiGoalRegainRail	aiGoalRegainRail
0056B710	??1aiGoalRegainRail@@QAE@XZ	16	1	aiGoalRegainRail	~aiGoalRegainRail
0056B720	?Init@aiGoalRegainRail@@UAEXXZ	48	1	aiGoalRegainRail	Init
0056B750	?Reset@aiGoalRegainRail@@UAEXXZ	1584	1	aiGoalRegainRail	Reset
0056BD80	?Update@aiGoalRegainRail@@UAEXXZ	384	1	aiGoalRegainRail	Update
0056BF00	?Dump@aiGoalRegainRail@@QAEXXZ	96	1	aiGoalRegainRail	Dump
0056BF60	?ReplayDebug@aiGoalRegainRail@@QAEXXZ	352	1	aiGoalRegainRail	ReplayDebug
0056C0C0	??0aiGoalRandomDrive@@QAE@PAVaiRailSet@@PAVaiVehicleSpline@@@Z	192	1	aiGoalRandomDrive	aiGoalRandomDrive
0056C180	??1aiGoalRandomDrive@@QAE@XZ	16	1	aiGoalRandomDrive	~aiGoalRandomDrive
0056C190	?Init@aiGoalRandomDrive@@UAEXXZ	32	1	aiGoalRandomDrive	Init
0056C1B0	?Reset@aiGoalRandomDrive@@UAEXXZ	2624	1	aiGoalRandomDrive	Reset
0056CBF0	?Update@aiGoalRandomDrive@@UAEXXZ	464	1	aiGoalRandomDrive	Update
0056CDC0	?Context@aiGoalRandomDrive@@QAEHXZ	32	1	aiGoalRandomDrive	Context
0056CDE0	?Priority@aiGoalRandomDrive@@QAEHXZ	16	1	aiGoalRandomDrive	Priority
0056CDF0	?SolveVelocity@aiGoalRandomDrive@@AAEXXZ	2048	1	aiGoalRandomDrive	SolveVelocity
0056D5F0	?UpcomingAccident@aiGoalRandomDrive@@AAEHXZ	176	1	aiGoalRandomDrive	UpcomingAccident
0056D6A0	?SpeedLimit@aiGoalRandomDrive@@AAEMXZ	80	1	aiGoalRandomDrive	SpeedLimit
0056D6F0	?OkayToEnterIntersection@aiGoalRandomDrive@@AAEHM@Z	432	1	aiGoalRandomDrive	OkayToEnterIntersection
0056D8A0	?AnyVehiclesComingThisWay@aiGoalRandomDrive@@AAEHXZ	640	1	aiGoalRandomDrive	AnyVehiclesComingThisWay
0056DB20	?AvoidCollision@aiGoalRandomDrive@@AAEXPAVaiVehicleSpline@@M@Z	576	1	aiGoalRandomDrive	AvoidCollision
0056DD60	?SolvePosition@aiGoalRandomDrive@@QAEXAAVVector3@@M@Z	80	1	aiGoalRandomDrive	SolvePosition
0056DDB0	?SolveRailType@aiGoalRandomDrive@@AAE_NXZ	4000	1	aiGoalRandomDrive	SolveRailType
0056ED50	?SolveLane@aiGoalRandomDrive@@AAEXXZ	272	1	aiGoalRandomDrive	SolveLane
0056EE60	?ChangeLanes@aiGoalRandomDrive@@AAEXXZ	1376	1	aiGoalRandomDrive	ChangeLanes
0056F3C0	?Dump@aiGoalRandomDrive@@QAEXXZ	48	1	aiGoalRandomDrive	Dump
0056F3F0	?ReplayDebug@aiGoalRandomDrive@@QAEXXZ	352	1	aiGoalRandomDrive	ReplayDebug
0056F550	??0aiGoalCollision@@QAE@PAVaiRailSet@@PAVaiVehicleSpline@@@Z	48	1	aiGoalCollision	aiGoalCollision
0056F580	??1aiGoalCollision@@QAE@XZ	16	1	aiGoalCollision	~aiGoalCollision
0056F590	?Init@aiGoalCollision@@UAEXXZ	16	1	aiGoalCollision	Init
0056F5A0	?Reset@aiGoalCollision@@UAEXXZ	16	1	aiGoalCollision	Reset
0056F5B0	?Update@aiGoalCollision@@UAEXXZ	112	1	aiGoalCollision	Update
0056F620	?Context@aiGoalCollision@@QAEHXZ	32	1	aiGoalCollision	Context
0056F640	?Priority@aiGoalCollision@@QAEHXZ	304	1	aiGoalCollision	Priority
0056F770	??0aiVehicleData@@QAE@XZ	32	1	aiVehicleData	aiVehicleData
0056F790	?SetFricElas@aiVehicleData@@QAEXXZ	48	1	aiVehicleData	SetFricElas
0056F7C0	?FileIO@aiVehicleData@@UAEXAAVdatParser@@@Z	336	1	aiVehicleData	FileIO
0056F910	??_GaiVehicleData@@UAEPAXI@Z	48	1	aiVehicleData	`scalar deleting destructor'
0056F940	?GetClassName@aiVehicleData@@UAEPADXZ	16	1	aiVehicleData	GetClassName
0056F950	?GetDirName@aiVehicleData@@UAEPBDXZ	16	1	aiVehicleData	GetDirName
0056F960	??0aiStuck@@QAE@XZ	144	1	aiStuck	aiStuck
0056F9F0	?Init@aiStuck@@QAEXPAVvehCar@@@Z	32	1	aiStuck	Init
0056FA10	?Impact@aiStuck@@QAEXXZ	16	1	aiStuck	Impact
0056FA20	?Reset@aiStuck@@UAEXXZ	16	1	aiStuck	Reset
0056FA30	?Pegged@aiStuck@@QAEHXZ	112	1	aiStuck	Pegged
0056FAA0	?Update@aiStuck@@UAEXXZ	448	1	aiStuck	Update
0056FC60	??_GaiStuck@@UAEPAXI@Z	112	1	aiStuck	`scalar deleting destructor'
0056FCD0	??0asNetwork@@QAE@XZ	160	1	asNetwork	asNetwork
0056FD70	??1asNetwork@@QAE@XZ	80	1	asNetwork	~asNetwork
0056FDC0	?Initialize@asNetwork@@QAEHHHH@Z	96	1	asNetwork	Initialize
0056FE20	?InitializeLobby@asNetwork@@QAEHHH@Z	112	1	asNetwork	InitializeLobby
0056FE90	?WaitForLobbyConnection@asNetwork@@QAEXH@Z	96	1	asNetwork	WaitForLobbyConnection
0056FEF0	?JoinLobbySession@asNetwork@@QAEHXZ	496	1	asNetwork	JoinLobbySession
005700E0	?SendLobbyProperty@asNetwork@@QAEXPAXH@Z	224	1	asNetwork	SendLobbyProperty
005701C0	?Logout@asNetwork@@QAEXXZ	256	1	asNetwork	Logout
005702C0	?Deallocate@asNetwork@@QAEXXZ	64	1	asNetwork	Deallocate
00570300	?CreateInterface@asNetwork@@QAEHXZ	32	1	asNetwork	CreateInterface
00570320	?GetNetworkCaps@asNetwork@@QAEHXZ	176	1	asNetwork	GetNetworkCaps
005703D0	?GetProtocols@asNetwork@@QAEXXZ	48	1	asNetwork	GetProtocols
00570400	?SetProtocol@asNetwork@@QAEHHPAUNETCOMMPACK@@@Z	864	1	asNetwork	SetProtocol
00570760	?SetProtocol@asNetwork@@QAEHH@Z	272	1	asNetwork	SetProtocol
00570870	?Disconnect@asNetwork@@QAEXXZ	80	1	asNetwork	Disconnect
005708C0	?GetEnumProtocol@asNetwork@@QAEPADH@Z	48	1	asNetwork	GetEnumProtocol
005708F0	?GetNumProtocols@asNetwork@@QAEHXZ	16	1	asNetwork	GetNumProtocols
00570900	?CreatePlayer@asNetwork@@QAEHPADPAXH@Z	192	1	asNetwork	CreatePlayer
005709C0	?DestroyPlayer@asNetwork@@QAEXXZ	64	1	asNetwork	DestroyPlayer
00570A00	?BootPlayer@asNetwork@@QAEXH@Z	48	1	asNetwork	BootPlayer
00570A30	?GetPlayers@asNetwork@@QAEHPAU_GUID@@@Z	48	1	asNetwork	GetPlayers
00570A60	?GetEnumPlayer@asNetwork@@QAEPADH@Z	48	1	asNetwork	GetEnumPlayer
00570A90	?GetPlayerID@asNetwork@@QAEKH@Z	64	1	asNetwork	GetPlayerID
00570AD0	?GetNumPlayers@asNetwork@@QAEHXZ	192	1	asNetwork	GetNumPlayers
00570B90	?GetPlayerName@asNetwork@@QAEPADK@Z	208	1	asNetwork	GetPlayerName
00570C60	?GetPlayerName@asNetwork@@QAEHKPAD@Z	272	1	asNetwork	GetPlayerName
00570D70	?SetPlayerData@asNetwork@@QAEXKPAXH@Z	160	1	asNetwork	SetPlayerData
00570E10	?GetEnumPlayerData@asNetwork@@QAEHHPAXH@Z	208	1	asNetwork	GetEnumPlayerData
00570EE0	?GetPlayerData@asNetwork@@QAEHKPAXH@Z	176	1	asNetwork	GetPlayerData
00570F90	?Ping@asNetwork@@QAEKK@Z	224	1	asNetwork	Ping
00571070	?CreateSession@asNetwork@@QAEHPAD0HPAUNETSESSION_DESC@@@Z	256	1	asNetwork	CreateSession
00571170	?JoinSession@asNetwork@@QAEHPADPAU_GUID@@0@Z	992	1	asNetwork	JoinSession
00571550	?CloseSession@asNetwork@@QAEXXZ	64	1	asNetwork	CloseSession
00571590	?GetEnumSession@asNetwork@@QAEPADH@Z	48	1	asNetwork	GetEnumSession
005715C0	?GetEnumSessionID@asNetwork@@QAEHH@Z	48	1	asNetwork	GetEnumSessionID
005715F0	?GetNumSessions@asNetwork@@QAEHXZ	16	1	asNetwork	GetNumSessions
00571600	?SealSession@asNetwork@@QAEXXZ	256	1	asNetwork	SealSession
00571700	?UnSealSession@asNetwork@@QAEXXZ	256	1	asNetwork	UnSealSession
00571800	?GetSessionData@asNetwork@@QAEXPAUNETSESSION_DESC@@@Z	224	1	asNetwork	GetSessionData
005718E0	?SetSessionData@asNetwork@@QAEXPAUNETSESSION_DESC@@PAD@Z	288	1	asNetwork	SetSessionData
00571A00	?GetSessionsSynch@asNetwork@@QAEHH@Z	176	1	asNetwork	GetSessionsSynch
00571AB0	?GetSessionsAsynch@asNetwork@@QAEXXZ	96	1	asNetwork	GetSessionsAsynch
00571B10	?StopSessionsAsynch@asNetwork@@QAEXXZ	128	1	asNetwork	StopSessionsAsynch
00571B90	?PollLobby@asNetwork@@QAEHXZ	160	1	asNetwork	PollLobby
00571C30	?Update@asNetwork@@QAEHXZ	288	1	asNetwork	Update
00571D50	?HandleAppMessage@asNetwork@@QAEXPAUNET_TXHEAD@@KK@Z	64	1	asNetwork	HandleAppMessage
00571D90	?HandleSysMessage@asNetwork@@QAEXPAUDPMSG_GENERIC@@@Z	768	1	asNetwork	HandleSysMessage
00572090	?GetMessageQueue@asNetwork@@QAEXKKAAI0H@Z	80	1	asNetwork	GetMessageQueue
005720E0	?DumpRxQueueInfo@asNetwork@@QAEXXZ	32	1	asNetwork	DumpRxQueueInfo
00572100	?DumpTxQueueInfo@asNetwork@@QAEXXZ	32	1	asNetwork	DumpTxQueueInfo
00572120	?ChatMessage@asNetwork@@QAEXKPAD@Z	224	1	asNetwork	ChatMessage
00572200	?Send@asNetwork@@QAEHKHPAXKH@Z	496	1	asNetwork	Send
005723F0	?GetMyLogicalIndex@asNetwork@@QAEHXZ	64	1	asNetwork	GetMyLogicalIndex
00572430	?GetGameVersion@asNetwork@@QAEHH@Z	48	1	asNetwork	GetGameVersion
00572460	?GetEnumSessionStatus@asNetwork@@QAEHH@Z	48	1	asNetwork	GetEnumSessionStatus
00572490	?GetEnumSessionLock@asNetwork@@QAEHH@Z	48	1	asNetwork	GetEnumSessionLock
005724C0	?SetEnumSessionLock@asNetwork@@QAEXHH@Z	32	1	asNetwork	SetEnumSessionLock
005724E0	?SetTime@asNetwork@@QAEXM@Z	32	1	asNetwork	SetTime
00572500	?GetTime@asNetwork@@QAEMXZ	64	1	asNetwork	GetTime
00572540	?GetTicks@asNetwork@@QAEMXZ	64	1	asNetwork	GetTicks
00572580	?EnumSessionCallback@@YGHPBUDPSESSIONDESC2@@PAKKPAX@Z	192	1		EnumSessionCallback
00572640	?EnumConnectionsCallback@@YGHPBU_GUID@@PAXKPBUDPNAME@@K1@Z	144	1		EnumConnectionsCallback
005726D0	?EnumPlayersCallback@@YGHKKPBUDPNAME@@KPAX@Z	96	1		EnumPlayersCallback
00572730	?JoinSession@asNetwork@@QAEHHPAD@Z	128	1	asNetwork	JoinSession
005727B0	?GetNumModems@asNetwork@@QAEHXZ	16	1	asNetwork	GetNumModems
005727C0	?GetEnumModem@asNetwork@@QAEPADH@Z	48	1	asNetwork	GetEnumModem
005727F0	?QueryModems@asNetwork@@QAEHXZ	304	1	asNetwork	QueryModems
00572920	?EnumModemAddress@@YGHABU_GUID@@KPBXPAX@Z	112	1		EnumModemAddress
00572990	??0netScoreInfo@@QAE@XZ	32	1	netScoreInfo	netScoreInfo
005729B0	??0netZoneScore@@QAE@XZ	16	1	netZoneScore	netZoneScore
005729C0	??1netZoneScore@@QAE@XZ	16	1	netZoneScore	~netZoneScore
005729D0	?Init@netZoneScore@@QAE_NU_GUID@@PAUIDirectPlayLobby3@@@Z	96	1	netZoneScore	Init
00572A30	?SendGameSettings@netZoneScore@@QAEXPAD@Z	112	1	netZoneScore	SendGameSettings
00572AA0	?SendGameStart@netZoneScore@@QAEXXZ	48	1	netZoneScore	SendGameStart
00572AD0	?SendGameStartStaging@netZoneScore@@QAEXXZ	48	1	netZoneScore	SendGameStartStaging
00572B00	?SendGameEnd@netZoneScore@@QAEXXZ	80	1	netZoneScore	SendGameEnd
00572B50	?InitResults@netZoneScore@@QAEXH_N@Z	144	1	netZoneScore	InitResults
00572BE0	??0asNetObject@@QAE@XZ	32	1	asNetObject	asNetObject
00572C00	??1asNetObject@@UAE@XZ	16	1	asNetObject	~asNetObject
00572C10	?Update@asNetObject@@UAEXXZ	16	1	asNetObject	Update
00572C20	??_GasNetObject@@UAEPAXI@Z	48	1	asNetObject	`scalar deleting destructor'
00572C50	?zipAutoInit@@YAXXZ	208	1		zipAutoInit
00572D20	?zipMultiAutoInit@@YAXPBD@Z	608	1		zipMultiAutoInit
00572F80	?Read@zipHandle@@QAEHPAXH@Z	256	1	zipHandle	Read
00573080	?Seek@zipHandle@@QAEHHW4seekWhence@@@Z	288	1	zipHandle	Seek
005731A0	?zipOpen@zipFile@@SAHPBD_N@Z	80	1	zipFile	zipOpen
005731F0	?zipCreate@zipFile@@SAHPBD@Z	32	1	zipFile	zipCreate
00573210	?zipRead@zipFile@@SAHHPAXH@Z	32	1	zipFile	zipRead
00573230	?zipWrite@zipFile@@SAHHPBXH@Z	32	1	zipFile	zipWrite
00573250	?zipSeek@zipFile@@SAHHHW4seekWhence@@@Z	32	1	zipFile	zipSeek
00573270	?zipClose@zipFile@@SAHH@Z	48	1	zipFile	zipClose
005732A0	?zipEnumFiles@zipFile@@SAHPBDP6AX0_NPAX@Z2@Z	64	1	zipFile	zipEnumFiles
005732E0	?zipSize@zipFile@@SAHH@Z	32	1	zipFile	zipSize
00573300	??0zipFile@@QAE@XZ	32	1	zipFile	zipFile
00573320	??1zipFile@@QAE@XZ	64	1	zipFile	~zipFile
00573360	?KillAll@zipFile@@SAXXZ	48	1	zipFile	KillAll
00573390	?internalSeek@zipFile@@AAEHH@Z	128	1	zipFile	internalSeek
00573410	?internalRead@zipFile@@AAEHPAXH_N@Z	112	1	zipFile	internalRead
00573480	?Init@zipFile@@QAE_NPBD@Z	1536	1	zipFile	Init
00573A80	?Open@zipFile@@QAEHPBD@Z	224	1	zipFile	Open
00573B60	?EnumFiles@zipFile@@QAEHPBDP6AX0_NPAX@Z2@Z	256	1	zipFile	EnumFiles
00573C60	_inflateReset	80	1		_inflateReset
00573CB0	_inflateEnd	80	1		_inflateEnd
00573D00	_inflateInit2_	288	1		_inflateInit2_
00573E20	_inflateInit_	32	1		_inflateInit_
00573E40	_inflate	1072	1		_inflate
00574270	_inflateSetDictionary	144	1		_inflateSetDictionary
00574300	_inflateSync	224	1		_inflateSync
005743E0	_inflateSyncPoint	48	1		_inflateSyncPoint
00574410	_adler32	320	1		_adler32
00574550	_zlibVersion	16	1		_zlibVersion
00574560	_zError	32	1		_zError
00574580	?zcalloc@@YAPAXPAXII@Z	32	1		zcalloc
005745A0	?zcfree@@YAXPAX0@Z	32	1		zcfree
005745C0	?inflate_blocks_reset@@YAXPAUinflate_blocks_state@@PAUz_stream_s@@PAK@Z	128	1		inflate_blocks_reset
00574640	?inflate_blocks_new@@YAPAUinflate_blocks_state@@PAUz_stream_s@@P6AKKPBEI@ZI@Z	176	1		inflate_blocks_new
005746F0	?inflate_blocks@@YAHPAUinflate_blocks_state@@PAUz_stream_s@@H@Z	3152	1		inflate_blocks
00575340	?inflate_blocks_free@@YAHPAUinflate_blocks_state@@PAUz_stream_s@@@Z	64	1		inflate_blocks_free
00575380	?inflate_set_dictionary@@YAXPAUinflate_blocks_state@@PBEI@Z	64	1		inflate_set_dictionary
005753C0	?inflate_blocks_sync_point@@YAHPAUinflate_blocks_state@@@Z	16	1		inflate_blocks_sync_point
005753D0	?inflate_codes_new@@YAPAUinflate_codes_state@@IIPAUinflate_huft_s@@0PAUz_stream_s@@@Z	64	1		inflate_codes_new
00575410	?inflate_codes@@YAHPAUinflate_blocks_state@@PAUz_stream_s@@H@Z	1824	1		inflate_codes
00575B30	?inflate_codes_free@@YAXPAUinflate_codes_state@@PAUz_stream_s@@@Z	32	1		inflate_codes_free
00575B50	?inflate_trees_bits@@YAHPAI0PAPAUinflate_huft_s@@PAU1@PAUz_stream_s@@@Z	1232	1		inflate_trees_bits
00576020	?inflate_trees_dynamic@@YAHIIPAI00PAPAUinflate_huft_s@@1PAU1@PAUz_stream_s@@@Z	400	1		inflate_trees_dynamic
005761B0	?inflate_trees_fixed@@YAHPAI0PAPAUinflate_huft_s@@1PAUz_stream_s@@@Z	48	1		inflate_trees_fixed
005761E0	?inflate_flush@@YAHPAUinflate_blocks_state@@PAUz_stream_s@@H@Z	320	1		inflate_flush
00576320	?inflate_fast@@YAHIIPAUinflate_huft_s@@0PAUinflate_blocks_state@@PAUz_stream_s@@@Z	896	1		inflate_fast
005766A0	?LogAllocations@memMemoryAllocator@@SAXH@Z	16	1	memMemoryAllocator	LogAllocations
005766B0	?FindHeap@memMemoryAllocator@@SAPAV1@PAX@Z	64	1	memMemoryAllocator	FindHeap
005766F0	??0memMemoryAllocator@@QAE@XZ	48	1	memMemoryAllocator	memMemoryAllocator
00576720	??1memMemoryAllocator@@QAE@XZ	16	1	memMemoryAllocator	~memMemoryAllocator
00576730	?Init@memMemoryAllocator@@QAEXPAXI_N1@Z	96	1	memMemoryAllocator	Init
00576790	?Kill@memMemoryAllocator@@QAEXXZ	16	1	memMemoryAllocator	Kill
005767A0	?Allocate@memMemoryAllocator@@QAEPAXI_N@Z	640	1	memMemoryAllocator	Allocate
00576A20	?CheckPointer@memMemoryAllocator@@QAEXPAX@Z	96	1	memMemoryAllocator	CheckPointer
00576A80	?Free@memMemoryAllocator@@QAEXPAX_N@Z	336	1	memMemoryAllocator	Free
00576BD0	?Unlink@memMemoryAllocator@@AAEXPAUnode@1@@Z	96	1	memMemoryAllocator	Unlink
00576C30	?Link@memMemoryAllocator@@AAEXPAUnode@1@@Z	80	1	memMemoryAllocator	Link
00576C80	?Reallocate@memMemoryAllocator@@QAEPAXPAXI@Z	96	1	memMemoryAllocator	Reallocate
00576CE0	?VerifyBlock@memMemoryAllocator@@AAEXPAX@Z	48	1	memMemoryAllocator	VerifyBlock
00576D10	?GetStats@memMemoryAllocator@@QAEXPAUmemMemStats@@_N@Z	160	1	memMemoryAllocator	GetStats
00576DB0	?SanityCheck@memMemoryAllocator@@QAEXXZ	368	1	memMemoryAllocator	SanityCheck
00576F20	?HeapAssert@@YAHPAXHPADH@Z	256	1		HeapAssert
00577020	?CopyHeap@memMemoryAllocator@@QAE_NPAV1@@Z	80	1	memMemoryAllocator	CopyHeap
00577070	?CompareHeap@memMemoryAllocator@@QAEIPAV1@@Z	256	1	memMemoryAllocator	CompareHeap
00577170	?DisplayUsed@memMemoryAllocator@@SAXPBD@Z	104	1	memMemoryAllocator	DisplayUsed
005771D8	get_heapsize	8	1		get_heapsize
005771E0	??0memSafeHeap@@QAE@XZ	17	1	memSafeHeap	memSafeHeap
005771F1	get_checkalloc	15	1		get_checkalloc
00577200	??1memSafeHeap@@QAE@XZ	16	1	memSafeHeap	~memSafeHeap
00577210	?Init@memSafeHeap@@QAEXPAVmemMemoryAllocator@@I_N11@Z	112	1	memSafeHeap	Init
00577280	?Restart@memSafeHeap@@QAEXXZ	48	1	memSafeHeap	Restart
005772B0	?Kill@memSafeHeap@@QAEXXZ	48	1	memSafeHeap	Kill
005772E0	?Activate@memSafeHeap@@IAEXXZ	80	1	memSafeHeap	Activate
00577330	?Deactivate@memSafeHeap@@IAEXXZ	48	1	memSafeHeap	Deactivate
00577360	??2@YAPAXI@Z	32	1		operator new
00577380	??3@YAXPAX@Z	32	1		operator delete
005773A0	??_U@YAPAXI@Z	32	1		operator new[]
005773C0	??_V@YAXPAX@Z	80	1		operator delete[]
00577410	??0gizBridge@@QAE@XZ	128	1	gizBridge	gizBridge
00577490	??1gizBridge@@QAE@XZ	96	1	gizBridge	~gizBridge
005774F0	?Reset@gizBridge@@UAEXXZ	64	1	gizBridge	Reset
00577530	?Init@gizBridge@@QAEXPADABVMatrix34@@@Z	240	1	gizBridge	Init
00577620	?Reposition@gizBridge@@AAEXXZ	176	1	gizBridge	Reposition
005776D0	?Update@gizBridge@@QAEXXZ	576	1	gizBridge	Update
00577910	?Trigger@gizBridge@@QAE_NXZ	48	1	gizBridge	Trigger
00577940	?Cull@gizBridge@@QAEXH@Z	16	1	gizBridge	Cull
00577950	??0gizBridgeMgr@@QAE@XZ	96	1	gizBridgeMgr	gizBridgeMgr
005779B0	??1gizBridgeMgr@@UAE@XZ	144	1	gizBridgeMgr	~gizBridgeMgr
00577A40	?Reset@gizBridgeMgr@@UAEXXZ	48	1	gizBridgeMgr	Reset
00577A70	?Init@gizBridgeMgr@@QAE_NPAD00@Z	1312	1	gizBridgeMgr	Init
00577F90	?Update@gizBridgeMgr@@UAEXXZ	96	1	gizBridgeMgr	Update
00577FF0	?Cull@gizBridgeMgr@@UAEXXZ	240	1	gizBridgeMgr	Cull
005780E0	?CheckProximity@gizBridgeMgr@@AAE_NPAVgizBridge@@@Z	128	1	gizBridgeMgr	CheckProximity
00578160	?GetBridges@gizBridgeMgr@@QAEPAVgizBridge@@H@Z	32	1	gizBridgeMgr	GetBridges
00578180	?AddProximityTrigger@gizBridgeMgr@@QAEXPAVVector3@@@Z	32	1	gizBridgeMgr	AddProximityTrigger
005781A0	j_??1lvlInstance@@QAE@XZ_2	16	1		j_??1lvlInstance@@QAE@XZ_2
005781B0	??_GgizBridgeMgr@@UAEPAXI@Z	48	1	gizBridgeMgr	`scalar deleting destructor'
005781E0	??_EgizBridge@@QAEPAXI@Z	96	1	gizBridge	`vector deleting destructor'
00578240	?Draw@gizBridge@@UAEXH@Z	16	1	gizBridge	Draw
00578250	?SizeOf@gizBridge@@UAEIXZ	16	1	gizBridge	SizeOf
00578260	??0gizSailboat@@QAE@XZ	80	1	gizSailboat	gizSailboat
005782B0	??1gizSailboat@@QAE@XZ	112	1	gizSailboat	~gizSailboat
00578320	?Reset@gizSailboat@@UAEXXZ	16	1	gizSailboat	Reset
00578330	?Init@gizSailboat@@QAEXPADPAVdgPath@@@Z	224	1	gizSailboat	Init
00578410	?Update@gizSailboat@@QAEXXZ	128	1	gizSailboat	Update
00578490	?SetSpeed@gizSailboat@@QAEXM@Z	32	1	gizSailboat	SetSpeed
005784B0	??0gizSailboatMgr@@QAE@XZ	112	1	gizSailboatMgr	gizSailboatMgr
00578520	??1gizSailboatMgr@@UAE@XZ	160	1	gizSailboatMgr	~gizSailboatMgr
005785C0	?Reset@gizSailboatMgr@@UAEXXZ	48	1	gizSailboatMgr	Reset
005785F0	?Init@gizSailboatMgr@@QAE_NPAD00@Z	384	1	gizSailboatMgr	Init
00578770	?Update@gizSailboatMgr@@UAEXXZ	48	1	gizSailboatMgr	Update
005787A0	?ApplyTuning@gizSailboatMgr@@AAEXXZ	96	1	gizSailboatMgr	ApplyTuning
00578800	??_GgizSailboatMgr@@UAEPAXI@Z	48	1	gizSailboatMgr	`scalar deleting destructor'
00578830	??_EgizSailboat@@QAEPAXI@Z	96	1	gizSailboat	`vector deleting destructor'
00578890	?SizeOf@gizSailboat@@UAEIXZ	16	1	gizSailboat	SizeOf
005788A0	??0gizTrainCar@@QAE@XZ	32	1	gizTrainCar	gizTrainCar
005788C0	??1gizTrainCar@@QAE@XZ	112	1	gizTrainCar	~gizTrainCar
00578930	?Reset@gizTrainCar@@QAEXH@Z	64	1	gizTrainCar	Reset
00578970	?Init@gizTrainCar@@QAEXPADPAVdgPath@@M@Z	192	1	gizTrainCar	Init
00578A30	?Update@gizTrainCar@@QAEXM@Z	240	1	gizTrainCar	Update
00578B20	?IsFirstStop@gizTrainCar@@QAE_NXZ	16	1	gizTrainCar	IsFirstStop
00578B30	?IsLastStop@gizTrainCar@@QAE_NXZ	32	1	gizTrainCar	IsLastStop
00578B50	??0gizTrain@@QAE@XZ	112	1	gizTrain	gizTrain
00578BC0	??1gizTrain@@QAE@XZ	96	1	gizTrain	~gizTrain
00578C20	?Reset@gizTrain@@QAEXXZ	64	1	gizTrain	Reset
00578C60	?Init@gizTrain@@QAEXPADPAVdgPath@@@Z	96	1	gizTrain	Init
00578CC0	?CalcTrainAccel@gizTrain@@QAEXXZ	16	1	gizTrain	CalcTrainAccel
00578CD0	?Update@gizTrain@@QAEXXZ	544	1	gizTrain	Update
00578EF0	?InStation@gizTrain@@QAE_NXZ	32	1	gizTrain	InStation
00578F10	??0gizTrainMgr@@QAE@XZ	80	1	gizTrainMgr	gizTrainMgr
00578F60	??1gizTrainMgr@@UAE@XZ	144	1	gizTrainMgr	~gizTrainMgr
00578FF0	?Reset@gizTrainMgr@@UAEXXZ	48	1	gizTrainMgr	Reset
00579020	?Init@gizTrainMgr@@QAE_NPAD00@Z	336	1	gizTrainMgr	Init
00579170	?Update@gizTrainMgr@@UAEXXZ	64	1	gizTrainMgr	Update
005791B0	?ApplyTuning@gizTrainMgr@@AAEXXZ	16	1	gizTrainMgr	ApplyTuning
005791C0	??_GgizTrainMgr@@UAEPAXI@Z	48	1	gizTrainMgr	`scalar deleting destructor'
005791F0	??_EgizTrain@@QAEPAXI@Z	96	1	gizTrain	`vector deleting destructor'
00579250	?SizeOf@gizTrainCar@@UAEIXZ	16	1	gizTrainCar	SizeOf
00579260	??0gizFerry@@QAE@XZ	112	1	gizFerry	gizFerry
005792D0	??1gizFerry@@QAE@XZ	128	1	gizFerry	~gizFerry
00579350	?Reset@gizFerry@@UAEXXZ	80	1	gizFerry	Reset
005793A0	?Init@gizFerry@@QAEXPADPAVdgPath@@@Z	192	1	gizFerry	Init
00579460	?Update@gizFerry@@QAEXXZ	192	1	gizFerry	Update
00579520	?SetSpeed@gizFerry@@QAEXM@Z	32	1	gizFerry	SetSpeed
00579540	?Cull@gizFerry@@QAEXH@Z	16	1	gizFerry	Cull
00579550	??0gizFerryMgr@@QAE@XZ	112	1	gizFerryMgr	gizFerryMgr
005795C0	??1gizFerryMgr@@UAE@XZ	144	1	gizFerryMgr	~gizFerryMgr
00579650	?Reset@gizFerryMgr@@UAEXXZ	48	1	gizFerryMgr	Reset
00579680	?Init@gizFerryMgr@@QAE_NPAD00@Z	336	1	gizFerryMgr	Init
005797D0	?Update@gizFerryMgr@@UAEXXZ	80	1	gizFerryMgr	Update
00579820	?Cull@gizFerryMgr@@UAEXXZ	240	1	gizFerryMgr	Cull
00579910	?ApplyTuning@gizFerryMgr@@AAEXXZ	96	1	gizFerryMgr	ApplyTuning
00579970	??_GgizFerryMgr@@UAEPAXI@Z	48	1	gizFerryMgr	`scalar deleting destructor'
005799A0	??_EgizFerry@@QAEPAXI@Z	96	1	gizFerry	`vector deleting destructor'
00579A00	?Draw@gizFerry@@UAEXH@Z	16	1	gizFerry	Draw
00579A10	?SizeOf@gizFerry@@UAEIXZ	16	1	gizFerry	SizeOf
00579A20	??0gizParkedCarMgr@@QAE@XZ	96	1	gizParkedCarMgr	gizParkedCarMgr
00579A80	??1gizParkedCarMgr@@UAE@XZ	96	1	gizParkedCarMgr	~gizParkedCarMgr
00579AE0	?Reset@gizParkedCarMgr@@UAEXXZ	16	1	gizParkedCarMgr	Reset
00579AF0	?Init@gizParkedCarMgr@@QAE_NPAD00@Z	224	1	gizParkedCarMgr	Init
00579BD0	gizParkedCarMgr_EnumeratePath	224	1		gizParkedCarMgr_EnumeratePath
00579CB0	?Update@gizParkedCarMgr@@UAEXXZ	16	1	gizParkedCarMgr	Update
00579CC0	?ApplyTuning@gizParkedCarMgr@@AAEXXZ	16	1	gizParkedCarMgr	ApplyTuning
00579CD0	??_GgizParkedCarMgr@@UAEPAXI@Z	48	1	gizParkedCarMgr	`scalar deleting destructor'
00579D00	??0mmBridgeAudio@@QAE@XZ	32	1	mmBridgeAudio	mmBridgeAudio
00579D20	??1mmBridgeAudio@@UAE@XZ	16	1	mmBridgeAudio	~mmBridgeAudio
00579D30	?Activate@mmBridgeAudio@@QAEXH@Z	64	1	mmBridgeAudio	Activate
00579D70	?Deactivate@mmBridgeAudio@@QAEXH@Z	64	1	mmBridgeAudio	Deactivate
00579DB0	??0gizInstance@@QAE@XZ	96	1	gizInstance	gizInstance
00579E10	??1gizInstance@@QAE@XZ	32	1	gizInstance	~gizInstance
00579E30	?GetPosition@gizInstance@@UAEABVVector3@@XZ	16	1	gizInstance	GetPosition
00579E40	?GetMatrix@gizInstance@@UAEABVMatrix34@@AAV2@@Z	32	1	gizInstance	GetMatrix
00579E60	?SetMatrix@gizInstance@@UAEXABVMatrix34@@@Z	48	1	gizInstance	SetMatrix
00579E90	?Init@gizInstance@@QAEXPADH@Z	160	1	gizInstance	Init
00579F30	?Draw@gizInstance@@UAEXH@Z	288	1	gizInstance	Draw
0057A050	??0gizPathspline@@QAE@XZ	48	1	gizPathspline	gizPathspline
0057A080	??1gizPathspline@@QAE@XZ	16	1	gizPathspline	~gizPathspline
0057A090	?Reset@gizPathspline@@QAEXXZ	80	1	gizPathspline	Reset
0057A0E0	?Init@gizPathspline@@QAEXPAVdgPath@@M@Z	32	1	gizPathspline	Init
0057A100	?Compute@gizPathspline@@IAEXAAVVector3@@000@Z	624	1	gizPathspline	Compute
0057A370	?Solve@gizPathspline@@IAEXAAVVector3@@0M@Z	160	1	gizPathspline	Solve
0057A410	?Update@gizPathspline@@QAEXAAVVector3@@0M@Z	48	1	gizPathspline	Update
0057A440	?UpdateRatio@gizPathspline@@QAEXAAVVector3@@0M@Z	224	1	gizPathspline	UpdateRatio
0057A520	?GetCurrRatio@gizPathspline@@QAEMXZ	16	1	gizPathspline	GetCurrRatio
0057A530	?ComputePath@gizPathspline@@IAEXHHH@Z	416	1	gizPathspline	ComputePath
0057A6D0	?IncrementPath@gizPathspline@@IAEXXZ	64	1	gizPathspline	IncrementPath
0057A710	?DecrementPath@gizPathspline@@IAEXXZ	64	1	gizPathspline	DecrementPath
0057A750	?GetNumVertex@gizPathspline@@QAEHXZ	16	1	gizPathspline	GetNumVertex
0057A760	?SetSpeed@gizPathspline@@QAEXM@Z	32	1	gizPathspline	SetSpeed
0057A780	?GetVertex@gizPathspline@@QAEAAVVector3@@H@Z	32	1	gizPathspline	GetVertex
0057A7A0	?LookupSequence@pedAnimation@@QAEHPAD@Z	96	1	pedAnimation	LookupSequence
0057A800	?Load@pedAnimation@@QAEXPADPAVStream@@@Z	832	1	pedAnimation	Load
0057AB40	?Init@pedAnimation@@SAXXZ	32	1	pedAnimation	Init
0057AB60	?DrawSkeleton@pedAnimation@@QAEXHPAVcrSkeleton@@@Z	592	1	pedAnimation	DrawSkeleton
0057ADB0	?Init@pedAnimationInstance@@QAEXPAD@Z	48	1	pedAnimationInstance	Init
0057ADE0	?Load@pedAnimationInstance@@AAEPAVpedAnimation@@PBD@Z	1168	1	pedAnimationInstance	Load
0057B270	?PreUpdate@pedAnimationInstance@@QAEXM@Z	80	1	pedAnimationInstance	PreUpdate
0057B2C0	?Reset@pedAnimationInstance@@QAEXXZ	48	1	pedAnimationInstance	Reset
0057B2F0	?Update@pedAnimationInstance@@QAEXXZ	128	1	pedAnimationInstance	Update
0057B370	?Draw@pedAnimationInstance@@QAEX_N@Z	416	1	pedAnimationInstance	Draw
0057B510	?DrawShadow@pedAnimationInstance@@QAEXXZ	16	1	pedAnimationInstance	DrawShadow
0057B520	?VerifySeq@pedAnimationInstance@@QAEXH@Z	48	1	pedAnimationInstance	VerifySeq
0057B550	?Start@pedAnimationInstance@@QAEXH@Z	48	1	pedAnimationInstance	Start
0057B580	??0aiPedestrianInstance@@QAE@PAVaiPedestrian@@@Z	32	1	aiPedestrianInstance	aiPedestrianInstance
0057B5A0	?GetMatrix@aiPedestrianInstance@@UAEABVMatrix34@@AAV2@@Z	16	1	aiPedestrianInstance	GetMatrix
0057B5B0	?SetMatrix@aiPedestrianInstance@@UAEXABVMatrix34@@@Z	16	1	aiPedestrianInstance	SetMatrix
0057B5C0	?GetPosition@aiPedestrianInstance@@UAEABVVector3@@XZ	16	1	aiPedestrianInstance	GetPosition
0057B5D0	?ComputeLod@aiPedestrianInstance@@UAEHMM@Z	16	1	aiPedestrianInstance	ComputeLod
0057B5E0	?SizeOf@aiPedestrianInstance@@UAEIXZ	16	1	aiPedestrianInstance	SizeOf
0057B5F0	?Draw@aiPedestrianInstance@@UAEXH@Z	272	1	aiPedestrianInstance	Draw
0057B700	?DrawShadow@aiPedestrianInstance@@UAEXXZ	16	1	aiPedestrianInstance	DrawShadow
0057B710	?DrawShadowMap@aiPedestrianInstance@@UAEXXZ	16	1	aiPedestrianInstance	DrawShadowMap
0057B720	?GetEntity@aiPedestrianInstance@@UAEPAVdgPhysEntity@@XZ	16	1	aiPedestrianInstance	GetEntity
0057B730	?AttachEntity@aiPedestrianInstance@@UAEPAVdgPhysEntity@@XZ	32	1	aiPedestrianInstance	AttachEntity
0057B750	?GetVelocity@aiPedestrianInstance@@UAEABVVector3@@XZ	16	1	aiPedestrianInstance	GetVelocity
0057B760	?Detach@aiPedestrianInstance@@UAEXXZ	16	1	aiPedestrianInstance	Detach
0057B770	?GetBound@aiPedestrianInstance@@UAEPBVphBound@@H@Z	16	1	aiPedestrianInstance	GetBound
0057B780	?IsCollidable@aiPedestrianInstance@@UAE_NXZ	304	1	aiPedestrianInstance	IsCollidable
0057B8B0	??0pedRagdollMgr@@QAE@XZ	96	1	pedRagdollMgr	pedRagdollMgr
0057B910	??1pedRagdollMgr@@UAE@XZ	160	1	pedRagdollMgr	~pedRagdollMgr
0057B9B0	?Init@pedRagdollMgr@@QAEXHPAPAD@Z	320	1	pedRagdollMgr	Init
0057BAF0	?Attach@pedRagdollMgr@@QAEPAVpedActive@@PAVaiPedestrianInstance@@@Z	144	1	pedRagdollMgr	Attach
0057BB80	?Detach@pedRagdollMgr@@QAEXPAVaiPedestrianInstance@@@Z	48	1	pedRagdollMgr	Detach
0057BBB0	?UnusedActive@pedRagdollMgr@@QAE_NXZ	32	1	pedRagdollMgr	UnusedActive
0057BBD0	?Reset@pedRagdollMgr@@UAEXXZ	64	1	pedRagdollMgr	Reset
0057BC10	?Update@pedRagdollMgr@@UAEXXZ	112	1	pedRagdollMgr	Update
0057BC80	??_EpedRagdollMgr@@UAEPAXI@Z	48	1	pedRagdollMgr	`vector deleting destructor'
0057BCB0	??_EpedActiveData@@QAEPAXI@Z	96	1	pedActiveData	`vector deleting destructor'
0057BD10	??_EpedActive@@UAEPAXI@Z	96	1	pedActive	`vector deleting destructor'
0057BD70	??0pedActive@@QAE@XZ	288	1	pedActive	pedActive
0057BE90	??0pedActiveData@@QAE@XZ	16	1	pedActiveData	pedActiveData
0057BEA0	?Init@pedActiveData@@QAEXPBD@Z	224	1	pedActiveData	Init
0057BF80	??1pedActive@@UAE@XZ	192	1	pedActive	~pedActive
0057C040	??1pedActiveData@@QAE@XZ	80	1	pedActiveData	~pedActiveData
0057C090	?IsAsleep@pedActive@@QAEHXZ	48	1	pedActive	IsAsleep
0057C0C0	?Reset@pedActive@@UAEXXZ	48	1	pedActive	Reset
0057C0F0	?Update@pedActive@@UAEXXZ	128	1	pedActive	Update
0057C170	?Activate@pedActive@@UAEXPAVaiPedestrianInstance@@PAVpedActiveData@@@Z	240	1	pedActive	Activate
0057C260	?Deactivate@pedActive@@UAEXXZ	48	1	pedActive	Deactivate
0057C290	?GetICS@pedActive@@UAEPAVphInertialCS@@XZ	16	1	pedActive	GetICS
0057C2A0	?GetInst@pedActive@@UAEPAVlvlInstance@@XZ	16	1	pedActive	GetInst
0057C2B0	?SetRagdollBlend@pedActive@@QAEXM@Z	16	1	pedActive	SetRagdollBlend
0057C2C0	?StartRagdoll@pedActive@@QAEXXZ	16	1	pedActive	StartRagdoll
0057C2D0	?StopRagdoll@pedActive@@QAEXXZ	16	1	pedActive	StopRagdoll
0057C2E0	?FirstImpactCallback@pedActive@@UAEXXZ	496	1	pedActive	FirstImpactCallback
0057C4D0	??_GpedActive@@UAEPAXI@Z	48	1	pedActive	`scalar deleting destructor'
0057C500	?PostUpdate@pedActive@@UAEXXZ	16	1	pedActive	PostUpdate
0057C510	??0crSkeleton@@QAE@XZ	176	1	crSkeleton	crSkeleton
0057C5C0	??1crSkeleton@@QAE@XZ	16	1	crSkeleton	~crSkeleton
0057C5D0	?Init@crSkeleton@@QAEXABVcrSkeletonData@@PAVMatrix34@@@Z	96	1	crSkeleton	Init
0057C630	?Update@crSkeleton@@QAEXXZ	32	1	crSkeleton	Update
0057C650	?Attach@crSkeleton@@QBEXQAVMatrix34@@@Z	64	1	crSkeleton	Attach
0057C690	?Attach@crSkeleton@@QBEXQAVMatrix44@@@Z	160	1	crSkeleton	Attach
0057C730	??0crSkeletonData@@QAE@XZ	16	1	crSkeletonData	crSkeletonData
0057C740	??1crSkeletonData@@QAE@XZ	16	1	crSkeletonData	~crSkeletonData
0057C750	?Load@crSkeletonData@@QAE_NPBD@Z	368	1	crSkeletonData	Load
0057C8C0	?FindBone@crSkeletonData@@QBEPAVcrBoneData@@PBDHD@Z	256	1	crSkeletonData	FindBone
0057C9C0	?HowMany@crSkeletonData@@QBEHPBDD@Z	64	1	crSkeletonData	HowMany
0057CA00	?InitMirror@crSkeletonData@@AAEXXZ	288	1	crSkeletonData	InitMirror
0057CB20	??0crBone@@QAE@XZ	48	1	crBone	crBone
0057CB50	?Transform@crBone@@QAEXPAVMatrix34@@@Z	64	1	crBone	Transform
0057CB90	??0crBoneData@@QAE@XZ	112	1	crBoneData	crBoneData
0057CC00	?AddChild@crBoneData@@QAEXPAV1@@Z	64	1	crBoneData	AddChild
0057CC40	?Load@crBoneData@@QAE_NAAVdatTokenizer@@PAPAV1@AAH@Z	272	1	crBoneData	Load
0057CD50	?Transform@crBoneData@@QBEXPBVMatrix34@@PAVcrBone@@@Z	112	1	crBoneData	Transform
0057CDC0	?ApplyLimits@crBoneData@@QBEXAAVMatrix34@@@Z	160	1	crBoneData	ApplyLimits
0057CE60	??0crAnimation@@QAE@HH@Z	192	1	crAnimation	crAnimation
0057CF20	??0crAnimation@@AAE@XZ	48	1	crAnimation	crAnimation
0057CF50	??1crAnimation@@UAE@XZ	192	1	crAnimation	~crAnimation
0057D010	?DeleteAnimTable@crAnimation@@CAXXZ	96	1	crAnimation	DeleteAnimTable
0057D070	?DeleteChanTable@crAnimation@@CAXXZ	96	1	crAnimation	DeleteChanTable
0057D0D0	?AnimExists@crAnimation@@SA_NPBD@Z	32	1	crAnimation	AnimExists
0057D0F0	?OutputAnimationList@crAnimation@@SAXXZ	96	1	crAnimation	OutputAnimationList
0057D150	?InitHashTables@crAnimation@@SAXXZ	192	1	crAnimation	InitHashTables
0057D210	?GetAnimation@crAnimation@@SAPAV1@PBD_N1PAVcrAnimFrame@@1@Z	240	1	crAnimation	GetAnimation
0057D300	?GetChanAnimation@crAnimation@@SAPAV1@PBD_N@Z	208	1	crAnimation	GetChanAnimation
0057D3D0	?LoadAnim@crAnimation@@AAE_NPBD_N@Z	448	1	crAnimation	LoadAnim
0057D590	?SaveAnim@crAnimation@@QAE_NPBD@Z	224	1	crAnimation	SaveAnim
0057D670	?LoadChanAnim@crAnimation@@AAE_NPBD@Z	320	1	crAnimation	LoadChanAnim
0057D7B0	?Normalize@crAnimation@@QAEX_N@Z	96	1	crAnimation	Normalize
0057D810	?NormalizeX@crAnimation@@QAEXXZ	80	1	crAnimation	NormalizeX
0057D860	?NormalizeY@crAnimation@@QAEXXZ	96	1	crAnimation	NormalizeY
0057D8C0	?ZeroX@crAnimation@@QAEXXZ	48	1	crAnimation	ZeroX
0057D8F0	?ZeroY@crAnimation@@QAEXXZ	48	1	crAnimation	ZeroY
0057D920	?ZeroYSeg@crAnimation@@QAEXHH@Z	64	1	crAnimation	ZeroYSeg
0057D960	?Subtract@crAnimation@@QAEXAAVcrAnimFrame@@@Z	64	1	crAnimation	Subtract
0057D9A0	?CopyAnim@crAnimation@@QAEXPAV1@HH@Z	240	1	crAnimation	CopyAnim
0057DA90	?Flip@crAnimation@@QAEXXZ	48	1	crAnimation	Flip
0057DAC0	?GetBlendFrame@crAnimation@@QBEXAAVcrAnimFrame@@M@Z	160	1	crAnimation	GetBlendFrame
0057DB60	??_GcrAnimation@@UAEPAXI@Z	48	1	crAnimation	`scalar deleting destructor'
0057DB90	??_EcrAnimFrame@@QAEPAXI@Z	96	1	crAnimFrame	`vector deleting destructor'
0057DBF0	??_FcrAnimFrame@@QAEXXZ	16	1	crAnimFrame	`default constructor closure'
0057DC00	?sAcquireBuffer@@YAPAMH@Z	80	1		sAcquireBuffer
0057DC50	?sIsBuffer@@YA_NPAM@Z	48	1		sIsBuffer
0057DC80	?AllocateBuffers@crAnimFrame@@SAXHH@Z	128	1	crAnimFrame	AllocateBuffers
0057DD00	?DeallocateBuffers@crAnimFrame@@SAXXZ	160	1	crAnimFrame	DeallocateBuffers
0057DDA0	??0crAnimFrame@@QAE@_N@Z	64	1	crAnimFrame	crAnimFrame
0057DDE0	??0crAnimFrame@@QAE@ABV0@@Z	48	1	crAnimFrame	crAnimFrame
0057DE10	??1crAnimFrame@@QAE@XZ	96	1	crAnimFrame	~crAnimFrame
0057DE70	??4crAnimFrame@@QAEABV0@ABV0@@Z	32	1	crAnimFrame	operator=
0057DE90	?Copy@crAnimFrame@@AAEXABV1@@Z	64	1	crAnimFrame	Copy
0057DED0	?Init@crAnimFrame@@QAEXH@Z	64	1	crAnimFrame	Init
0057DF10	?LoadBin@crAnimFrame@@QAEXPAVStream@@H@Z	48	1	crAnimFrame	LoadBin
0057DF40	?SaveBin@crAnimFrame@@QAEXPAVStream@@@Z	32	1	crAnimFrame	SaveBin
0057DF60	?LoadAscii@crAnimFrame@@QAEXAAVdatTokenizer@@H@Z	64	1	crAnimFrame	LoadAscii
0057DFA0	?Print@crAnimFrame@@QAEXXZ	112	1	crAnimFrame	Print
0057E010	?Mirror@crAnimFrame@@QAEXPBVcrSkeletonData@@@Z	240	1	crAnimFrame	Mirror
0057E100	?Flip@crAnimFrame@@QAEXXZ	16	1	crAnimFrame	Flip
0057E110	?Blend@crAnimFrame@@QAEXMABV1@0HH@Z	160	1	crAnimFrame	Blend
0057E1B0	?Add@crAnimFrame@@QAEXABV1@HH@Z	80	1	crAnimFrame	Add
0057E200	?AddScaled@crAnimFrame@@QAEXABV1@MHH@Z	80	1	crAnimFrame	AddScaled
0057E250	?Merge@crAnimFrame@@QAEXABV1@M@Z	144	1	crAnimFrame	Merge
0057E2E0	?Zero@crAnimFrame@@QAEXXZ	32	1	crAnimFrame	Zero
0057E300	?Pose@crAnimFrame@@QAEXAAVcrSkeleton@@_N@Z	192	1	crAnimFrame	Pose
0057E3C0	??0crKinematicsBase@@QAE@XZ	32	1	crKinematicsBase	crKinematicsBase
0057E3E0	??1crKinematicsBase@@UAE@XZ	16	1	crKinematicsBase	~crKinematicsBase
0057E3F0	?Init@crKinematicsBase@@UAEXAAVcrSkeleton@@ABVcrBodyDataBase@@@Z	32	1	crKinematicsBase	Init
0057E410	?Reset@crKinematicsBase@@UAEXXZ	16	1	crKinematicsBase	Reset
0057E420	?Update@crKinematicsBase@@UAEXXZ	16	1	crKinematicsBase	Update
0057E430	?MatchPose@crKinematicsBase@@UAEXXZ	16	1	crKinematicsBase	MatchPose
0057E440	?SetIKBlend@crKinematicsBase@@UAEXM@Z	16	1	crKinematicsBase	SetIKBlend
0057E450	?SetLimp@crKinematicsBase@@UAEX_N@Z	16	1	crKinematicsBase	SetLimp
0057E460	??0crKinematics@@QAE@XZ	304	1	crKinematics	crKinematics
0057E590	??1crKinematics@@UAE@XZ	112	1	crKinematics	~crKinematics
0057E600	?Reset@crKinematics@@UAEXXZ	32	1	crKinematics	Reset
0057E620	?SetIKBlend@crKinematics@@UAEXM@Z	96	1	crKinematics	SetIKBlend
0057E680	?SetLimp@crKinematics@@UAEX_N@Z	96	1	crKinematics	SetLimp
0057E6E0	?MatchPose@crKinematics@@UAEXXZ	176	1	crKinematics	MatchPose
0057E790	?TestPose@crKinematics@@QAEXXZ	240	1	crKinematics	TestPose
0057E880	?Update@crKinematics@@UAEXXZ	240	1	crKinematics	Update
0057E970	??_GcrKinematicsBase@@UAEPAXI@Z	48	1	crKinematicsBase	`scalar deleting destructor'
0057E9A0	??_GcrKinematics@@UAEPAXI@Z	48	1	crKinematics	`scalar deleting destructor'
0057E9D0	??0crBodyDataBase@@QAE@AAVcrSkeletonData@@@Z	32	1	crBodyDataBase	crBodyDataBase
0057E9F0	??1crBodyDataBase@@UAE@XZ	16	1	crBodyDataBase	~crBodyDataBase
0057EA00	??0crBodyData@@QAE@AAVcrSkeletonData@@@Z	384	1	crBodyData	crBodyData
0057EB80	??1crBodyData@@UAE@XZ	128	1	crBodyData	~crBodyData
0057EC00	??_GcrBodyDataBase@@UAEPAXI@Z	48	1	crBodyDataBase	`scalar deleting destructor'
0057EC30	??_GcrBodyData@@UAEPAXI@Z	48	1	crBodyData	`scalar deleting destructor'
0057EC60	??0crIKGoal@@QAE@XZ	48	1	crIKGoal	crIKGoal
0057EC90	?ToMatrix@crIKGoal@@QBEXAAVMatrix34@@@Z	48	1	crIKGoal	ToMatrix
0057ECC0	?FromMatrix@crIKGoal@@QAEXAAVMatrix34@@@Z	48	1	crIKGoal	FromMatrix
0057ECF0	??0crLegData@@QAE@XZ	48	1	crLegData	crLegData
0057ED20	?Init@crLegData@@UAEXAAVcrSkeletonData@@D@Z	336	1	crLegData	Init
0057EE70	?MatchPose@crLegData@@UBEXAAVcrSkeleton@@AAVcrIKGoal@@@Z	144	1	crLegData	MatchPose
0057EF00	?Acosf@crLegData@@IBEMM@Z	96	1	crLegData	Acosf
0057EF60	?SolveIK@crLegData@@UBEXAAVcrSkeleton@@AAVcrIKGoal@@@Z	4032	1	crLegData	SolveIK
0057FF20	?SolveLimpIK@crLegData@@UBEXAAVcrSkeleton@@AAVcrIKGoal@@@Z	1440	1	crLegData	SolveLimpIK
005804C0	??0crArmData@@QAE@XZ	64	1	crArmData	crArmData
00580500	?Init@crArmData@@UAEXAAVcrSkeletonData@@D@Z	352	1	crArmData	Init
00580660	?MatchPose@crArmData@@UBEXAAVcrSkeleton@@AAVcrIKGoal@@@Z	96	1	crArmData	MatchPose
005806C0	?SolveIK@crArmData@@UBEXAAVcrSkeleton@@AAVcrIKGoal@@@Z	1520	1	crArmData	SolveIK
00580CB0	??0crHeadData@@QAE@XZ	32	1	crHeadData	crHeadData
00580CD0	?Init@crHeadData@@UAEXAAVcrSkeletonData@@@Z	208	1	crHeadData	Init
00580DA0	?MatchPose@crHeadData@@UBEXAAVcrSkeleton@@AAVcrIKGoal@@@Z	96	1	crHeadData	MatchPose
00580E00	?SolveIK@crHeadData@@UBEXAAVcrSkeleton@@AAVcrIKGoal@@@Z	480	1	crHeadData	SolveIK
00580FE0	??0crSpineData@@QAE@XZ	32	1	crSpineData	crSpineData
00581000	?Init@crSpineData@@UAEXAAVcrSkeletonData@@@Z	240	1	crSpineData	Init
005810F0	??1crSpineData@@QAE@XZ	32	1	crSpineData	~crSpineData
00581110	?MatchPose@crSpineData@@UBEXAAVcrSkeleton@@AAVcrIKGoal@@@Z	96	1	crSpineData	MatchPose
00581170	?SolveIK@crSpineData@@UBEXAAVcrSkeleton@@AAVcrIKGoal@@@Z	448	1	crSpineData	SolveIK
00581330	___setargv	170	1		___setargv
005813DA	_parse_cmdline	485	1		_parse_cmdline
005815BF	nullsub_222	1	1		nullsub_222
005815C0	__cfltcvt_init	72	1		__cfltcvt_init
00581608	__ftol	39	1		__ftol
0058162F	_fclose	86	1		_fclose
00581685	__fsopen	32	1		__fsopen
005816A5	_fopen	19	1		_fopen
005816B8	_atol	139	1		_atol
00581743	_atoi	11	1		_atoi
0058174E	__atoi64	186	1		__atoi64
00581808	_system	150	1		_system
0058189E	_remove	42	1		_remove
005818C8	__unlink	11	1		__unlink
005818D3	__access	68	1		__access
00581917	__cinit	45	1		__cinit
00581944	_exit	17	1		_exit
00581955	__exit	17	1		__exit
00581966	__cexit	15	1		__cexit
00581975	__c_exit	15	1		__c_exit
00581984	_doexit	153	1		_doexit
00581A1D	__initterm	26	1		__initterm
00581A37	?_JumpToContinuation@@YGXPAXPAUEHRegistrationNode@@@Z	73	1		_JumpToContinuation
00581A80	?_UnwindNestedFrames@@YGXPAUEHRegistrationNode@@PAUEHExceptionRecord@@@Z	40	1		_UnwindNestedFrames
00581AA8	$ReturnPoint$16567	39	1		$ReturnPoint$16567
00581ACF	___CxxFrameHandler	54	1		___CxxFrameHandler
00581B05	___CxxLongjmpUnwind@4	26	1		___CxxLongjmpUnwind@4
00581B1F	?_CallCatchBlock2@@YAPAXPAUEHRegistrationNode@@PBU_s_FuncInfo@@PAXHK@Z	84	1		_CallCatchBlock2
00581B73	?CatchGuardHandler@@YA?AW4_EXCEPTION_DISPOSITION@@PAUEHExceptionRecord@@PAUCatchGuardRN@@PAX2@Z	37	1		CatchGuardHandler
00581B98	?_CallSETranslator@@YAHPAUEHExceptionRecord@@PAUEHRegistrationNode@@PAX2PBU_s_FuncInfo@@H1@Z	134	1		_CallSETranslator
00581C1E	$ExceptionContinuation$16667	46	1		$ExceptionContinuation$16667
00581C4C	?TranslatorGuardHandler@@YA?AW4_EXCEPTION_DISPOSITION@@PAUEHExceptionRecord@@PAUTranslatorGuardRN@@PAX2@Z	117	1		TranslatorGuardHandler
00581CC1	?_GetRangeOfTrysToCheck@@YAPBU_s_TryBlockMapEntry@@PBU_s_FuncInfo@@HHPAI1@Z	123	1		_GetRangeOfTrysToCheck
00581D3C	__global_unwind2	24	1		__global_unwind2
00581D54	_gu_return	8	1		_gu_return
00581D5C	__unwind_handler	33	1		__unwind_handler
00581D7D	_uh_return	1	1		_uh_return
00581D7E	__local_unwind2	29	1		__local_unwind2
00581D9B	_lu_top	59	1		_lu_top
00581DD6	__NLG_Return2	2	1		__NLG_Return2
00581DD8	_lu_done	14	1		_lu_done
00581DE6	__abnormal_termination	34	1		__abnormal_termination
00581E08	_at_done	1	1		_at_done
00581E09	__NLG_Notify1	9	1		__NLG_Notify1
00581E12	__NLG_Notify	10	1		__NLG_Notify
00581E1C	__NLG_Go	9	1		__NLG_Go
00581E25	__NLG_Dispatch	5	1		__NLG_Dispatch
00581E2A	_sprintf	90	1		_sprintf
00581E84	___crtCompareStringA_SEH	51	1		___crtCompareStringA_SEH
00581EB7	_lh_top	84	1		_lh_top
00581F0B	_lh_continue	11	1		_lh_continue
00581F16	_lh_dismiss	7	1		_lh_dismiss
00581F1D	_lh_bagit	7	1		_lh_bagit
00581F24	_lh_unwinding	21	1		_lh_unwinding
00581F39	_lh_return	8	1		_lh_return
00581F41	__seh_longjmp_unwind@4	27	1		__seh_longjmp_unwind@4
00581F5C	start	246	1		start
00582052	__amsg_exit	37	1		__amsg_exit
00582077	_fast_error_exit	36	1		_fast_error_exit
0058209B	??_M@YGXPAXIHP6EX0@Z@Z	128	1		`eh vector destructor iterator'
0058211B	?__ArrayUnwind@@YGXPAXIHP6EX0@Z@Z	117	1		__ArrayUnwind
00582190	__CIpow	25	1		__CIpow
005821A9	_pow	519	1		_pow
005823B0	_strncpy	36	1		_strncpy
005823D4	src_misaligned	28	1		src_misaligned
005823F0	tail_loop_start	5	1		tail_loop_start
005823F5	copy_tail_loop	13	1		copy_tail_loop
00582402	fill_tail_end1	8	1		fill_tail_end1
0058240A	align_dest	8	1		align_dest
00582412	dest_align_loop	18	1		dest_align_loop
00582424	dest_align_loop_end	7	1		dest_align_loop_end
0058242B	finish_loop	3	1		finish_loop
0058242E	fill_tail_zero_bytes	5	1		fill_tail_zero_bytes
00582433	finish	6	1		finish
00582439	main_loop	8	1		main_loop
00582441	main_loop_entrance	78	1		main_loop_entrance
0058248F	fill_with_EOS_dwords	8	1		fill_with_EOS_dwords
00582497	fill_dwords_with_EOS	2	1		fill_dwords_with_EOS
00582499	fill_with_EOS_loop	8	1		fill_with_EOS_loop
005824A1	fill_tail	5	1		fill_tail
005824A6	fill_tail_end	10	1		fill_tail_end
005824B0	_strncmp	26	1		_strncmp
005824CA	okay	19	1		okay
005824DD	firstbig	2	1		firstbig
005824DF	lastbig	2	1		lastbig
005824E1	toend	7	1		toend
005824E8	_printf	49	1		_printf
00582519	__purecall	9	1		__purecall
00582522	??_L@YGXPAXIHP6EX0@Z1@Z	130	1		`eh vector constructor iterator'
005825A4	_atof	77	1		_atof
005825F1	_strtok	156	1		_strtok
0058268D	_localtime	352	1		_localtime
005827ED	_time	220	1		_time
005828C9	_modf	289	1		_modf
005829EA	__onexit	109	1		__onexit
00582A57	_atexit	18	1		_atexit
00582A69	___onexitinit	55	1		___onexitinit
00582AA0	_strstr	24	1		_strstr
00582AB8	findnext	17	1		findnext
00582AC9	loop_start	3	1		loop_start
00582ACC	in_loop	8	1		in_loop
00582AD4	not_found	6	1		not_found
00582ADA	first_char_found	7	1		first_char_found
00582AE1	two_first_chars_equal	3	1		two_first_chars_equal
00582AE4	compare_loop	35	1		compare_loop
00582B07	strchr_call	12	1		strchr_call
00582B13	match	7	1		match
00582B1A	empty_str2	6	1		empty_str2
00582B20	_floor	208	1		_floor
00582BF0	__alloca_probe	12	1		__alloca_probe
00582BFC	probepages	20	1		probepages
00582C10	lastpage	15	1		lastpage
00582C1F	_ceil	207	1		_ceil
00582CEE	_sscanf	66	1		_sscanf
00582D30	_fmod	10	1		_fmod
00582D3A	__CIfmod	10	1		__CIfmod
00582D44	fFMOD	2	1		fFMOD
00582D46	remloop	13	1		remloop
00582D53	badP5_fprem	5	1		badP5_fprem
00582D58	fprem_done	24	1		fprem_done
00582D70	__CIacos	20	1		__CIacos
00582D84	_acos	183	1		_acos
00582E3B	_fprintf	50	1		_fprintf
00582E6D	___initstdio	165	1		___initstdio
00582F12	___endstdio	20	1		___endstdio
00582F26	_getenv	138	1		_getenv
00582FB0	_strrchr	39	1		_strrchr
00582FD7	_isalpha	46	1		_isalpha
00583005	_isupper	40	1		_isupper
0058302D	_islower	40	1		_islower
00583055	_isdigit	40	1		_isdigit
0058307D	_isxdigit	45	1		_isxdigit
005830AA	_isspace	40	1		_isspace
005830D2	_ispunct	40	1		_ispunct
005830FA	_isalnum	46	1		_isalnum
00583128	_isprint	46	1		_isprint
00583156	_isgraph	46	1		_isgraph
00583184	_iscntrl	40	1		_iscntrl
005831AC	___isascii	13	1		___isascii
005831B9	___toascii	8	1		___toascii
005831C1	___iscsymf	61	1		___iscsymf
005831FE	___iscsym	61	1		___iscsym
0058323B	_vsprintf	101	1		_vsprintf
005832A0	_strchr	6	1		_strchr
005832A6	___from_strstr_to_strchr	182	1		___from_strstr_to_strchr
0058335C	__statusfp	19	1		__statusfp
0058336F	__clearfp	20	1		__clearfp
00583383	__control87	53	1		__control87
005833B8	__controlfp	22	1		__controlfp
005833CE	__fpreset	42	1		__fpreset
005833F8	__abstract_cw	146	1		__abstract_cw
0058348A	__hw_cw	137	1		__hw_cw
00583513	__abstract_sw	61	1		__abstract_sw
00583550	__CIasin	20	1		__CIasin
00583564	_asin	183	1		_asin
0058361B	_fgets	71	1		_fgets
00583662	$done$19155	16	1		$done$19155
00583672	_mbstowcs	255	1		_mbstowcs
00583771	_wcscat	42	1		_wcscat
0058379B	_wcscpy	37	1		_wcscpy
005837C0	_wcscmp	53	1		_wcscmp
005837F5	_wcstombs	430	1		_wcstombs
005839A3	_wcsncnt	47	1		_wcsncnt
005839D2	_free	47	1		_free
00583A01	_malloc	18	1		_malloc
00583A13	__nh_malloc	44	1		__nh_malloc
00583A3F	__heap_alloc	54	1		__heap_alloc
00583A75	_fgetc	26	1		_fgetc
00583A8F	_getc	17	1		_getc
00583AA0	__allshl	16	1		__allshl
00583AB0	MORE32	10	1		MORE32
00583ABA	RETZERO	5	1		RETZERO
00583ABF	_qsort	340	1		_qsort
00583C13	_shortsort	78	1		_shortsort
00583C61	_swap	44	1		_swap
00583C8D	_bsearch	140	1		_bsearch
00583D19	_calloc	125	1		_calloc
00583D96	__cwild	192	1		__cwild
00583E56	_match	321	1		_match
00583F97	_add	59	1		_add
00583FD2	_sort	55	1		_sort
00584009	_find	136	1		_find
00584091	__setmbcp	409	1		__setmbcp
0058422A	_getSystemCP	74	1		_getSystemCP
00584274	_CPtoLCID	51	1		_CPtoLCID
005842A7	_setSBCS	41	1		_setSBCS
005842D0	_setSBUpLow	389	1		_setSBUpLow
00584455	__getmbcp	16	1		__getmbcp
00584465	___initmbctable	28	1		___initmbctable
00584481	__setdefaultprecision	18	1		__setdefaultprecision
00584493	__ms_p5_test_fdiv	62	1		__ms_p5_test_fdiv
005844D1	__ms_p5_mp_test_fdiv	41	1		__ms_p5_mp_test_fdiv
005844FA	__forcdecpt	90	1		__forcdecpt
00584554	__cropzeros	78	1		__cropzeros
005845A2	__positive	24	1		__positive
005845BA	__fassign	62	1		__fassign
005845F8	__cftoe	260	1		__cftoe
005846FC	__cftof	222	1		__cftof
005847DA	__cftog	155	1		__cftog
00584875	__cftoe_g	39	1		__cftoe_g
0058489C	__cftof_g	35	1		__cftof_g
005848BF	__cfltcvt	81	1		__cfltcvt
00584910	__shift	37	1		__shift
00584935	__close	179	1		__close
005849E8	__freebuf	43	1		__freebuf
00584A13	_fflush	59	1		_fflush
00584A4E	_flush	92	1		_flush
00584AAA	_flushall	9	1		_flushall
00584AB3	_flsall	109	1		_flsall
00584B20	__openfile	368	1		__openfile
00584C90	__getstream	120	1		__getstream
00584D08	__isctype	120	1		__isctype
00584D80	__allmul	25	1		__allmul
00584D99	hard	27	1		hard
00584DB4	__spawnvpe	355	1		__spawnvpe
00584F17	__spawnve	329	1		__spawnve
00585060	_comexecmd	81	1		_comexecmd
005850B1	__dosmaperr	103	1		__dosmaperr
00585118	___InternalCxxFrameHandler	155	1		___InternalCxxFrameHandler
005851B3	?FindHandler@@YAXPAUEHExceptionRecord@@PAUEHRegistrationNode@@PAU_CONTEXT@@PAXPBU_s_FuncInfo@@EH1@Z	423	1		FindHandler
0058535A	?FindHandlerForForeignException@@YAXPAUEHExceptionRecord@@PAUEHRegistrationNode@@PAU_CONTEXT@@PAXPBU_s_FuncInfo@@HH1@Z	168	1		FindHandlerForForeignException
00585402	?TypeMatch@@YAHPBU_s_HandlerType@@PBU_s_CatchableType@@PBU_s_ThrowInfo@@@Z	93	1		TypeMatch
0058545F	___FrameUnwindToState	180	1		___FrameUnwindToState
00585513	?CatchIt@@YAXPAUEHExceptionRecord@@PAUEHRegistrationNode@@PAU_CONTEXT@@PAXPBU_s_FuncInfo@@PBU_s_HandlerType@@PBU_s_CatchableType@@PBU_s_TryBlockMapEntry@@H1E@Z	123	1		CatchIt
0058558E	?CallCatchBlock@@YAPAXPAUEHExceptionRecord@@PAUEHRegistrationNode@@PAU_CONTEXT@@PBU_s_FuncInfo@@PAXHK@Z	268	1		CallCatchBlock
0058569A	?ExFilterRethrow@@YAHPAU_EXCEPTION_POINTERS@@@Z	42	1		ExFilterRethrow
005856C4	?BuildCatchObject@@YAXPAUEHExceptionRecord@@PAUEHRegistrationNode@@PBU_s_HandlerType@@PBU_s_CatchableType@@@Z	555	1		BuildCatchObject
005858EF	?AdjustPointer@@YAPAXPAXABUPMD@@@Z	49	1		AdjustPointer
00585920	__CallSettingFrame@12	39	1		__CallSettingFrame@12
00585947	__NLG_Return	24	1		__NLG_Return
0058595F	_NLG_Continue	99	1		_NLG_Continue
005859C2	?unexpected@@YAXXZ	102	1		unexpected
00585A28	__flsbuf	277	1		__flsbuf
00585B3D	__output	415	1		__output
00585CDC	$NORMAL_STATE$1535	1442	1		$NORMAL_STATE$1535
0058627E	_write_char	53	1		_write_char
005862B3	_write_multi_char	49	1		_write_multi_char
005862E4	_write_string	56	1		_write_string
0058631C	_get_int_arg	13	1		_get_int_arg
00586329	_get_int64_arg	16	1		_get_int64_arg
00586339	_get_short_arg	14	1		_get_short_arg
00586347	__XcptFilter	321	1		__XcptFilter
00586488	_xcptlookup	67	1		_xcptlookup
005864CB	__wincmdln	88	1		__wincmdln
00586523	__setenvp	185	1		__setenvp
005865DC	___crtGetEnvironmentStringsA	306	1		___crtGetEnvironmentStringsA
0058670E	__ioinit	427	1		__ioinit
005868B9	__ioterm	35	1		__ioterm
005868DC	__heap_init	60	1		__heap_init
00586918	__heap_term	117	1		__heap_term
0058698D	__FF_MSGBANNER	57	1		__FF_MSGBANNER
005869C6	__NMSG_WRITE	339	1		__NMSG_WRITE
00586B19	__GET_RTERRMSG	55	1		__GET_RTERRMSG
00586B50	fFYTOX	13	1		fFYTOX
00586B5D	fFXTOY	4	1		fFXTOY
00586B61	__fFEXP	13	1		__fFEXP
00586B6E	fF2X	33	1		fF2X
00586B8F	badP5_fdivr	5	1		badP5_fdivr
00586B94	fdivr_done	7	1		fdivr_done
00586B9B	ExpScaled	6	1		ExpScaled
00586BA1	expret	5	1		expret
00586BA6	negYTOX	18	1		negYTOX
00586BB8	evenexp	6	1		evenexp
00586BBE	_rtfor0to0	5	1		_rtfor0to0
00586BC3	negYTOXerror	5	1		negYTOXerror
00586BC8	__rtinfpopse	2	1		__rtinfpopse
00586BCA	__rtinfnpopse	16	1		__rtinfnpopse
00586BDA	__fFLN	26	1		__fFLN
00586BF4	_rtforln0	16	1		_rtforln0
00586C04	_rtforloginf	5	1		_rtforloginf
00586C09	fFLOGm	4	1		fFLOGm
00586C0D	fFLNm	2	1		fFLNm
00586C0F	fFYL2Xm	9	1		fFYL2Xm
00586C18	_rtforyto0	5	1		_rtforyto0
00586C1D	_rtfor0tox	26	1		_rtfor0tox
00586C37	zerotoxdone	1	1		zerotoxdone
00586C38	_rtfor0toneg	26	1		_rtfor0toneg
00586C52	tranzeropop	2	1		tranzeropop
00586C54	tranzeronpop	5	1		tranzeronpop
00586C59	tranindfpop	2	1		tranindfpop
00586C5B	tranindfnpop	5	1		tranindfnpop
00586C60	ExpArgOutOfRange	34	1		ExpArgOutOfRange
00586C82	_expbigret	1	1		_expbigret
00586C83	zeronpopue	12	1		zeronpopue
00586C8F	__rtinfpop	2	1		__rtinfpop
00586C91	__rtinfnpop	8	1		__rtinfnpop
00586C99	setOVERFLOW	8	1		setOVERFLOW
00586CA1	_rtforexpinf	13	1		_rtforexpinf
00586CAE	__ffexpm1	67	1		__ffexpm1
00586CF1	_isintTOS	37	1		_isintTOS
00586D16	_isintTOSret	1	1		_isintTOSret
00586D17	notanint	7	1		notanint
00586D1E	evenint	7	1		evenint
00586D25	_usepowhlp	49	1		_usepowhlp
00586D56	noerror	10	1		noerror
00586D60	__trandisp1	103	1		__trandisp1
00586DC7	__trandisp2	23	1		__trandisp2
00586DDE	cwdefault	4	1		cwdefault
00586DE2	setcw	113	1		setcw
00586E53	__rttospopde	5	1		__rttospopde
00586E58	__rttospop	2	1		__rttospop
00586E5A	__rtnospop	2	1		__rtnospop
00586E5C	__rttosnpop	1	1		__rttosnpop
00586E5D	__rtnospopde	7	1		__rtnospopde
00586E64	__rtzeropop	2	1		__rtzeropop
00586E66	__rtzeronpop	5	1		__rtzeronpop
00586E6B	__rtonepop	2	1		__rtonepop
00586E6D	__rtonenpop	5	1		__rtonenpop
00586E72	__tosnan1	29	1		__tosnan1
00586E8F	_tossnan1	14	1		_tossnan1
00586E9D	__nosnan2	2	1		__nosnan2
00586E9F	__tosnan2	30	1		__tosnan2
00586EBD	_tossnan2	7	1		_tossnan2
00586EC4	_tosnan2ret	3	1		_tosnan2ret
00586EC7	__nan2	53	1		__nan2
00586EFC	_snan2	7	1		_snan2
00586F03	_nan2ret	3	1		_nan2ret
00586F06	__rtindfpop	2	1		__rtindfpop
00586F08	__rtindfnpop	17	1		__rtindfnpop
00586F19	__rttosnpopde	7	1		__rttosnpopde
00586F20	retj	3	1		retj
00586F23	__rtchsifneg	6	1		__rtchsifneg
00586F29	chsifnegret	7	1		chsifnegret
00586F30	__startTwoArgErrorHandling	23	1		__startTwoArgErrorHandling
00586F47	__startOneArgErrorHandling	9	1		__startOneArgErrorHandling
00586F50	_ContinueErrorHandling	49	1		_ContinueErrorHandling
00586F81	CW_is_restored	411	1		CW_is_restored
0058711C	__powhlp	304	1		__powhlp
0058724C	__d_inttype	101	1		__d_inttype
005872B1	__stbuf	141	1		__stbuf
0058733E	__ftbuf	61	1		__ftbuf
0058737B	__fltin	272	1		__fltin
0058748B	___tzset	21	1		___tzset
005874A0	__tzset	606	1		__tzset
005876FE	__isindst	428	1		__isindst
005878AA	_cvtdate	320	1		_cvtdate
005879EA	_gmtime	249	1		_gmtime
00587AE3	___loctotime_t	194	1		___loctotime_t
00587BA5	__frnd	18	1		__frnd
00587BB7	__handle_qnan1	83	1		__handle_qnan1
00587C0A	__handle_qnan2	95	1		__handle_qnan2
00587C69	__except1	152	1		__except1
00587D01	__except2	165	1		__except2
00587DA6	__raise_exc	691	1		__raise_exc
00588059	__handle_exc	535	1		__handle_exc
00588270	__umatherr	136	1		__umatherr
005882F8	__set_errno	38	1		__set_errno
0058831E	__get_fname	37	1		__get_fname
00588343	__errcode	45	1		__errcode
00588370	__copysign	33	1		__copysign
00588391	__chgsign	37	1		__chgsign
005883B6	__scalb	22	1		__scalb
005883CC	__logb	231	1		__logb
005884B3	__nextafter	661	1		__nextafter
00588748	__finite	20	1		__finite
0058875C	__isnan	46	1		__isnan
0058878A	__fpclass	146	1		__fpclass
0058881C	__set_exp	41	1		__set_exp
00588845	__get_exp	20	1		__get_exp
00588859	__add_exp	44	1		__add_exp
00588885	__set_bexp	36	1		__set_bexp
005888A9	__sptype	90	1		__sptype
00588903	__decomp	193	1		__decomp
005889C4	__statfp	14	1		__statfp
005889D2	__clrfp	15	1		__clrfp
005889E1	__ctrlfp	35	1		__ctrlfp
00588A04	__set_statfp	86	1		__set_statfp
00588A5A	_realloc	288	1		_realloc
00588B7A	__msize	41	1		__msize
00588BA3	__input	2597	1		__input
005895C8	__hextodec	81	1		__hextodec
00589619	__un_inc	23	1		__un_inc
00589630	__whiteout	48	1		__whiteout
00589660	__cintrindisp2	27	1		__cintrindisp2
0058967B	resume2	20	1		resume2
0058968F	save2arg	15	1		save2arg
0058969E	__cintrindisp1	26	1		__cintrindisp1
005896B8	resume1	20	1		resume1
005896CC	save1arg	8	1		save1arg
005896D4	__ctrandisp2	58	1		__ctrandisp2
0058970E	ctranexit	7	1		ctranexit
00589715	cintrinexit	51	1		cintrinexit
00589748	checkinexact	34	1		checkinexact
0058976A	restoreCW	8	1		restoreCW
00589772	checkrng	23	1		checkrng
00589789	haveunderflow	46	1		haveunderflow
005897B7	haveoverflow	44	1		haveoverflow
005897E3	haveerror	50	1		haveerror
00589815	aftercopy	38	1		aftercopy
0058983B	movretval	10	1		movretval
00589845	__ctrandisp1	44	1		__ctrandisp1
00589871	__fload	54	1		__fload
005898A7	fpload	3	1		fpload
005898AA	return	1506	1		return
00589E8C	unknown_libname_58	76	1		unknown_libname_58
00589ED8	unknown_libname_59	76	1		unknown_libname_59
00589F24	unknown_libname_60	52	1		unknown_libname_60
00589F58	unknown_libname_61	52	1		unknown_libname_61
00589F8C	unknown_libname_62	76	1		unknown_libname_62
00589FD8	unknown_libname_63	76	1		unknown_libname_63
0058A024	unknown_libname_64	52	1		unknown_libname_64
0058A058	unknown_libname_65	52	1		unknown_libname_65
0058A08C	unknown_libname_66	1437	1		unknown_libname_66
0058A629	unknown_libname_72	6	1		unknown_libname_72
0058A62F	unknown_libname_73	6	1		unknown_libname_73
0058A635	unknown_libname_74	3	1		unknown_libname_74
0058A638	unknown_libname_75	3	1		unknown_libname_75
0058A63B	__fcloseall	88	1		__fcloseall
0058A693	__mbsnbicoll	63	1		__mbsnbicoll
0058A6D2	___wtomb_environ	110	1		___wtomb_environ
0058A740	__filbuf	217	1		__filbuf
0058A819	_wcslen	35	1		_wcslen
0058A83C	__set_sbh_threshold	23	1		__set_sbh_threshold
0058A853	___sbh_heap_init	62	1		___sbh_heap_init
0058A891	___sbh_find_block	43	1		___sbh_find_block
0058A8BC	___sbh_free_block	811	1		___sbh_free_block
0058ABE7	___sbh_alloc_block	777	1		___sbh_alloc_block
0058AEF0	___sbh_alloc_new_region	177	1		___sbh_alloc_new_region
0058AFA1	___sbh_alloc_new_group	251	1		___sbh_alloc_new_group
0058B09C	___sbh_resize_block	758	1		___sbh_resize_block
0058B392	___sbh_heapmin	209	1		___sbh_heapmin
0058B463	___sbh_heap_check	837	1		___sbh_heap_check
0058B7A8	__callnewh	128	1		__callnewh
0058B828	__mbspbrk	376	1		__mbspbrk
0058B9A0	__mbsnbcpy	138	1		__mbsnbcpy
0058BA2A	__strdup	43	1		__strdup
0058BA55	__mbscmp	135	1		__mbscmp
0058BADC	__mbsdec	72	1		__mbsdec
0058BB24	__mbsicmp	366	1		__mbsicmp
0058BC92	___crtLCMapStringA	548	1		___crtLCMapStringA
0058BEB6	_strncnt	43	1		_strncnt
0058BEE1	___crtGetStringTypeA	329	1		___crtGetStringTypeA
0058C02A	__tolower	8	1		__tolower
0058C032	_tolower	203	1		_tolower
0058C0FD	__ZeroTail	73	1		__ZeroTail
0058C146	__IncMan	86	1		__IncMan
0058C19C	__RoundMan	140	1		__RoundMan
0058C228	__CopyMan	27	1		__CopyMan
0058C243	__FillZeroMan	12	1		__FillZeroMan
0058C24F	__IsZeroMan	27	1		__IsZeroMan
0058C26A	__ShrMan	141	1		__ShrMan
0058C2F7	__ld12cvt	408	1		__ld12cvt
0058C48F	__ld12told	167	1		__ld12told
0058C536	__atoldbl	91	1		__atoldbl
0058C591	__fptostr	119	1		__fptostr
0058C608	__fltout	100	1		__fltout
0058C66C	___dtold	196	1		___dtold
0058C730	_memcpy	112	1		_memcpy
0058C7A0	LeadUp1	44	1		LeadUp1
0058C7CC	LeadUp2	36	1		LeadUp2
0058C7F0	LeadUp3	60	1		LeadUp3
0058C82C	UnwindUp7	8	1		UnwindUp7
0058C834	UnwindUp6	8	1		UnwindUp6
0058C83C	UnwindUp5	8	1		UnwindUp5
0058C844	UnwindUp4	8	1		UnwindUp4
0058C84C	UnwindUp3	8	1		UnwindUp3
0058C854	UnwindUp2	8	1		UnwindUp2
0058C85C	UnwindUp1	19	1		UnwindUp1
0058C86F	UnwindUp0	25	1		UnwindUp0
0058C888	TrailUp0	8	1		TrailUp0
0058C890	TrailUp1	12	1		TrailUp1
0058C89C	TrailUp2	20	1		TrailUp2
0058C8B0	TrailUp3	120	1		TrailUp3
0058C928	LeadDown1	32	1		LeadDown1
0058C948	LeadDown2	40	1		LeadDown2
0058C970	LeadDown3	84	1		LeadDown3
0058C9C4	UnwindDown7	8	1		UnwindDown7
0058C9CC	UnwindDown6	8	1		UnwindDown6
0058C9D4	UnwindDown5	8	1		UnwindDown5
0058C9DC	UnwindDown4	8	1		UnwindDown4
0058C9E4	UnwindDown3	8	1		UnwindDown3
0058C9EC	UnwindDown2	8	1		UnwindDown2
0058C9F4	UnwindDown1	19	1		UnwindDown1
0058CA07	UnwindDown0	25	1		UnwindDown0
0058CA20	TrailDown0	8	1		TrailDown0
0058CA28	TrailDown1	16	1		TrailDown1
0058CA38	TrailDown2	20	1		TrailDown2
0058CA4C	TrailDown3	25	1		TrailDown3
0058CA65	__fptrap	9	1		__fptrap
0058CA6E	__alloc_osfhnd	149	1		__alloc_osfhnd
0058CB03	__set_osfhnd	119	1		__set_osfhnd
0058CB7A	__free_osfhnd	122	1		__free_osfhnd
0058CBF4	__get_osfhandle	61	1		__get_osfhandle
0058CC31	__open_osfhandle	157	1		__open_osfhandle
0058CCCE	__commit	87	1		__commit
0058CD25	__write	452	1		__write
0058CEE9	__sopen	697	1		__sopen
0058D1A2	__mbsrchr	96	1		__mbsrchr
0058D202	__getpath	116	1		__getpath
0058D276	__mbschr	115	1		__mbschr
0058D2E9	__dospawn	479	1		__dospawn
0058D4C8	__cenvarg	516	1		__cenvarg
0058D6CC	?__CxxUnhandledExceptionFilter@@YGJPAU_EXCEPTION_POINTERS@@@Z	100	1		__CxxUnhandledExceptionFilter
0058D730	?_ValidateRead@@YAHPBXI@Z	28	1		_ValidateRead
0058D74C	?_ValidateWrite@@YAHPAXI@Z	28	1		_ValidateWrite
0058D768	?_ValidateExecute@@YAHP6GHXZ@Z	24	1		_ValidateExecute
0058D780	_strcmp	16	1		_strcmp
0058D790	dodwords	48	1		dodwords
0058D7C0	doneeq	4	1		doneeq
0058D7C4	donene	8	1		donene
0058D7CC	dopartial	28	1		dopartial
0058D7E8	doword	28	1		doword
0058D804	_abort	23	1		_abort
0058D81B	__lseek	154	1		__lseek
0058D8B5	__getbuf	68	1		__getbuf
0058D8F9	__isatty	38	1		__isatty
0058D91F	_wctomb	113	1		_wctomb
0058D990	__aulldiv	112	1		__aulldiv
0058DA00	__aullrem	134	1		__aullrem
0058DA86	__ismbbkprint	17	1		__ismbbkprint
0058DA97	__ismbbkpunct	17	1		__ismbbkpunct
0058DAA8	__ismbbalnum	20	1		__ismbbalnum
0058DABC	__ismbbalpha	20	1		__ismbbalpha
0058DAD0	__ismbbgraph	20	1		__ismbbgraph
0058DAE4	__ismbbprint	20	1		__ismbbprint
0058DAF8	__ismbbpunct	17	1		__ismbbpunct
0058DB09	__ismbblead	17	1		__ismbblead
0058DB1A	__ismbbtrail	17	1		__ismbbtrail
0058DB2B	__ismbbkana	39	1		__ismbbkana
0058DB52	_x_ismbbtype	883	1		_x_ismbbtype
0058DEC5	___crtMessageBoxA	137	1		___crtMessageBoxA
0058DF4E	__87except	208	1		__87except
0058E01E	___strgtold12	1233	1		___strgtold12
0058E4EF	___STRINGTOLD	63	1		___STRINGTOLD
0058E52E	_ldexp	486	1		_ldexp
0058E714	_mbtowc	200	1		_mbtowc
0058E7DC	_ungetc	110	1		_ungetc
0058E84A	___crtCompareStringA	680	1		___crtCompareStringA
0058EAF2	___crtsetenv	391	1		___crtsetenv
0058EC79	_findenv	88	1		_findenv
0058ECD1	_copy_environ	103	1		_copy_environ
0058ED38	__read	504	1		__read
0058EF30	_strpbrk	20	1		_strpbrk
0058EF44	listnext	13	1		listnext
0058EF51	listdone	3	1		listdone
0058EF54	dstnext	16	1		dstnext
0058EF64	dstdone	12	1		dstdone
0058EF70	__strcmpi	28	1		__strcmpi
0058EF8C	chk_null	50	1		chk_null
0058EFBE	done	5	1		done
0058EFC3	notclocale	9	1		notclocale
0058EFCC	chk_null2	43	1		chk_null2
0058EFF7	done2	5	1		done2
0058EFFC	___addl	33	1		___addl
0058F01D	___add_12	94	1		___add_12
0058F07B	___shl_12	46	1		___shl_12
0058F0A9	___shr_12	45	1		___shr_12
0058F0D6	___mtold12	199	1		___mtold12
0058F19D	_$I10_OUTPUT	659	1		_$I10_OUTPUT
0058F430	__chsize	326	1		__chsize
0058F576	_signal	268	1		_signal
0058F682	HandlerRoutine	56	1		HandlerRoutine
0058F6BA	_raise	301	1		_raise
0058F7E7	_siglookup	69	1		_siglookup
0058F82C	___ld12mul	544	1		___ld12mul
0058FA4C	___multtenpow12	124	1		___multtenpow12
0058FAC8	__setmode	120	1		__setmode
0058FB40	ImmNotifyIME	6	1		ImmNotifyIME
0058FB46	ImmGetDefaultIMEWnd	6	1		ImmGetDefaultIMEWnd
0058FB4C	ImmSetCompositionWindow	4116	1		ImmSetCompositionWindow
00590B60	DirectInputCreateA	3456	1		DirectInputCreateA
005918E0	DirectPlayCreate	6	1		DirectPlayCreate
005918E6	timeGetTime	6	1		timeGetTime
005918EC	mixerSetControlDetails	6	1		mixerSetControlDetails
005918F2	mixerGetControlDetailsA	6	1		mixerGetControlDetailsA
005918F8	mixerGetLineControlsA	6	1		mixerGetLineControlsA
005918FE	mixerClose	6	1		mixerClose
00591904	mixerGetLineInfoA	6	1		mixerGetLineInfoA
0059190A	mixerOpen	6	1		mixerOpen
00591910	mixerGetDevCapsA	6	1		mixerGetDevCapsA
00591916	mixerGetNumDevs	6	1		mixerGetNumDevs
0059191C	mciSendCommandA	6	1		mciSendCommandA
00591922	joyGetNumDevs_0	6	1		joyGetNumDevs_0
00591928	GetFileAttributesA	6	1		GetFileAttributesA
0059192E	FreeLibrary	6	1		FreeLibrary
00591934	Sleep	6	1		Sleep
0059193A	ExitProcess	6	1		ExitProcess
00591940	GetModuleHandleA	6	1		GetModuleHandleA
00591946	IsDBCSLeadByte	6	1		IsDBCSLeadByte
0059194C	GlobalAlloc	6	1		GlobalAlloc
00591952	GetModuleFileNameA	6	1		GetModuleFileNameA
00591958	QueryPerformanceCounter	6	1		QueryPerformanceCounter
0059195E	QueryPerformanceFrequency	6	1		QueryPerformanceFrequency
00591964	SetThreadPriority	6	1		SetThreadPriority
0059196A	SetPriorityClass	6	1		SetPriorityClass
00591970	GetThreadPriority	6	1		GetThreadPriority
00591976	GetCurrentThread	6	1		GetCurrentThread
0059197C	GetPriorityClass	6	1		GetPriorityClass
00591982	GetCurrentProcess	6	1		GetCurrentProcess
00591988	DebugBreak	6	1		DebugBreak
0059198E	CreateFileA	6	1		CreateFileA
00591994	SetFilePointer	6	1		SetFilePointer
0059199A	WriteFile	6	1		WriteFile
005919A0	ReadFile	6	1		ReadFile
005919A6	CloseHandle	6	1		CloseHandle
005919AC	FindClose	6	1		FindClose
005919B2	FindNextFileA	6	1		FindNextFileA
005919B8	FindFirstFileA	6	1		FindFirstFileA
005919BE	CreateThread	6	1		CreateThread
005919C4	TerminateProcess	6	1		TerminateProcess
005919CA	CreateProcessA	6	1		CreateProcessA
005919D0	GetStartupInfoA	6	1		GetStartupInfoA
005919D6	GetStringTypeExA	6	1		GetStringTypeExA
005919DC	CreateEventA	6	1		CreateEventA
005919E2	WideCharToMultiByte	6	1		WideCharToMultiByte
005919E8	MultiByteToWideChar	6	1		MultiByteToWideChar
005919EE	GetVersionExA	6	1		GetVersionExA
005919F4	InitializeCriticalSection	6	1		InitializeCriticalSection
005919FA	DeleteCriticalSection	6	1		DeleteCriticalSection
00591A00	InterlockedIncrement	6	1		InterlockedIncrement
00591A06	InterlockedDecrement	6	1		InterlockedDecrement
00591A0C	LeaveCriticalSection	6	1		LeaveCriticalSection
00591A12	EnterCriticalSection	6	1		EnterCriticalSection
00591A18	IsBadReadPtr	6	1		IsBadReadPtr
00591A1E	GetDriveTypeA	6	1		GetDriveTypeA
00591A24	lstrcmpA	6	1		lstrcmpA
00591A2A	GlobalFree	6	1		GlobalFree
00591A30	GetLastError	6	1		GetLastError
00591A36	SetLastError	6	1		SetLastError
00591A3C	lstrlenA	6	1		lstrlenA
00591A42	lstrcpyA	6	1		lstrcpyA
00591A48	VirtualAlloc	6	1		VirtualAlloc
00591A4E	GetSystemInfo	6	1		GetSystemInfo
00591A54	VirtualFree	6	1		VirtualFree
00591A5A	DeleteFileA	6	1		DeleteFileA
00591A60	RtlUnwind	6	1		RtlUnwind
00591A66	GetCommandLineA	6	1		GetCommandLineA
00591A6C	GetVersion	6	1		GetVersion
00591A72	GetTimeZoneInformation	6	1		GetTimeZoneInformation
00591A78	GetSystemTime	6	1		GetSystemTime
00591A7E	GetLocalTime	6	1		GetLocalTime
00591A84	HeapFree	6	1		HeapFree
00591A8A	HeapAlloc	6	1		HeapAlloc
00591A90	GetCPInfo	6	1		GetCPInfo
00591A96	GetACP	6	1		GetACP
00591A9C	GetOEMCP	6	1		GetOEMCP
00591AA2	UnhandledExceptionFilter	6	1		UnhandledExceptionFilter
00591AA8	FreeEnvironmentStringsA	6	1		FreeEnvironmentStringsA
00591AAE	FreeEnvironmentStringsW	6	1		FreeEnvironmentStringsW
00591AB4	GetEnvironmentStrings	6	1		GetEnvironmentStrings
00591ABA	GetEnvironmentStringsW	6	1		GetEnvironmentStringsW
00591AC0	SetHandleCount	6	1		SetHandleCount
00591AC6	GetStdHandle	6	1		GetStdHandle
00591ACC	GetFileType	6	1		GetFileType
00591AD2	HeapDestroy	6	1		HeapDestroy
00591AD8	HeapCreate	6	1		HeapCreate
00591ADE	RaiseException	6	1		RaiseException
00591AE4	HeapReAlloc	6	1		HeapReAlloc
00591AEA	HeapSize	6	1		HeapSize
00591AF0	IsBadWritePtr	6	1		IsBadWritePtr
00591AF6	LCMapStringA	6	1		LCMapStringA
00591AFC	LCMapStringW	6	1		LCMapStringW
00591B02	GetStringTypeA	6	1		GetStringTypeA
00591B08	GetStringTypeW	6	1		GetStringTypeW
00591B0E	SetStdHandle	6	1		SetStdHandle
00591B14	FlushFileBuffers	6	1		FlushFileBuffers
00591B1A	GetExitCodeProcess	6	1		GetExitCodeProcess
00591B20	SetUnhandledExceptionFilter	6	1		SetUnhandledExceptionFilter
00591B26	IsBadCodePtr	6	1		IsBadCodePtr
00591B2C	CompareStringA	6	1		CompareStringA
00591B32	CompareStringW	6	1		CompareStringW
00591B38	SetEnvironmentVariableA	6	1		SetEnvironmentVariableA
00591B3E	SetEndOfFile	6	1		SetEndOfFile
00591B44	SetConsoleCtrlHandler	6	1		SetConsoleCtrlHandler
00591B4A	DispatchMessageA	6	1		DispatchMessageA
00591B50	TranslateMessage	6	1		TranslateMessage
00591B56	PeekMessageA	6	1		PeekMessageA
00591B5C	IsWindow	6	1		IsWindow
00591B62	SendMessageA	6	1		SendMessageA
00591B68	ShowWindow	6	1		ShowWindow
00591B6E	MoveWindow	6	1		MoveWindow
00591B74	ReleaseDC	6	1		ReleaseDC
00591B7A	GetDC	6	1		GetDC
00591B80	GetWindowRect	6	1		GetWindowRect
00591B86	SetWindowLongA	6	1		SetWindowLongA
00591B8C	GetWindowLongA	6	1		GetWindowLongA
00591B92	GetAsyncKeyState	6	1		GetAsyncKeyState
00591B98	SetForegroundWindow	6	1		SetForegroundWindow
00591B9E	ShowCursor	6	1		ShowCursor
00591BA4	UpdateWindow	6	1		UpdateWindow
00591BAA	GetClientRect	6	1		GetClientRect
00591BB0	CreateWindowExA	6	1		CreateWindowExA
00591BB6	RegisterClassA	6	1		RegisterClassA
00591BBC	LoadCursorA	6	1		LoadCursorA
00591BC2	LoadIconA	6	1		LoadIconA
00591BC8	GetSystemMetrics	6	1		GetSystemMetrics
00591BCE	GetMessageA	6	1		GetMessageA
00591BD4	SetWindowTextA	6	1		SetWindowTextA
00591BDA	MapWindowPoints	6	1		MapWindowPoints
00591BE0	DestroyWindow	6	1		DestroyWindow
00591BE6	UnregisterClassA	6	1		UnregisterClassA
00591BEC	DefWindowProcA	6	1		DefWindowProcA
00591BF2	SetCapture	6	1		SetCapture
00591BF8	ReleaseCapture	6	1		ReleaseCapture
00591BFE	PostMessageA	6	1		PostMessageA
00591C04	SetActiveWindow	6	1		SetActiveWindow
00591C0A	CharPrevA	6	1		CharPrevA
00591C10	SetRect	6	1		SetRect
00591C16	GetActiveWindow	6	1		GetActiveWindow
00591C1C	GetKeyNameTextA	6	1		GetKeyNameTextA
00591C22	LoadStringA	6	1		LoadStringA
00591C28	DrawTextA	6	1		DrawTextA
00591C2E	GetDeviceCaps	6	1		GetDeviceCaps
00591C34	DeleteObject	6	1		DeleteObject
00591C3A	CreateSolidBrush	6	1		CreateSolidBrush
00591C40	CreateFontA	6	1		CreateFontA
00591C46	SetTextColor	6	1		SetTextColor
00591C4C	SetBkMode	6	1		SetBkMode
00591C52	GetTextExtentPoint32A	6	1		GetTextExtentPoint32A
00591C58	SelectObject	6	1		SelectObject
00591C5E	TextOutA	6	1		TextOutA
00591C64	SetBkColor	6	1		SetBkColor
00591C6A	Rectangle	6	1		Rectangle
00591C70	GetStockObject	6	1		GetStockObject
00591C76	RegCloseKey	6	1		RegCloseKey
00591C7C	RegQueryValueExA	6	1		RegQueryValueExA
00591C82	RegOpenKeyExA	6	1		RegOpenKeyExA
00591C88	CoUninitialize	6	1		CoUninitialize
00591C8E	CoCreateInstance	6	1		CoCreateInstance
00591C94	CoInitialize	12	1		CoInitialize
00591CA0	??0fxTexelDamage@@QAE@XZ	32	1	fxTexelDamage	fxTexelDamage
00591CC0	??1fxTexelDamage@@QAE@XZ	16	1	fxTexelDamage	~fxTexelDamage
00591CD0	?Kill@fxTexelDamage@@AAEXXZ	64	1	fxTexelDamage	Kill
00591D10	?Init@fxTexelDamage@@QAE_NPAVmodStatic@@PAVmodShader@@H@Z	1152	1	fxTexelDamage	Init
00592190	?Reset@fxTexelDamage@@QAEXXZ	80	1	fxTexelDamage	Reset
005921E0	?ApplyDamage@fxTexelDamage@@QAEXABVVector3@@M@Z	1744	1	fxTexelDamage	ApplyDamage
005928B0	??0Card2D@@QAE@XZ	32	1	Card2D	Card2D
005928D0	?Init@Card2D@@QAEXPAVasCamera@@MMMMM@Z	64	1	Card2D	Init
00592910	?SetDimensions@Card2D@@QAEXMMMM@Z	240	1	Card2D	SetDimensions
00592A00	?SetPosition@Card2D@@QAEXMM@Z	32	1	Card2D	SetPosition
00592A20	?SetAlpha@Card2D@@QAEXM@Z	96	1	Card2D	SetAlpha
00592A80	?Update@Card2D@@UAEXXZ	16	1	Card2D	Update
00592A90	?Cull@Card2D@@EAEXXZ	448	1	Card2D	Cull
00592C50	??_GCard2D@@UAEPAXI@Z	48	1	Card2D	`scalar deleting destructor'
00592C80	??1Card2D@@UAE@XZ	64	1	Card2D	~Card2D
00592CC0	??0dgTrailerJoint@@QAE@XZ	48	1	dgTrailerJoint	dgTrailerJoint
00592CF0	??1dgTrailerJoint@@UAE@XZ	32	1	dgTrailerJoint	~dgTrailerJoint
00592D10	?GetDirName@dgTrailerJoint@@UAEPBDXZ	16	1	dgTrailerJoint	GetDirName
00592D20	?Init@dgTrailerJoint@@QAEXPBDPAVphInertialCS@@1ABVVector3@@2@Z	304	1	dgTrailerJoint	Init
00592E50	?Reset@dgTrailerJoint@@QAEXXZ	112	1	dgTrailerJoint	Reset
00592EC0	?SetPosition@dgTrailerJoint@@QAEXABVVector3@@@Z	304	1	dgTrailerJoint	SetPosition
00592FF0	?SetCosFreeLean@dgTrailerJoint@@QAEXXZ	16	1	dgTrailerJoint	SetCosFreeLean
00593000	?SetRotate1@dgTrailerJoint@@QAEXABVMatrix34@@@Z	32	1	dgTrailerJoint	SetRotate1
00593020	?SetRotate2@dgTrailerJoint@@QAEXABVMatrix34@@@Z	32	1	dgTrailerJoint	SetRotate2
00593040	?SetFrictionLean@dgTrailerJoint@@QAEXMMM@Z	48	1	dgTrailerJoint	SetFrictionLean
00593070	?SetFrictionRoll@dgTrailerJoint@@QAEXMMM@Z	48	1	dgTrailerJoint	SetFrictionRoll
005930A0	?SetLeanLimit@dgTrailerJoint@@QAEXMM@Z	32	1	dgTrailerJoint	SetLeanLimit
005930C0	?SetRollLimit@dgTrailerJoint@@QAEXMM@Z	32	1	dgTrailerJoint	SetRollLimit
005930E0	?SetRollLimit@dgTrailerJoint@@QAEXMMM@Z	48	1	dgTrailerJoint	SetRollLimit
00593110	?SetRestOrientation@dgTrailerJoint@@QAEXXZ	96	1	dgTrailerJoint	SetRestOrientation
00593170	?SetRestOrientMat@dgTrailerJoint@@QAEXABVMatrix34@@@Z	64	1	dgTrailerJoint	SetRestOrientMat
005931B0	?SetRestOrientMat@dgTrailerJoint@@QAEXABVMatrix34@@0@Z	80	1	dgTrailerJoint	SetRestOrientMat
00593200	?SetForceLimit@dgTrailerJoint@@QAEXM@Z	16	1	dgTrailerJoint	SetForceLimit
00593210	?SetJointForceFlag@dgTrailerJoint@@QAEXXZ	160	1	dgTrailerJoint	SetJointForceFlag
005932B0	?Update@dgTrailerJoint@@QAEXXZ	4096	1	dgTrailerJoint	Update
005942B0	?MoveICS@dgTrailerJoint@@QAEXXZ	32	1	dgTrailerJoint	MoveICS
005942D0	?BreakJoint@dgTrailerJoint@@QAEXXZ	16	1	dgTrailerJoint	BreakJoint
005942E0	?UnbreakJoint@dgTrailerJoint@@QAEXXZ	16	1	dgTrailerJoint	UnbreakJoint
005942F0	?DoJointTorque@dgTrailerJoint@@QAEXABVMatrix34@@000AAM1AAVVector3@@11@Z	1728	1	dgTrailerJoint	DoJointTorque
005949B0	?DoJointLimits@dgTrailerJoint@@QAEXMABVVector3@@M0AAV2@ABVMatrix34@@2222@Z	1744	1	dgTrailerJoint	DoJointLimits
00595080	?ComputeInvMassMatrix@dgTrailerJoint@@UBEXPAVphInertialCS@@AAVMatrix34@@ABVVector3@@@Z	784	1	dgTrailerJoint	ComputeInvMassMatrix
00595390	?ComputeInvMassMatrix@dgTrailerJoint@@QAEXPAVphInertialCS@@0AAVMatrix34@@ABVVector3@@@Z	1504	1	dgTrailerJoint	ComputeInvMassMatrix
00595970	?FileIO@dgTrailerJoint@@UAEXAAVdatParser@@@Z	352	1	dgTrailerJoint	FileIO
00595AD0	?GetInvMassMatrix@phJoint@@UAEAAVMatrix34@@XZ	16	1	phJoint	GetInvMassMatrix
00595AE0	?AfterLoad@asFileIO@@MAEXXZ	16	1	asFileIO	AfterLoad
00595AF0	?BeforeSave@asFileIO@@MAEXXZ	16	1	asFileIO	BeforeSave
00595B00	?GetClassName@dgTrailerJoint@@UAEPBDXZ	16	1	dgTrailerJoint	GetClassName
00595B10	?Load@dgTrailerJoint@@UAE_NXZ	16	1	dgTrailerJoint	Load
00595B20	?Save@dgTrailerJoint@@UAE_NXZ	16	1	dgTrailerJoint	Save
00595B30	?IsBroken@dgTrailerJoint@@UBE_NXZ	16	1	dgTrailerJoint	IsBroken
00595B40	??_GdgTrailerJoint@@UAEPAXI@Z	48	1	dgTrailerJoint	`scalar deleting destructor'
00595B70	?InvScale@Vector3@@QAEXM@Z	32	1	Vector3	InvScale
00595B90	??0phJoint@@QAE@XZ	80	1	phJoint	phJoint
00595BE0	??0phJoint@@QAE@PAVphInertialCS@@0ABVVector3@@1@Z	48	1	phJoint	phJoint
00595C10	??0phJoint@@QAE@PAVphInertialCS@@0ABVVector3@@@Z	48	1	phJoint	phJoint
00595C40	?Init@phJoint@@QAEXPAVphInertialCS@@0ABVVector3@@@Z	208	1	phJoint	Init
00595D10	?Init@phJoint@@QAEXPAVphInertialCS@@0ABVVector3@@1@Z	160	1	phJoint	Init
00595DB0	?Reset@phJoint@@QAEXXZ	32	1	phJoint	Reset
00595DD0	?Update@phJoint@@QAEXXZ	32	1	phJoint	Update
00595DF0	?ComputeInvMassMatrix@phJoint@@UAEXXZ	160	1	phJoint	ComputeInvMassMatrix
00595E90	?ComputeInvMassMatrix@phJoint@@UBEXPAVphInertialCS@@AAVMatrix34@@ABVVector3@@@Z	16	1	phJoint	ComputeInvMassMatrix
00595EA0	?ComputeJointForce@phJoint@@UAEXXZ	544	1	phJoint	ComputeJointForce
005960C0	?ComputeJointPush@phJoint@@UAEXXZ	304	1	phJoint	ComputeJointPush
005961F0	?IsBroken@phJoint@@UBE_NXZ	16	1	phJoint	IsBroken
00596200	??0asViewCS@@QAE@XZ	304	1	asViewCS	asViewCS
00596330	?SetAzimuth@asViewCS@@QAEXXZ	96	1	asViewCS	SetAzimuth
00596390	?Reset@asViewCS@@UAEXXZ	368	1	asViewCS	Reset
00596500	?Update@asViewCS@@UAEXXZ	128	1	asViewCS	Update
00596580	?UpdatePolar@asViewCS@@QAEXXZ	352	1	asViewCS	UpdatePolar
005966E0	?UpdateRoam@asViewCS@@QAEXXZ	256	1	asViewCS	UpdateRoam
005967E0	?UpdatePOV@asViewCS@@QAEXXZ	160	1	asViewCS	UpdatePOV
00596880	?UpdateLookAt@asViewCS@@QAEXXZ	96	1	asViewCS	UpdateLookAt
005968E0	?UpdateTrack@asViewCS@@QAEXXZ	928	1	asViewCS	UpdateTrack
00596C80	?UpdateStereo@asViewCS@@QAEXXZ	352	1	asViewCS	UpdateStereo
00596DE0	??_GasViewCS@@UAEPAXI@Z	48	1	asViewCS	`scalar deleting destructor'
00596E10	??1asViewCS@@UAE@XZ	16	1	asViewCS	~asViewCS
00596E20	??0asDofCS@@QAE@XZ	240	1	asDofCS	asDofCS
00596F10	??4asDofCS@@QAEXABV0@@Z	320	1	asDofCS	operator=
00597050	?Reset@asDofCS@@UAEXXZ	48	1	asDofCS	Reset
00597080	?SetTime@asDofCS@@QAEXMMH@Z	112	1	asDofCS	SetTime
005970F0	?Update@asDofCS@@UAEXXZ	1632	1	asDofCS	Update
00597750	?AddWidgets@asDofCS@@QAEXPAVBank@@@Z	16	1	asDofCS	AddWidgets
00597760	??_GasDofCS@@UAEPAXI@Z	48	1	asDofCS	`scalar deleting destructor'
00597790	??0asFileIO@@QAE@XZ	16	1	asFileIO	asFileIO
005977A0	??1asFileIO@@UAE@XZ	96	1	asFileIO	~asFileIO
00597800	?Save@asFileIO@@MAE_NXZ	144	1	asFileIO	Save
00597890	?Load@asFileIO@@MAE_NXZ	176	1	asFileIO	Load
00597940	?SetName@asFileIO@@QAEXPBD@Z	48	1	asFileIO	SetName
00597970	?GetDirName@asFileIO@@MAEPBDXZ	16	1	asFileIO	GetDirName
00597980	??_GasFileIO@@UAEPAXI@Z	48	1	asFileIO	`scalar deleting destructor'
005979B0	?FileIO@asFileIO@@MAEXAAVdatParser@@@Z	16	1	asFileIO	FileIO
005979C0	?GetClassName@asFileIO@@MAEPBDXZ	96	1	asFileIO	GetClassName
00597A20	?ModelAlreadyLoaded@modModel@@SA_NPBD@Z	32	1	modModel	ModelAlreadyLoaded
00597A40	?DeleteModelHash@modModel@@SAXPBD@Z	48	1	modModel	DeleteModelHash
00597A70	?modGetModel@@YAPAVmodModel@@PBDI_N1@Z	352	1		modGetModel
00597BD0	?modConvertModel@@YAXPBD0_N@Z	304	1		modConvertModel
00597D00	?Draw@modModel@@QBEXPBVMatrix44@@PAVmodShader@@I@Z	416	1	modModel	Draw
00597EA0	?DrawWithTexGenCoords@modModel@@QBEXPBVMatrix44@@AAVgfxTexture@@I@Z	96	1	modModel	DrawWithTexGenCoords
00597F00	?DrawPlain@modModel@@QBEXPBVMatrix44@@I@Z	176	1	modModel	DrawPlain
00597FB0	?GetBoundingBox@modModel@@QBEXAAVVector3@@0PAVMatrix34@@@Z	480	1	modModel	GetBoundingBox
00598190	?GetAdjunctCount@modModel@@QBEHXZ	48	1	modModel	GetAdjunctCount
005981C0	?CopyShaders@modModel@@QBEPAVmodShader@@XZ	112	1	modModel	CopyShaders
00598230	?GetPosition@modModel@@QBEAAVVector3@@AAV2@H@Z	96	1	modModel	GetPosition
00598290	?SetPosition@modModel@@QBEXABVVector3@@H@Z	96	1	modModel	SetPosition
005982F0	?LoadAscii@modModel@@AAE_NAAVdatTokenizer@@@Z	3584	1	modModel	LoadAscii
005990F0	?LoadBinary@modModel@@AAE_NAAVdatBinTokenizer@@@Z	2256	1	modModel	LoadBinary
005999C0	?SaveToBinary@modModel@@AAE_NAAVdatTokenizer@@PAVStream@@@Z	2080	1	modModel	SaveToBinary
0059A1E0	?UnderscoreSpaces@@YAXPADH@Z	48	1		UnderscoreSpaces
0059A210	?SaveToAscii@modModel@@AAE_NAAVdatBinTokenizer@@PAVStream@@@Z	2240	1	modModel	SaveToAscii
0059AAD0	??0datRefCount@@IAE@XZ	16	1	datRefCount	datRefCount
0059AAE0	??1datRefCount@@MAE@XZ	16	1	datRefCount	~datRefCount
0059AAF0	?IncRef@datRefCount@@QBEHXZ	16	1	datRefCount	IncRef
0059AB00	?DecRef@datRefCount@@QBEHXZ	32	1	datRefCount	DecRef
0059AB20	??_GdatRefCount@@MAEPAXI@Z	96	1	datRefCount	`scalar deleting destructor'
0059AB80	??0ltLight@@QAE@XZ	64	1	ltLight	ltLight
0059ABC0	??1ltLight@@QAE@XZ	16	1	ltLight	~ltLight
0059ABD0	?ShutdownLights@ltLight@@SAXXZ	32	1	ltLight	ShutdownLights
0059ABF0	?Default@ltLight@@QAEXXZ	80	1	ltLight	Default
0059AC40	?Random@ltLight@@QAEXXZ	112	1	ltLight	Random
0059ACB0	?Draw@ltLight@@QAEXM@Z	224	1	ltLight	Draw
0059AD90	?DrawGlow@ltLight@@QAEXABVVector3@@@Z	160	1	ltLight	DrawGlow
0059AE30	?DrawGlowBegin@ltLight@@SAXXZ	192	1	ltLight	DrawGlowBegin
0059AEF0	?DrawGlowEnd@ltLight@@SAXXZ	192	1	ltLight	DrawGlowEnd
0059AFB0	?DrawHighlight@ltLight@@QAEXABVVector3@@ABVMatrix34@@@Z	960	1	ltLight	DrawHighlight
0059B370	j_nullsub_249	16	1		j_nullsub_249
0059B380	nullsub_249	16	1		nullsub_249
0059B390	?SetUpGfxLightBegin@ltLight@@SAXABVVector3@@@Z	80	1	ltLight	SetUpGfxLightBegin
0059B3E0	?GetNumPointLights@ltLight@@SAHXZ	16	1	ltLight	GetNumPointLights
0059B3F0	?GetPointLight@ltLight@@SAPAV1@H@Z	32	1	ltLight	GetPointLight
0059B410	?GetClosestLight@ltLight@@SAPAV1@XZ	80	1	ltLight	GetClosestLight
0059B460	?SetUpGfxLightEnd@ltLight@@SAXXZ	336	1	ltLight	SetUpGfxLightEnd
0059B5B0	?SetUpGfxLight@ltLight@@QAEXXZ	400	1	ltLight	SetUpGfxLight
0059B740	?SetGfxLight@ltLight@@QAE_NAAUgfxLight@@ABVVector3@@@Z	592	1	ltLight	SetGfxLight
0059B990	?Illuminate@ltLight@@QAEXAAVVector3@@00@Z	192	1	ltLight	Illuminate
0059BA50	?ComputeIntensity@ltLight@@QAEMABVVector3@@M@Z	288	1	ltLight	ComputeIntensity
0059BB70	?ComputeDistance@ltLight@@QAEMABVVector3@@@Z	64	1	ltLight	ComputeDistance
0059BBB0	?SetUpProjection@ltLight@@QAEXAAVltProjection@@@Z	240	1	ltLight	SetUpProjection
0059BCA0	?FileIO@ltLight@@QAEXAAVdatParser@@@Z	224	1	ltLight	FileIO
0059BD80	??0ltFlare@@QAE@XZ	48	1	ltFlare	ltFlare
0059BDB0	?Random@ltFlare@@QAEXXZ	208	1	ltFlare	Random
0059BE80	??0ltLensFlare@@QAE@H@Z	256	1	ltLensFlare	ltLensFlare
0059BF80	??1ltLensFlare@@QAE@XZ	32	1	ltLensFlare	~ltLensFlare
0059BFA0	?DrawBegin@ltLensFlare@@QAEXXZ	288	1	ltLensFlare	DrawBegin
0059C0C0	?DrawEnd@ltLensFlare@@QAEXXZ	256	1	ltLensFlare	DrawEnd
0059C1C0	?Draw@ltLensFlare@@QAEXAAVVector3@@0M@Z	848	1	ltLensFlare	Draw
0059C510	??0ltProjection@@QAE@H@Z	112	1	ltProjection	ltProjection
0059C580	??1ltProjection@@QAE@XZ	48	1	ltProjection	~ltProjection
0059C5B0	?MakeOrthoMatrix@ltProjection@@QAEXABVVector3@@00M@Z	448	1	ltProjection	MakeOrthoMatrix
0059C770	?DrawBegin@ltProjection@@QAEXABVMatrix34@@@Z	480	1	ltProjection	DrawBegin
0059C950	?DrawEnd@ltProjection@@QAEXXZ	112	1	ltProjection	DrawEnd
0059C9C0	?DrawMultiStageBegin@ltProjection@@QAEXHABVMatrix34@@@Z	352	1	ltProjection	DrawMultiStageBegin
0059CB20	?DrawMultiStageEnd@ltProjection@@QAEXH@Z	96	1	ltProjection	DrawMultiStageEnd
0059CB80	?OffScreenBegin@ltProjection@@QAEX_N@Z	656	1	ltProjection	OffScreenBegin
0059CE10	?OffScreenEnd@ltProjection@@QAEXXZ	544	1	ltProjection	OffScreenEnd
0059D030	?DrawAmbient@ltProjection@@QAEXABVVector3@@@Z	512	1	ltProjection	DrawAmbient
0059D230	?DrawDebug@ltProjection@@QAEXXZ	288	1	ltProjection	DrawDebug
0059D350	??0aiCableCarAudio@@QAE@XZ	80	1	aiCableCarAudio	aiCableCarAudio
0059D3A0	??1aiCableCarAudio@@UAE@XZ	96	1	aiCableCarAudio	~aiCableCarAudio
0059D400	?Init@aiCableCarAudio@@QAEXPAVVector3@@PAM@Z	64	1	aiCableCarAudio	Init
0059D440	?Reset@aiCableCarAudio@@QAEXXZ	16	1	aiCableCarAudio	Reset
0059D450	?UnAssignSounds@aiCableCarAudio@@UAEXH@Z	16	1	aiCableCarAudio	UnAssignSounds
0059D460	?UpdateAudio@aiCableCarAudio@@UAEXXZ	48	1	aiCableCarAudio	UpdateAudio
0059D490	?UpdateAudio@aiCableCarAudio@@QAEHM@Z	160	1	aiCableCarAudio	UpdateAudio
0059D530	?AssignSounds@aiCableCarAudio@@UAEXXZ	304	1	aiCableCarAudio	AssignSounds
0059D660	??0aiSubwayAudio@@QAE@XZ	32	1	aiSubwayAudio	aiSubwayAudio
0059D680	??1aiSubwayAudio@@UAE@XZ	16	1	aiSubwayAudio	~aiSubwayAudio
0059D690	?Activate@aiSubwayAudio@@QAEXH@Z	64	1	aiSubwayAudio	Activate
0059D6D0	?Deactivate@aiSubwayAudio@@QAEXH@Z	64	1	aiSubwayAudio	Deactivate
0059D710	?Update@aiSubwayAudio@@QAEXM@Z	128	1	aiSubwayAudio	Update
0059D790	??0vehWheelCheap@@QAE@XZ	208	1	vehWheelCheap	vehWheelCheap
0059D860	?Reset@vehWheelCheap@@UAEXXZ	48	1	vehWheelCheap	Reset
0059D890	?Init@vehWheelCheap@@QAEXPAVVector3@@PAVaiVehicleData@@PAVphInertialCS@@@Z	224	1	vehWheelCheap	Init
0059D970	?Update@vehWheelCheap@@UAEXXZ	2320	1	vehWheelCheap	Update
0059E280	??_GvehWheelCheap@@UAEPAXI@Z	48	1	vehWheelCheap	`scalar deleting destructor'
0059E2B0	??0aiCableCarAudioData@@QAE@XZ	144	1	aiCableCarAudioData	aiCableCarAudioData
0059E340	??1aiCableCarAudioData@@QAE@XZ	16	1	aiCableCarAudioData	~aiCableCarAudioData
0059E350	?Stop@aiCableCarAudioData@@QAEXXZ	48	1	aiCableCarAudioData	Stop
0059E380	?GetGoPtr@aiCableCarAudioData@@QAEPAVAudSoundBase@@XZ	16	1	aiCableCarAudioData	GetGoPtr
0059E390	?GetStopPtr@aiCableCarAudioData@@QAEPAVAudSoundBase@@XZ	16	1	aiCableCarAudioData	GetStopPtr
0059E3A0	?GetLoopPtr@aiCableCarAudioData@@QAEPAVAudSoundBase@@XZ	16	1	aiCableCarAudioData	GetLoopPtr
0059E3B0	?GetGetSpeedPtr@aiCableCarAudioData@@QAEPAVAudSoundBase@@XZ	16	1	aiCableCarAudioData	GetGetSpeedPtr
0059E3C0	?GetCrossIntersectionPtr@aiCableCarAudioData@@QAEPAVAudSoundBase@@XZ	16	1	aiCableCarAudioData	GetCrossIntersectionPtr
0059E3D0	?UpdatePlay@aiCableCarAudioData@@QAEXMMM@Z	432	1	aiCableCarAudioData	UpdatePlay
0059E580	?UpdateState@aiCableCarAudioData@@QAEXMM@Z	176	1	aiCableCarAudioData	UpdateState
0059E630	?AssignSounds@aiCableCarAudioData@@QAEXH@Z	112	1	aiCableCarAudioData	AssignSounds
0059E6A0	?UnAssignSounds@aiCableCarAudioData@@QAEXXZ	320	1	aiCableCarAudioData	UnAssignSounds
0059E7E0	??0mmCompCity@@QAE@XZ	48	1	mmCompCity	mmCompCity
0059E810	??1mmCompCity@@UAE@XZ	144	1	mmCompCity	~mmCompCity
0059E8A0	?Init@mmCompCity@@QAEXPADHHH@Z	112	1	mmCompCity	Init
0059E910	?InitTitle@mmCompCity@@QAEXMMMMPAULocString@@000@Z	112	1	mmCompCity	InitTitle
0059E980	?Reset@mmCompCity@@UAEXXZ	16	1	mmCompCity	Reset
0059E990	?Update@mmCompCity@@UAEXXZ	16	1	mmCompCity	Update
0059E9A0	?SetSubwidgetGeometry@mmCompCity@@QAEXXZ	96	1	mmCompCity	SetSubwidgetGeometry
0059EA00	?SetTitleGeometry@mmCompCity@@QAEXXZ	32	1	mmCompCity	SetTitleGeometry
0059EA20	?SetPosition@mmCompCity@@UAEXPAVmmTextNode@@HM@Z	64	1	mmCompCity	SetPosition
0059EA60	?Highlight@mmCompCity@@UAEXPAVmmTextNode@@H@Z	80	1	mmCompCity	Highlight
0059EAB0	?Box@mmCompCity@@UAEXHPAVmmTextNode@@H@Z	48	1	mmCompCity	Box
0059EAE0	?SetGeometry@mmCompCity@@UAEXMMMM@Z	48	1	mmCompCity	SetGeometry
0059EB10	?Cull@mmCompCity@@UAEXXZ	16	1	mmCompCity	Cull
0059EB20	??_GmmCompCity@@UAEPAXI@Z	48	1	mmCompCity	`scalar deleting destructor'
0059EB50	??1mmCompBase@@UAE@XZ	16	1	mmCompBase	~mmCompBase
0059EB60	?DisableBlt@mmCompBase@@UAEXXZ	16	1	mmCompBase	DisableBlt
0059EB70	?SetBltXY@mmCompBase@@UAEXMM@Z	32	1	mmCompBase	SetBltXY
0059EB90	?Action@mmCompBase@@UAEXTeqEvent@@@Z	16	1	mmCompBase	Action
0059EBA0	?CaptureAction@mmCompBase@@UAEXTeqEvent@@@Z	16	1	mmCompBase	CaptureAction
0059EBB0	?Switch@mmCompBase@@UAEXH@Z	16	1	mmCompBase	Switch
0059EBC0	?Action@mmCompBase@@UAEXTeqEvent@@MMH@Z	16	1	mmCompBase	Action
0059EBD0	?EvalMouseXY@mmCompBase@@UAEXMM@Z	16	1	mmCompBase	EvalMouseXY
0059EBE0	?Highlight@mmCompBase@@UAEXPAVmmTextNode@@H@Z	16	1	mmCompBase	Highlight
0059EBF0	?Box@mmCompBase@@UAEXHPAVmmTextNode@@H@Z	16	1	mmCompBase	Box
0059EC00	?SetGeometry@mmCompBase@@UAEXMMMM@Z	32	1	mmCompBase	SetGeometry
0059EC20	??_GmmCompBase@@UAEPAXI@Z	48	1	mmCompBase	`scalar deleting destructor'
0059EC50	??0mmCompReplay@@QAE@XZ	32	1	mmCompReplay	mmCompReplay
0059EC70	??1mmCompReplay@@UAE@XZ	96	1	mmCompReplay	~mmCompReplay
0059ECD0	?Init@mmCompReplay@@QAEXPAD@Z	32	1	mmCompReplay	Init
0059ECF0	?InitTitle@mmCompReplay@@QAEXMMMMPAULocString@@@Z	64	1	mmCompReplay	InitTitle
0059ED30	?Reset@mmCompReplay@@UAEXXZ	16	1	mmCompReplay	Reset
0059ED40	?Update@mmCompReplay@@UAEXXZ	16	1	mmCompReplay	Update
0059ED50	?SetSubwidgetGeometry@mmCompReplay@@QAEXXZ	32	1	mmCompReplay	SetSubwidgetGeometry
0059ED70	?SetTitleGeometry@mmCompReplay@@QAEXXZ	32	1	mmCompReplay	SetTitleGeometry
0059ED90	?SetPosition@mmCompReplay@@UAEXPAVmmTextNode@@HM@Z	64	1	mmCompReplay	SetPosition
0059EDD0	?Highlight@mmCompReplay@@UAEXPAVmmTextNode@@H@Z	32	1	mmCompReplay	Highlight
0059EDF0	?Box@mmCompReplay@@UAEXHPAVmmTextNode@@H@Z	48	1	mmCompReplay	Box
0059EE20	?SetGeometry@mmCompReplay@@UAEXMMMM@Z	48	1	mmCompReplay	SetGeometry
0059EE50	?Cull@mmCompReplay@@UAEXXZ	16	1	mmCompReplay	Cull
0059EE60	??_GmmCompReplay@@UAEPAXI@Z	48	1	mmCompReplay	`scalar deleting destructor'
0059EE90	??0mmCompRaceRecord@@QAE@XZ	64	1	mmCompRaceRecord	mmCompRaceRecord
0059EED0	??1mmCompRaceRecord@@UAE@XZ	160	1	mmCompRaceRecord	~mmCompRaceRecord
0059EF70	?Init@mmCompRaceRecord@@QAEXHPAD0000HH@Z	128	1	mmCompRaceRecord	Init
0059EFF0	?InitTitle@mmCompRaceRecord@@QAEXMMMMPAULocString@@00000H@Z	112	1	mmCompRaceRecord	InitTitle
0059F060	?LoadBitmap@mmCompRaceRecord@@QAEXPAD@Z	80	1	mmCompRaceRecord	LoadBitmap
0059F0B0	?Reset@mmCompRaceRecord@@UAEXXZ	16	1	mmCompRaceRecord	Reset
0059F0C0	?Update@mmCompRaceRecord@@UAEXXZ	16	1	mmCompRaceRecord	Update
0059F0D0	?SetSubwidgetGeometry@mmCompRaceRecord@@QAEXXZ	224	1	mmCompRaceRecord	SetSubwidgetGeometry
0059F1B0	?SetGeometry@mmCompRaceRecord@@UAEXMMMM@Z	48	1	mmCompRaceRecord	SetGeometry
0059F1E0	?SelectIfRaceType@mmCompRaceRecord@@QAEXHH@Z	64	1	mmCompRaceRecord	SelectIfRaceType
0059F220	?SetPosition@mmCompRaceRecord@@UAEXPAVmmTextNode@@HM@Z	160	1	mmCompRaceRecord	SetPosition
0059F2C0	?Cull@mmCompRaceRecord@@UAEXXZ	64	1	mmCompRaceRecord	Cull
0059F300	??_GmmCompRaceRecord@@UAEPAXI@Z	48	1	mmCompRaceRecord	`scalar deleting destructor'
0059F330	??0mmCompDRecord@@QAE@XZ	64	1	mmCompDRecord	mmCompDRecord
0059F370	??1mmCompDRecord@@UAE@XZ	176	1	mmCompDRecord	~mmCompDRecord
0059F420	?Init@mmCompDRecord@@QAEXHPADM0HHH@Z	224	1	mmCompDRecord	Init
0059F500	?InitTitle@mmCompDRecord@@QAEXMMMMPAULocString@@0000H@Z	112	1	mmCompDRecord	InitTitle
0059F570	?LoadBitmap@mmCompDRecord@@QAEXPAD@Z	112	1	mmCompDRecord	LoadBitmap
0059F5E0	?Reset@mmCompDRecord@@UAEXXZ	16	1	mmCompDRecord	Reset
0059F5F0	?Update@mmCompDRecord@@UAEXXZ	48	1	mmCompDRecord	Update
0059F620	?SetSubwidgetGeometry@mmCompDRecord@@QAEXXZ	192	1	mmCompDRecord	SetSubwidgetGeometry
0059F6E0	?SetPosition@mmCompDRecord@@UAEXPAVmmTextNode@@HM@Z	160	1	mmCompDRecord	SetPosition
0059F780	?SetGeometry@mmCompDRecord@@UAEXMMMM@Z	48	1	mmCompDRecord	SetGeometry
0059F7B0	?SetBltXY@mmCompDRecord@@UAEXMM@Z	64	1	mmCompDRecord	SetBltXY
0059F7F0	?Cull@mmCompDRecord@@UAEXXZ	144	1	mmCompDRecord	Cull
0059F880	??_GmmCompDRecord@@UAEPAXI@Z	48	1	mmCompDRecord	`scalar deleting destructor'
0059F8B0	?DisableBlt@mmCompDRecord@@UAEXXZ	16	1	mmCompDRecord	DisableBlt
0059F8C0	??0mmCompRoster@@QAE@XZ	128	1	mmCompRoster	mmCompRoster
0059F940	??1mmCompRoster@@UAE@XZ	192	1	mmCompRoster	~mmCompRoster
0059FA00	?Init@mmCompRoster@@QAEXPAD00KHH@Z	224	1	mmCompRoster	Init
0059FAE0	?InitTitle@mmCompRoster@@QAEXMMMMPAULocString@@000H@Z	16	1	mmCompRoster	InitTitle
0059FAF0	?LoadBitmap@mmCompRoster@@QAEXPAD@Z	96	1	mmCompRoster	LoadBitmap
0059FB50	?LoadTeamBitmap@mmCompRoster@@QAEXPAD@Z	64	1	mmCompRoster	LoadTeamBitmap
0059FB90	?Reset@mmCompRoster@@UAEXXZ	16	1	mmCompRoster	Reset
0059FBA0	?Update@mmCompRoster@@UAEXXZ	64	1	mmCompRoster	Update
0059FBE0	?SetError@mmCompRoster@@QAEXXZ	48	1	mmCompRoster	SetError
0059FC10	?SetReady@mmCompRoster@@QAEXH@Z	64	1	mmCompRoster	SetReady
0059FC50	?SetSubwidgetGeometry@mmCompRoster@@QAEXXZ	96	1	mmCompRoster	SetSubwidgetGeometry
0059FCB0	?SetPosition@mmCompRoster@@UAEXPAVmmTextNode@@HM@Z	128	1	mmCompRoster	SetPosition
0059FD30	?SetGeometry@mmCompRoster@@UAEXMMMM@Z	48	1	mmCompRoster	SetGeometry
0059FD60	?SetBltXY@mmCompRoster@@UAEXMM@Z	48	1	mmCompRoster	SetBltXY
0059FD90	?Cull@mmCompRoster@@UAEXXZ	144	1	mmCompRoster	Cull
0059FE20	?SetName@mmCompRoster@@QAEXPAD@Z	64	1	mmCompRoster	SetName
0059FE60	?SetColor@mmCompRoster@@QAEXPAD@Z	16	1	mmCompRoster	SetColor
0059FE70	?SetCar@mmCompRoster@@QAEXPAD@Z	64	1	mmCompRoster	SetCar
0059FEB0	?SetTeam@mmCompRoster@@QAEXH@Z	64	1	mmCompRoster	SetTeam
0059FEF0	??_GmmCompRoster@@UAEPAXI@Z	48	1	mmCompRoster	`scalar deleting destructor'
0059FF20	?Reset@mmCompBase@@UAEXXZ	16	1	mmCompBase	Reset
0059FF30	?Update@mmCompBase@@UAEXXZ	16	1	mmCompBase	Update
0059FF40	?Init@audControl@@QAEXW4AUDTYPE@audManager@@PAV3@@Z	96	1	audControl	Init
0059FFA0	?Create@audControl@@QAEPAV1@W4AUDTYPE@audManager@@PAV3@@Z	48	1	audControl	Create
0059FFD0	?SetMaxConcurrent@audControl@@QAEXH@Z	64	1	audControl	SetMaxConcurrent
005A0010	?Update@audControl@@QAEXH@Z	80	1	audControl	Update
005A0060	?Add@audControl@@QAEHPAVaudObject@@H@Z	96	1	audControl	Add
005A00C0	?Remove@audControl@@QAE_NPAVaudObject@@H@Z	192	1	audControl	Remove
005A0180	?GetManager@audControl@@QAEPAVaudManager@@XZ	16	1	audControl	GetManager
005A0190	?MoveToActive@audControl@@QAE_NW4AUDTYPE@audManager@@PAVaudObject@@@Z	256	1	audControl	MoveToActive
005A0290	?MoveFromActive@audControl@@QAE_NW4AUDTYPE@audManager@@PAVaudObject@@@Z	112	1	audControl	MoveFromActive
005A0300	?FindObjectByHandle@audControl@@QAEPAVaudObject@@H@Z	176	1	audControl	FindObjectByHandle
005A03B0	?GetObjectHandle@audControl@@QAEHPAVaudObject@@@Z	16	1	audControl	GetObjectHandle
005A03C0	?FindActiveObjectByHandle@audControl@@QAEPAVaudObject@@H@Z	96	1	audControl	FindActiveObjectByHandle
005A0420	?ResetAutoHandle@audControl@@QAEXH@Z	16	1	audControl	ResetAutoHandle
005A0430	?SetHandle@audControl@@QAEXH@Z	16	1	audControl	SetHandle
005A0440	?GetHandle@audControl@@QAEHXZ	16	1	audControl	GetHandle
005A0450	?Count@audControl@@QAEHXZ	64	1	audControl	Count
005A0490	?SetPath@audControl@@QAEXPBD@Z	80	1	audControl	SetPath
005A04E0	?GetPath@audControl@@QAEPADXZ	16	1	audControl	GetPath
005A04F0	?SetAssetDbId@audControl@@QAEXH@Z	16	1	audControl	SetAssetDbId
005A0500	?GetAssetDbId@audControl@@QAEHXZ	16	1	audControl	GetAssetDbId
005A0510	?SetVolume@audControl@@QAEXMH@Z	160	1	audControl	SetVolume
005A05B0	?SetPan@audControl@@QAEXMH@Z	160	1	audControl	SetPan
005A0650	?SetPitch@audControl@@QAEXMH@Z	160	1	audControl	SetPitch
005A06F0	?GetVolume@audControl@@QAEMH@Z	96	1	audControl	GetVolume
005A0750	?GetPan@audControl@@QAEMH@Z	96	1	audControl	GetPan
005A07B0	?GetPitch@audControl@@QAEMH@Z	96	1	audControl	GetPitch
005A0810	?Play@audControl@@QAE_NH@Z	96	1	audControl	Play
005A0870	?PlayRandom@audControl@@QAE_NH@Z	96	1	audControl	PlayRandom
005A08D0	?Stop@audControl@@QAE_NH@Z	112	1	audControl	Stop
005A0940	?PauseResume@audControl@@QAE_N_NH@Z	112	1	audControl	PauseResume
005A09B0	?SetPosition@audControl@@QAEXPAU_audvector3_@@H@Z	64	1	audControl	SetPosition
005A09F0	?Enable3DMode@audControl@@QAEXH@Z	160	1	audControl	Enable3DMode
005A0A90	?Disable3DMode@audControl@@QAEXH@Z	160	1	audControl	Disable3DMode
005A0B30	?GetPosition@audControl@@QAEPAU_audvector3_@@H@Z	48	1	audControl	GetPosition
005A0B60	?Destroy@audControl@@QAEXXZ	144	1	audControl	Destroy
005A0BF0	?FreeAndDestroy@audControl@@QAEXXZ	48	1	audControl	FreeAndDestroy
005A0C20	?SetControlFlags@audControl@@QAEXW4AUDCONTROLFLAGS@1@0@Z	32	1	audControl	SetControlFlags
005A0C40	?GetControlFlags@audControl@@QAEHXZ	16	1	audControl	GetControlFlags
005A0C50	?SetPriority@audControl@@QAEXH@Z	48	1	audControl	SetPriority
005A0C80	?GetPriority@audControl@@QAEHXZ	16	1	audControl	GetPriority
005A0C90	?StopPCEchoBuffers@audControl@@QAEXXZ	96	1	audControl	StopPCEchoBuffers
005A0CF0	?SetVolPCEchoBuffers@audControl@@QAEXM@Z	112	1	audControl	SetVolPCEchoBuffers
005A0D60	?Create@audManager@@QAEPAV1@HHHHHHHHHHHW4SOUNDFLAG@1@@Z	544	1	audManager	Create
005A0F80	?RestartAudio@audManager@@QAEXHHH@Z	16	1	audManager	RestartAudio
005A0F90	?ShutDownAudio@audManager@@QAEXXZ	80	1	audManager	ShutDownAudio
005A0FE0	?Destroy@audManager@@QAEXXZ	16	1	audManager	Destroy
005A0FF0	?InitControlStruct@audManager@@AAE_NPAVaudSoundHeap@@PAU_controlptrs_@@H@Z	112	1	audManager	InitControlStruct
005A1060	?Enable@audManager@@QAEX_N@Z	48	1	audManager	Enable
005A1090	?IsEnabled@audManager@@QAE_NXZ	32	1	audManager	IsEnabled
005A10B0	?Update@audManager@@QAEXH@Z	176	1	audManager	Update
005A1160	?AddHead@audManager@@QAEHPAVaudHead@@@Z	80	1	audManager	AddHead
005A11B0	?RemoveHead@audManager@@QAE_NPAVaudHead@@@Z	192	1	audManager	RemoveHead
005A1270	?GetActiveHead@audManager@@QAEPAVaudHead@@H@Z	112	1	audManager	GetActiveHead
005A12E0	?AddControl@audManager@@QAEHW4AUDTYPE@1@PAVaudControl@@@Z	160	1	audManager	AddControl
005A1380	?RemoveControl@audManager@@QAE_NW4AUDTYPE@1@PAVaudControl@@@Z	176	1	audManager	RemoveControl
005A1430	?MoveToActive@audManager@@QAE_NW4AUDTYPE@1@PAVaudControl@@@Z	304	1	audManager	MoveToActive
005A1560	?MoveFromActive@audManager@@QAE_NW4AUDTYPE@1@PAVaudControl@@@Z	144	1	audManager	MoveFromActive
005A15F0	?MoveActiveToTop@audManager@@QAE_NW4AUDTYPE@1@PAVaudControl@@@Z	192	1	audManager	MoveActiveToTop
005A16B0	?MoveActiveToBottom@audManager@@QAE_NW4AUDTYPE@1@PAVaudControl@@@Z	128	1	audManager	MoveActiveToBottom
005A1730	?StopAllSounds@audManager@@QAE_NW4AUDTYPE@1@@Z	224	1	audManager	StopAllSounds
005A1810	?FreeAndDestroyAllSounds@audManager@@QAEXXZ	208	1	audManager	FreeAndDestroyAllSounds
005A18E0	?CountSounds@audManager@@QAEHW4AUDTYPE@1@@Z	112	1	audManager	CountSounds
005A1950	?CountActiveSounds@audManager@@QAEHW4AUDTYPE@1@@Z	112	1	audManager	CountActiveSounds
005A19C0	?SetVolAllSounds@audManager@@QAEXW4AUDTYPE@1@M@Z	240	1	audManager	SetVolAllSounds
005A1AB0	?GetMasterVolume@audManager@@QAEMW4AUDTYPE@1@@Z	96	1	audManager	GetMasterVolume
005A1B10	?SetSoundFlags@audManager@@QAEXW4SOUNDFLAG@1@0@Z	48	1	audManager	SetSoundFlags
005A1B40	?IsSoundFlags@audManager@@QAE_NW4SOUNDFLAG@1@@Z	32	1	audManager	IsSoundFlags
005A1B60	?SetMaxConcurrent@audManager@@QAEXW4AUDTYPE@1@H@Z	96	1	audManager	SetMaxConcurrent
005A1BC0	?GetControlListPtr@audManager@@QAEPAVaudControl@@W4AUDTYPE@1@@Z	96	1	audManager	GetControlListPtr
005A1C20	?GetActiveControlListPtr@audManager@@QAEPAVaudControl@@W4AUDTYPE@1@@Z	96	1	audManager	GetActiveControlListPtr
005A1C80	?AllocControl@audManager@@QAEPAVaudControl@@W4AUDTYPE@1@@Z	160	1	audManager	AllocControl
005A1D20	?AllocTimeNode@audManager@@QAEPAVaudTimeNode@@XZ	128	1	audManager	AllocTimeNode
005A1DA0	?AllocStreamNode@audManager@@QAEPAVaudStream@@XZ	96	1	audManager	AllocStreamNode
005A1E00	?AllocHeadNode@audManager@@QAEPAVaudHead@@XZ	96	1	audManager	AllocHeadNode
005A1E60	?AllocFXNode@audManager@@QAEPAVaudFX@@XZ	96	1	audManager	AllocFXNode
005A1EC0	?AllocFileNode@audManager@@QAEPAVaudFileSystem@@XZ	96	1	audManager	AllocFileNode
005A1F20	?FreeControl@audManager@@QAEXW4AUDTYPE@1@PAVaudControl@@@Z	128	1	audManager	FreeControl
005A1FA0	?FreeTimeNode@audManager@@QAEXPAVaudTimeNode@@@Z	80	1	audManager	FreeTimeNode
005A1FF0	?FreeStreamNode@audManager@@QAEXPAVaudStream@@@Z	80	1	audManager	FreeStreamNode
005A2040	?FreeHeadNode@audManager@@QAEXPAVaudHead@@@Z	80	1	audManager	FreeHeadNode
005A2090	?FreeFXNode@audManager@@QAEXPAVaudFX@@@Z	80	1	audManager	FreeFXNode
005A20E0	?FreeFileNode@audManager@@QAEXPAVaudFileSystem@@@Z	80	1	audManager	FreeFileNode
005A2130	?Init@audObject@@QAEXXZ	144	1	audObject	Init
005A21C0	?Destroy@audObject@@QAEXXZ	112	1	audObject	Destroy
005A2230	?SetControl@audObject@@QAEXPAVaudControl@@@Z	16	1	audObject	SetControl
005A2240	?GetControl@audObject@@QAEPAVaudControl@@XZ	16	1	audObject	GetControl
005A2250	?GetBuffer@audObject@@QAEPAVaudSoundBuffer@@XZ	16	1	audObject	GetBuffer
005A2260	?SetBuffer@audObject@@QAEXPAVaudSoundBuffer@@@Z	16	1	audObject	SetBuffer
005A2270	?CreateEmptyObject@audObject@@QAEPAV1@W4AUDTYPE@audManager@@PAV3@@Z	512	1	audObject	CreateEmptyObject
005A2470	?CreateFromSoundBank@audObject@@QAEPAV1@W4AUDTYPE@audManager@@PAVaudSoundBankHdr@@HHHPAV3@@Z	112	1	audObject	CreateFromSoundBank
005A24E0	?CreateVoiceOverFromFile@audObject@@QAEPAV1@W4AUDTYPE@audManager@@PAV3@PAD2K@Z	32	1	audObject	CreateVoiceOverFromFile
005A2500	?CreateFromFile@audObject@@QAEPAV1@W4AUDTYPE@audManager@@PAV3@PAD2K@Z	272	1	audObject	CreateFromFile
005A2610	?CreateStreamFromFile@audObject@@QAEPAV1@W4AUDTYPE@audManager@@PAV3@HPAD2@Z	160	1	audObject	CreateStreamFromFile
005A26B0	?CreateDuplicate@audObject@@QAEPAV1@PAV1@@Z	80	1	audObject	CreateDuplicate
005A2700	?SetType@audObject@@QAEXW4AUDTYPE@audManager@@@Z	16	1	audObject	SetType
005A2710	?GetType@audObject@@QAE?AW4AUDTYPE@audManager@@XZ	16	1	audObject	GetType
005A2720	?SetHandle@audObject@@QAEXH@Z	16	1	audObject	SetHandle
005A2730	?GetHandle@audObject@@QAEHXZ	16	1	audObject	GetHandle
005A2740	?CreateStreamControl@audObject@@QAEPAVaudStream@@H@Z	48	1	audObject	CreateStreamControl
005A2770	?GetStreamControl@audObject@@QAEPAVaudStream@@XZ	16	1	audObject	GetStreamControl
005A2780	?CreateFXControl@audObject@@QAEPAVaudFX@@XZ	32	1	audObject	CreateFXControl
005A27A0	?GetFXControl@audObject@@QAEPAVaudFX@@XZ	16	1	audObject	GetFXControl
005A27B0	?StopPCEchoBuffer@audObject@@QAEXXZ	32	1	audObject	StopPCEchoBuffer
005A27D0	?SetVolPCEchoBuffer@audObject@@QAEXM@Z	32	1	audObject	SetVolPCEchoBuffer
005A27F0	?GetFile@audObject@@QAEPAVaudFileSystem@@XZ	16	1	audObject	GetFile
005A2800	?GetManager@audObject@@QAEPAVaudManager@@XZ	16	1	audObject	GetManager
005A2810	?Update@audObject@@QAE_NH@Z	384	1	audObject	Update
005A2990	?GetStatus@audObject@@QAE?AW4AUD_OBJECTSTATUS@1@XZ	48	1	audObject	GetStatus
005A29C0	?PauseResume@audObject@@QAE_N_N@Z	16	1	audObject	PauseResume
005A29D0	?Play@audObject@@QAE_NXZ	96	1	audObject	Play
005A2A30	?Stop@audObject@@QAE_NXZ	48	1	audObject	Stop
005A2A60	?SetVolume@audObject@@QAE_NM@Z	256	1	audObject	SetVolume
005A2B60	?SetPitch@audObject@@QAE_NM@Z	96	1	audObject	SetPitch
005A2BC0	?SetPan@audObject@@QAE_NM@Z	96	1	audObject	SetPan
005A2C20	?SetPriority@audObject@@QAEXH@Z	48	1	audObject	SetPriority
005A2C50	?GetPriority@audObject@@QAEHXZ	16	1	audObject	GetPriority
005A2C60	?SetCreatedBufferFlag@audObject@@QAEX_N@Z	16	1	audObject	SetCreatedBufferFlag
005A2C70	?GetCreatedBufferFlag@audObject@@QAE_NXZ	16	1	audObject	GetCreatedBufferFlag
005A2C80	?SetNbrChannels@audObject@@QAEXH@Z	16	1	audObject	SetNbrChannels
005A2C90	?SetNbrSamplesPerSec@audObject@@QAEXH@Z	16	1	audObject	SetNbrSamplesPerSec
005A2CA0	?SetBitsPerSample@audObject@@QAEXH@Z	16	1	audObject	SetBitsPerSample
005A2CB0	?SetTotalSize@audObject@@QAEXH@Z	16	1	audObject	SetTotalSize
005A2CC0	?SetFlags@audObject@@QAEXW4AUD_OBJECTFLAGS@1@0@Z	32	1	audObject	SetFlags
005A2CE0	?GetFlags@audObject@@QAE?AW4AUD_OBJECTFLAGS@1@XZ	16	1	audObject	GetFlags
005A2CF0	?SetDefaults@audObject@@QAEXPAU_soundattribs_@@@Z	80	1	audObject	SetDefaults
005A2D40	?SetDefaultVolume@audObject@@QAEXM@Z	192	1	audObject	SetDefaultVolume
005A2E00	?SetDefaultPitch@audObject@@QAEXM@Z	32	1	audObject	SetDefaultPitch
005A2E20	?SetDefaultPan@audObject@@QAEXM@Z	32	1	audObject	SetDefaultPan
005A2E40	?Set3DPosition@audObject@@QAEXPAU_audvector3_@@@Z	48	1	audObject	Set3DPosition
005A2E70	?Set3DVelocity@audObject@@QAEXPAU_audvector3_@@@Z	48	1	audObject	Set3DVelocity
005A2EA0	?GetVolume@audObject@@QAEMXZ	16	1	audObject	GetVolume
005A2EB0	?GetPitch@audObject@@QAEMXZ	16	1	audObject	GetPitch
005A2EC0	?GetPan@audObject@@QAEMXZ	16	1	audObject	GetPan
005A2ED0	?Get3D@audObject@@QAEPAU_audvector3_@@XZ	16	1	audObject	Get3D
005A2EE0	?GetDefaultVolume@audObject@@QAEMXZ	16	1	audObject	GetDefaultVolume
005A2EF0	?GetDefaultPitch@audObject@@QAEMXZ	16	1	audObject	GetDefaultPitch
005A2F00	?GetDefaultPan@audObject@@QAEMXZ	16	1	audObject	GetDefaultPan
005A2F10	?Get3DPosition@audObject@@QAEPAU_audvector3_@@XZ	16	1	audObject	Get3DPosition
005A2F20	?Get3DVelocity@audObject@@QAEPAU_audvector3_@@XZ	16	1	audObject	Get3DVelocity
005A2F30	?GetSoundBank@audObject@@QAEPAVaudSoundBankHdr@@XZ	16	1	audObject	GetSoundBank
005A2F40	?GetBankHandle@audObject@@QAEHXZ	16	1	audObject	GetBankHandle
005A2F50	?GetNChannels@audObject@@QAEHXZ	16	1	audObject	GetNChannels
005A2F60	?GetSamplesPerSec@audObject@@QAEHXZ	16	1	audObject	GetSamplesPerSec
005A2F70	?GetBitsPerSample@audObject@@QAEHXZ	16	1	audObject	GetBitsPerSample
005A2F80	?GetTotalSize@audObject@@QAEHXZ	16	1	audObject	GetTotalSize
005A2F90	?RewindFile@audObject@@QAEXXZ	16	1	audObject	RewindFile
005A2FA0	??0EchoEffect@@QAE@XZ	64	1	EchoEffect	EchoEffect
005A2FE0	??1EchoEffect@@QAE@XZ	192	1	EchoEffect	~EchoEffect
005A30A0	?Enable@EchoEffect@@QAEHKPAUIDirectSoundBuffer@@@Z	128	1	EchoEffect	Enable
005A3120	?Disable@EchoEffect@@QAEXXZ	48	1	EchoEffect	Disable
005A3150	?SetDelayTime@EchoEffect@@QAEXM@Z	304	1	EchoEffect	SetDelayTime
005A3280	?Update@EchoEffect@@QAEXXZ	112	1	EchoEffect	Update
005A32F0	?UpdatePlay@EchoEffect@@AAEXXZ	192	1	EchoEffect	UpdatePlay
005A33B0	?UpdateStop@EchoEffect@@AAEXXZ	176	1	EchoEffect	UpdateStop
005A3460	?UpdateVolume@EchoEffect@@AAEXXZ	176	1	EchoEffect	UpdateVolume
005A3510	?UpdatePitch@EchoEffect@@AAEXXZ	176	1	EchoEffect	UpdatePitch
005A35C0	?QueuePlay@EchoEffect@@QAEXK@Z	96	1	EchoEffect	QueuePlay
005A3620	?QueueStop@EchoEffect@@QAEXXZ	48	1	EchoEffect	QueueStop
005A3650	?Stop@EchoEffect@@QAEXXZ	16	1	EchoEffect	Stop
005A3660	?SetFrequency@EchoEffect@@QAEXM@Z	208	1	EchoEffect	SetFrequency
005A3730	?CalculatePan@EchoEffect@@QAEXM@Z	96	1	EchoEffect	CalculatePan
005A3790	?SetVolume@EchoEffect@@QAEXM@Z	48	1	EchoEffect	SetVolume
005A37C0	?QueueVolume@EchoEffect@@QAEXM@Z	80	1	EchoEffect	QueueVolume
005A3810	?QueueFrequency@EchoEffect@@QAEXK@Z	64	1	EchoEffect	QueueFrequency
005A3850	??1EffectBase@@QAE@XZ	16	1	EffectBase	~EffectBase
005A3860	?Create@audFX@@QAEPAV1@PAVaudManager@@PAVaudObject@@@Z	48	1	audFX	Create
005A3890	?Destroy@audFX@@QAEXXZ	48	1	audFX	Destroy
005A38C0	?EnablePCEcho@audFX@@QAEPAVEchoEffect@@KH@Z	176	1	audFX	EnablePCEcho
005A3970	?Init@audSound@@QAEXXZ	32	1	audSound	Init
005A3990	?Destroy@audSound@@QAEXXZ	80	1	audSound	Destroy
005A39E0	?CreateDuplicateSoundBuffer@audSound@@QAEPAVaudSoundBuffer@@PAV1@@Z	224	1	audSound	CreateDuplicateSoundBuffer
005A3AC0	?OpenSoundFile@audSound@@QAEHH@Z	96	1	audSound	OpenSoundFile
005A3B20	?CreateSoundBufferFromFile@audSound@@QAEPAVaudSoundBuffer@@PAD0W4SOUNDBUFFERTYPE@2@HK@Z	1008	1	audSound	CreateSoundBufferFromFile
005A3F10	?WriteWaveDataToBuffer@audSound@@QAEHHPAH@Z	768	1	audSound	WriteWaveDataToBuffer
005A4210	?CreateSoundBufferFromMemory@audSound@@QAEPAVaudSoundBuffer@@PAXW4SOUNDBUFFERTYPE@2@PAPAX@Z	16	1	audSound	CreateSoundBufferFromMemory
005A4220	?Update@audSound@@QAE_NH@Z	240	1	audSound	Update
005A4310	?Play@audSound@@QAE_NXZ	304	1	audSound	Play
005A4440	?GetStatus@audSound@@QAE?AW4AUD_OBJECTSTATUS@audObject@@XZ	80	1	audSound	GetStatus
005A4490	?Stop@audSound@@QAE_NXZ	80	1	audSound	Stop
005A44E0	?SetVolume@audSound@@QAE_NM@Z	80	1	audSound	SetVolume
005A4530	?SetPitch@audSound@@QAE_NM@Z	112	1	audSound	SetPitch
005A45A0	?SetPan@audSound@@QAE_NM@Z	80	1	audSound	SetPan
005A45F0	?PauseResume@audSound@@QAE_N_N@Z	144	1	audSound	PauseResume
005A4680	?CloseSoundFile@audSound@@QAE_NXZ	48	1	audSound	CloseSoundFile
005A46B0	?Init@audMIDI@@QAEXXZ	64	1	audMIDI	Init
005A46F0	?LoadMIDIFile@audMIDI@@QAE_NPADHPAPAX@Z	224	1	audMIDI	LoadMIDIFile
005A47D0	?Update@audMIDI@@QAE_NH@Z	16	1	audMIDI	Update
005A47E0	?GetStatus@audMIDI@@QAE?AW4AUD_OBJECTSTATUS@audObject@@XZ	144	1	audMIDI	GetStatus
005A4870	?Play@audMIDI@@QAE_NXZ	64	1	audMIDI	Play
005A48B0	?Stop@audMIDI@@QAE_NXZ	48	1	audMIDI	Stop
005A48E0	?SetVolume@audMIDI@@QAE_NM@Z	64	1	audMIDI	SetVolume
005A4920	?SetPitch@audMIDI@@QAE_NM@Z	16	1	audMIDI	SetPitch
005A4930	?SetPan@audMIDI@@QAE_NM@Z	96	1	audMIDI	SetPan
005A4990	?PauseResume@audMIDI@@QAE_N_N@Z	96	1	audMIDI	PauseResume
005A49F0	?SetTempo@audMIDI@@QAE_NM@Z	80	1	audMIDI	SetTempo
005A4A40	?Destroy@audMIDI@@QAEXXZ	48	1	audMIDI	Destroy
005A4A70	?GetTrackTime@audMIDI@@QAEHXZ	32	1	audMIDI	GetTrackTime
005A4A90	?GetSeqEndPosition@audMIDI@@QAEHPAH@Z	48	1	audMIDI	GetSeqEndPosition
005A4AC0	?GetSeqStartPosition@audMIDI@@QAEHPAH@Z	48	1	audMIDI	GetSeqStartPosition
005A4AF0	?GetTrackInfo@audMIDI@@QAE_NXZ	128	1	audMIDI	GetTrackInfo
005A4B70	?GetNumSeqTracks@audMIDI@@QAEHXZ	80	1	audMIDI	GetNumSeqTracks
005A4BC0	?SetSeqPosition@audMIDI@@QAE_NH@Z	64	1	audMIDI	SetSeqPosition
005A4C00	?GetSeqPosition@audMIDI@@QAEHPAH@Z	112	1	audMIDI	GetSeqPosition
005A4C70	?GetMIDIHandle@audMIDI@@QAEHXZ	16	1	audMIDI	GetMIDIHandle
005A4C80	?Create@audStream@@QAEPAV1@PAVaudObject@@@Z	64	1	audStream	Create
005A4CC0	?Init@audStream@@QAEXXZ	16	1	audStream	Init
005A4CD0	?Destroy@audStream@@QAEXXZ	32	1	audStream	Destroy
005A4CF0	?Update@audStream@@QAE_NH@Z	272	1	audStream	Update
005A4E00	?CloseStream@audStream@@QAE_NXZ	96	1	audStream	CloseStream
005A4E60	?GetCurrentCursor@audStream@@QAEHXZ	16	1	audStream	GetCurrentCursor
005A4E70	?SetBufferSize@audStream@@QAEXH@Z	16	1	audStream	SetBufferSize
005A4E80	?GetBufferSize@audStream@@QAEHXZ	16	1	audStream	GetBufferSize
005A4E90	?SetFileInfo@audStream@@QAEXPAX@Z	16	1	audStream	SetFileInfo
005A4EA0	?IsFinished@audStream@@QAE_NXZ	16	1	audStream	IsFinished
005A4EB0	?SetVolume@audStream@@QAEXM@Z	16	1	audStream	SetVolume
005A4EC0	?SetLooping@audStream@@QAEX_N@Z	16	1	audStream	SetLooping
005A4ED0	??0DirSnd@@QAE@XZ	96	1	DirSnd	DirSnd
005A4F30	??1DirSnd@@QAE@XZ	160	1	DirSnd	~DirSnd
005A4FD0	?DeInit@DirSnd@@QAEXXZ	176	1	DirSnd	DeInit
005A5080	?Init@DirSnd@@SAPAV1@KE_NPAD@Z	224	1	DirSnd	Init
005A5160	?Init3DListener@DirSnd@@QAEHMMMMM@Z	16	1	DirSnd	Init3DListener
005A5170	?UpperCase@@YAXPAD@Z	80	1		UpperCase
005A51C0	?IsDSDeviceInList@DirSnd@@QAEHPAU_GUID@@@Z	80	1	DirSnd	IsDSDeviceInList
005A5210	?DSEnumProc@@YGHPAU_GUID@@PAD1PAX@Z	384	1		DSEnumProc
005A5390	?SetDeviceRating@DirSnd@@QAEXPAUtag_dsdevdesc@@@Z	384	1	DirSnd	SetDeviceRating
005A5510	?EnumDSDevices@DirSnd@@QAEHXZ	32	1	DirSnd	EnumDSDevices
005A5530	?InitPrimarySoundBuffer@DirSnd@@UAEHKEPAD@Z	256	1	DirSnd	InitPrimarySoundBuffer
005A5630	?CreatePrimaryInterfaceAndBuffer@DirSnd@@IAEHPAU_DSBUFFERDESC@@@Z	320	1	DirSnd	CreatePrimaryInterfaceAndBuffer
005A5770	?ClearDSDeviceList@DirSnd@@QAEXXZ	64	1	DirSnd	ClearDSDeviceList
005A57B0	?FormatCodeToWFX@@YAHKPAUtWAVEFORMATEX@@@Z	176	1		FormatCodeToWFX
005A5860	?SetPrimaryBufferFormat@DirSnd@@QAEXKE@Z	240	1	DirSnd	SetPrimaryBufferFormat
005A5950	?ScanAvailableDSFormats@DirSnd@@QAEXXZ	224	1	DirSnd	ScanAvailableDSFormats
005A5A30	?TranslateDSError@DirSnd@@QAEPADJ@Z	384	1	DirSnd	TranslateDSError
005A5BB0	?SetBitDepth@DirSnd@@QAEXH@Z	32	1	DirSnd	SetBitDepth
005A5BD0	?GetDeviceNames@DirSnd@@QAEPAPADXZ	48	1	DirSnd	GetDeviceNames
005A5C00	?GetNum3DHallBufs@DirSnd@@QAEIXZ	48	1	DirSnd	GetNum3DHallBufs
005A5C30	?Init@audList@@QAEXXZ	16	1	audList	Init
005A5C40	?LinkNext@audList@@QAEPAV1@PAV1@@Z	112	1	audList	LinkNext
005A5CB0	?LinkPrev@audList@@QAEPAV1@PAV1@@Z	32	1	audList	LinkPrev
005A5CD0	?GetNext@audList@@QAEPAV1@XZ	16	1	audList	GetNext
005A5CE0	?GetPrev@audList@@QAEPAV1@XZ	16	1	audList	GetPrev
005A5CF0	?SetNext@audList@@QAEPAV1@PAV1@@Z	32	1	audList	SetNext
005A5D10	?SetPrev@audList@@QAEPAV1@PAV1@@Z	32	1	audList	SetPrev
005A5D30	?Unlink@audList@@QAE_NXZ	48	1	audList	Unlink
005A5D60	?Count@audList@@QAEHXZ	32	1	audList	Count
005A5D80	?FindObjectAt@audList@@QAEPAXH@Z	32	1	audList	FindObjectAt
005A5DA0	?FindObject@audList@@QAEPAV1@PAX@Z	64	1	audList	FindObject
005A5DE0	?FindObjectPos@audList@@QAEHPAX@Z	64	1	audList	FindObjectPos
005A5E20	?audMemObjFree@audMemObj@@QAEXXZ	16	1	audMemObj	audMemObjFree
005A5E30	?audAlloc@audMemMgr@@SAPAVaudMemObj@@H@Z	64	1	audMemMgr	audAlloc
005A5E70	?audFree@audMemMgr@@SA_NPAVaudMemObj@@@Z	32	1	audMemMgr	audFree
005A5E90	?Create@audSoundHeap@@QAEPAV1@PAV1@H@Z	32	1	audSoundHeap	Create
005A5EB0	?CreateNodeList@audSoundHeap@@QAEPAV1@PAV1@HH@Z	224	1	audSoundHeap	CreateNodeList
005A5F90	?ReserveBuffer@audSoundHeap@@QAEPAVaudSoundBuffer@@H@Z	128	1	audSoundHeap	ReserveBuffer
005A6010	?ReleaseBuffer@audSoundHeap@@QAE_NPAVaudSoundBuffer@@@Z	112	1	audSoundHeap	ReleaseBuffer
005A6080	?Destroy@audSoundHeap@@QAEXXZ	16	1	audSoundHeap	Destroy
005A6090	?SetBottomOfTopStack@audSoundHeap@@QAE_NPAX@Z	64	1	audSoundHeap	SetBottomOfTopStack
005A60D0	?SetTopOfBottomStack@audSoundHeap@@QAE_NPAX@Z	64	1	audSoundHeap	SetTopOfBottomStack
005A6110	?GetSoundBufferList@audSoundHeap@@QAEPAVaudSoundBuffer@@XZ	16	1	audSoundHeap	GetSoundBufferList
005A6120	?GetTop@audSoundHeap@@QAEPAXXZ	16	1	audSoundHeap	GetTop
005A6130	?GetBotttomOfTopStack@audSoundHeap@@QAEPAXXZ	16	1	audSoundHeap	GetBotttomOfTopStack
005A6140	?GetTopOfBottomStack@audSoundHeap@@QAEPAXXZ	16	1	audSoundHeap	GetTopOfBottomStack
005A6150	?GetBottom@audSoundHeap@@QAEPAXXZ	16	1	audSoundHeap	GetBottom
005A6160	?Create@audSoundBuffer@@QAEPAV1@W4SOUNDBUFFERTYPE@1@H@Z	144	1	audSoundBuffer	Create
005A61F0	?Init@audSoundBuffer@@QAEXW4SOUNDBUFFERTYPE@1@HPAX@Z	80	1	audSoundBuffer	Init
005A6240	?Destroy@audSoundBuffer@@QAEXXZ	32	1	audSoundBuffer	Destroy
005A6260	?GetSize@audSoundBuffer@@QAEHXZ	16	1	audSoundBuffer	GetSize
005A6270	?GetType@audSoundBuffer@@QAE?AW4SOUNDBUFFERTYPE@1@XZ	16	1	audSoundBuffer	GetType
005A6280	?BytesAdded@audSoundBuffer@@QAE_NH@Z	128	1	audSoundBuffer	BytesAdded
005A6300	?BytesRemoved@audSoundBuffer@@QAE_NH@Z	112	1	audSoundBuffer	BytesRemoved
005A6370	?SetIndex1@audSoundBuffer@@QAEXH@Z	48	1	audSoundBuffer	SetIndex1
005A63A0	?SetIndex2@audSoundBuffer@@QAEXH@Z	48	1	audSoundBuffer	SetIndex2
005A63D0	?SetExtra@audSoundBuffer@@QAEXH@Z	16	1	audSoundBuffer	SetExtra
005A63E0	?SetSize@audSoundBuffer@@QAEXH@Z	16	1	audSoundBuffer	SetSize
005A63F0	?SetType@audSoundBuffer@@QAEXW4SOUNDBUFFERTYPE@1@@Z	16	1	audSoundBuffer	SetType
005A6400	?GetIndex1@audSoundBuffer@@QAEHXZ	16	1	audSoundBuffer	GetIndex1
005A6410	?GetIndex2@audSoundBuffer@@QAEHXZ	16	1	audSoundBuffer	GetIndex2
005A6420	?GetExtra@audSoundBuffer@@QAEHXZ	16	1	audSoundBuffer	GetExtra
005A6430	?GetDataPtr@audSoundBuffer@@QAEPAXXZ	16	1	audSoundBuffer	GetDataPtr
005A6440	?SetDataPtr@audSoundBuffer@@QAEXPAX@Z	16	1	audSoundBuffer	SetDataPtr
005A6450	?GetAdpcmState@audSoundBuffer@@QAEPAUadpcm_state@@XZ	16	1	audSoundBuffer	GetAdpcmState
005A6460	?SetAdpcmState@audSoundBuffer@@QAEXPAUadpcm_state@@@Z	16	1	audSoundBuffer	SetAdpcmState
005A6470	?SetIndexes@audSoundBuffer@@QAEXHH@Z	64	1	audSoundBuffer	SetIndexes
005A64B0	?IsFull@audSoundBuffer@@QAE_NXZ	32	1	audSoundBuffer	IsFull
005A64D0	?IsEmpty@audSoundBuffer@@QAE_NXZ	16	1	audSoundBuffer	IsEmpty
005A64E0	?Used@audSoundBuffer@@QAEHXZ	16	1	audSoundBuffer	Used
005A64F0	?Unused@audSoundBuffer@@QAEHXZ	16	1	audSoundBuffer	Unused
005A6500	?Create@audHead@@QAEPAV1@PAVaudManager@@@Z	48	1	audHead	Create
005A6530	?Init@audHead@@QAEXXZ	112	1	audHead	Init
005A65A0	?Destroy@audHead@@QAEXXZ	16	1	audHead	Destroy
005A65B0	?SetHandle@audHead@@QAEXH@Z	16	1	audHead	SetHandle
005A65C0	?GetHandle@audHead@@QAEHXZ	16	1	audHead	GetHandle
005A65D0	?SetHeadPosition@audHead@@QAEXPAU_audvector3_@@@Z	32	1	audHead	SetHeadPosition
005A65F0	?GetHeadPosition@audHead@@QAEPAU_audvector3_@@XZ	16	1	audHead	GetHeadPosition
005A6600	?SetHeadVelocity@audHead@@QAEXPAU_audvector3_@@@Z	32	1	audHead	SetHeadVelocity
005A6620	?GetHeadVelocity@audHead@@QAEPAU_audvector3_@@XZ	16	1	audHead	GetHeadVelocity
005A6630	?SetHeadFacingDir@audHead@@QAEXPAU_audvector3_@@_N@Z	48	1	audHead	SetHeadFacingDir
005A6660	?GetHeadFacingDir@audHead@@QAEPAU_audvector3_@@XZ	16	1	audHead	GetHeadFacingDir
005A6670	?SetHeadTF@audHead@@QAEXPAU_audvector3_@@0@Z	48	1	audHead	SetHeadTF
005A66A0	?SetHeadLimits@audHead@@QAEXPAU_audvector3_@@0@Z	160	1	audHead	SetHeadLimits
005A6740	?SetHeadMinLimit@audHead@@QAEXM@Z	16	1	audHead	SetHeadMinLimit
005A6750	?GetHeadVolumePanPitch@audHead@@QAE_NPAU_audvector3_@@0PAM11@Z	480	1	audHead	GetHeadVolumePanPitch
005A6930	?Create@audFileSystem@@QAEPAV1@PAVaudManager@@@Z	48	1	audFileSystem	Create
005A6960	?Init@audFileSystem@@QAEXXZ	32	1	audFileSystem	Init
005A6980	?Destroy@audFileSystem@@QAEXXZ	32	1	audFileSystem	Destroy
005A69A0	?FileOpenRead@audFileSystem@@QAE_NPAD0_N@Z	368	1	audFileSystem	FileOpenRead
005A6B10	?GetFileHandle@audFileSystem@@QAEPAXXZ	16	1	audFileSystem	GetFileHandle
005A6B20	?FileClose@audFileSystem@@QAEXXZ	32	1	audFileSystem	FileClose
005A6B40	?FileSeek@audFileSystem@@QAEXHH@Z	80	1	audFileSystem	FileSeek
005A6B90	?GetFileSize@audFileSystem@@QAEHXZ	32	1	audFileSystem	GetFileSize
005A6BB0	?FileRead@audFileSystem@@QAEHPAXH@Z	48	1	audFileSystem	FileRead
005A6BE0	?IsOpen@audFileSystem@@QAE_NXZ	16	1	audFileSystem	IsOpen
005A6BF0	?IsPersistent@audFileSystem@@QAE_NXZ	16	1	audFileSystem	IsPersistent
005A6C00	?GetName@audFileSystem@@QAEPADXZ	16	1	audFileSystem	GetName
005A6C10	?GetPath@audFileSystem@@QAEPADXZ	16	1	audFileSystem	GetPath
005A6C20	?Update@audRedbook@@QAE_NH@Z	16	1	audRedbook	Update
005A6C30	?GetStatus@audRedbook@@QAE?AW4AUD_OBJECTSTATUS@audObject@@XZ	128	1	audRedbook	GetStatus
005A6CB0	?Play@audRedbook@@QAE_NXZ	80	1	audRedbook	Play
005A6D00	?Stop@audRedbook@@QAE_NXZ	48	1	audRedbook	Stop
005A6D30	?SetVolume@audRedbook@@QAE_NM@Z	16	1	audRedbook	SetVolume
005A6D40	?SetPitch@audRedbook@@QAE_NM@Z	16	1	audRedbook	SetPitch
005A6D50	?SetPan@audRedbook@@QAE_NM@Z	16	1	audRedbook	SetPan
005A6D60	?PauseResume@audRedbook@@QAE_N_N@Z	144	1	audRedbook	PauseResume
005A6DF0	?Destroy@audRedbook@@QAEXXZ	16	1	audRedbook	Destroy
005A6E00	?Update@audMixer@@QAE_NH@Z	16	1	audMixer	Update
005A6E10	?GetStatus@audMixer@@QAE?AW4AUD_OBJECTSTATUS@audObject@@XZ	16	1	audMixer	GetStatus
005A6E20	?Play@audMixer@@QAE_NXZ	16	1	audMixer	Play
005A6E30	?Stop@audMixer@@QAE_NXZ	16	1	audMixer	Stop
005A6E40	?SetVolume@audMixer@@QAE_NM@Z	16	1	audMixer	SetVolume
005A6E50	?CreateDuplicateMixerBuffer@audMixer@@QAEPAVaudSoundBuffer@@PAV1@@Z	16	1	audMixer	CreateDuplicateMixerBuffer
005A6E60	?CreateMixerBufferFromFile@audMixer@@QAEPAVaudSoundBuffer@@PAD0W4SOUNDBUFFERTYPE@2@H@Z	16	1	audMixer	CreateMixerBufferFromFile
005A6E70	?SetPitch@audMixer@@QAE_NM@Z	16	1	audMixer	SetPitch
005A6E80	?SetPan@audMixer@@QAE_NM@Z	16	1	audMixer	SetPan
005A6E90	?Set3D@audMixer@@QAE_NPAU_audvector3_@@@Z	16	1	audMixer	Set3D
005A6EA0	?Update@audCD@@QAE_NH@Z	16	1	audCD	Update
005A6EB0	?GetStatus@audCD@@QAE?AW4AUD_OBJECTSTATUS@audObject@@XZ	16	1	audCD	GetStatus
005A6EC0	?Play@audCD@@QAE_NXZ	16	1	audCD	Play
005A6ED0	?Stop@audCD@@QAE_NXZ	16	1	audCD	Stop
005A6EE0	?SetVolume@audCD@@QAE_NM@Z	16	1	audCD	SetVolume
005A6EF0	?SetPitch@audCD@@QAE_NM@Z	16	1	audCD	SetPitch
005A6F00	?SetPan@audCD@@QAE_NM@Z	16	1	audCD	SetPan
005A6F10	?PauseResume@audCD@@QAE_N_N@Z	16	1	audCD	PauseResume
005A6F20	?Init@audCDObject@@QAEXXZ	176	1	audCDObject	Init
005A6FD0	?GetFramesBetween@audCDObject@@QAEHPAU_cd_position_@@0@Z	144	1	audCDObject	GetFramesBetween
005A7060	?GetTrackTime@audCDObject@@QAEHXZ	64	1	audCDObject	GetTrackTime
005A70A0	?GetCDEndPosition@audCDObject@@QAEHPAU_cd_position_@@@Z	80	1	audCDObject	GetCDEndPosition
005A70F0	?GetCDStartPosition@audCDObject@@QAEHPAU_cd_position_@@@Z	80	1	audCDObject	GetCDStartPosition
005A7140	?GetTrackInfo@audCDObject@@QAE_NH@Z	336	1	audCDObject	GetTrackInfo
005A7290	?GetNumCDTracks@audCDObject@@QAEHXZ	80	1	audCDObject	GetNumCDTracks
005A72E0	?SetCDPosition@audCDObject@@QAE_NPAU_cd_position_@@@Z	144	1	audCDObject	SetCDPosition
005A7370	?GetCDPosition@audCDObject@@QAEHPAU_cd_position_@@@Z	192	1	audCDObject	GetCDPosition
005A7430	?Init@audSoundBankHdr@@QAEXXZ	48	1	audSoundBankHdr	Init
005A7460	?Destroy@audSoundBankHdr@@QAEXXZ	16	1	audSoundBankHdr	Destroy
005A7470	?CreateEmptyBank@audSoundBankHdr@@QAEPAV1@PAPAX@Z	16	1	audSoundBankHdr	CreateEmptyBank
005A7480	?AddFromMemory@audSoundBankHdr@@QAEHPAXPAV1@@Z	16	1	audSoundBankHdr	AddFromMemory
005A7490	?CreateFromFile@audSoundBankHdr@@QAEPAV1@PADPAPAX1@Z	16	1	audSoundBankHdr	CreateFromFile
005A74A0	?CreateFromMemory@audSoundBankHdr@@QAEPAV1@PAXH0HPAU_bank_attrib@@HPAPAX@Z	16	1	audSoundBankHdr	CreateFromMemory
005A74B0	?GetNumberOfAttribs@audSoundBankHdr@@QAEHXZ	16	1	audSoundBankHdr	GetNumberOfAttribs
005A74C0	?GetBankHandle@audSoundBankHdr@@QAEHXZ	16	1	audSoundBankHdr	GetBankHandle
005A74D0	?GetSoundIndex@audSoundBankHdr@@QAEHPAD@Z	16	1	audSoundBankHdr	GetSoundIndex
005A74E0	?CreateDSoundBuffer@EffectBase@@QAEPAUIDirectSoundBuffer@@KPAU2@@Z	176	1	EffectBase	CreateDSoundBuffer
005A7590	?OriginalBufferPlaying@EffectBase@@QAEFF@Z	112	1	EffectBase	OriginalBufferPlaying
005A7600	?adpcm_decoder@@YAXQBDQAFHPAUadpcm_state@@@Z	272	1		adpcm_decoder
005A7710	??0mmCNRSpeech@@QAE@XZ	48	1	mmCNRSpeech	mmCNRSpeech
005A7740	??1mmCNRSpeech@@QAE@XZ	192	1	mmCNRSpeech	~mmCNRSpeech
005A7800	?Play@mmCNRSpeech@@QAEXPAD@Z	176	1	mmCNRSpeech	Play
005A78B0	?Play@mmCNRSpeech@@QAEXH@Z	128	1	mmCNRSpeech	Play
005A7930	?LoadGroup@mmCNRSpeech@@QAE_NPADH@Z	528	1	mmCNRSpeech	LoadGroup
005A7B40	nullsub_70	16	1		nullsub_70
005A7B50	?SetReadState@mmCNRSpeech@@AAE_NPAD@Z	320	1	mmCNRSpeech	SetReadState
005A7C90	?locstrnicmp@mmCNRSpeech@@AAEHPAD0@Z	48	1	mmCNRSpeech	locstrnicmp
005A7CC0	??0dgRagdoll@@QAE@XZ	176	1	dgRagdoll	dgRagdoll
005A7D70	?GetMatrix@dgRagdoll@@QAEAAVMatrix34@@XZ	16	1	dgRagdoll	GetMatrix
005A7D80	?Init@dgRagdoll@@QAEXABVdgRagdollData@@AAVcrKinematics@@PAVMatrix34@@@Z	336	1	dgRagdoll	Init
005A7ED0	??1dgRagdoll@@QAE@XZ	32	1	dgRagdoll	~dgRagdoll
005A7EF0	?Deactivate@dgRagdoll@@QAEXXZ	16	1	dgRagdoll	Deactivate
005A7F00	?ResetGoals@dgRagdoll@@QAEXXZ	16	1	dgRagdoll	ResetGoals
005A7F10	?StartRagdoll@dgRagdoll@@QAEXXZ	80	1	dgRagdoll	StartRagdoll
005A7F60	?StopRagdoll@dgRagdoll@@QAEXXZ	16	1	dgRagdoll	StopRagdoll
005A7F70	?Reset@dgRagdoll@@QAEXXZ	64	1	dgRagdoll	Reset
005A7FB0	?Update@dgRagdoll@@QAEXXZ	128	1	dgRagdoll	Update
005A8030	?ApplyPushVelocity@dgRagdoll@@QAEXAAVVector3@@@Z	128	1	dgRagdoll	ApplyPushVelocity
005A80B0	??0dgRagdollData@@QAE@XZ	192	1	dgRagdollData	dgRagdollData
005A8170	?FileIO@dgRagdollData@@QAEXAAVdatParser@@@Z	96	1	dgRagdollData	FileIO
005A81D0	??0dgLink@@QAE@XZ	48	1	dgLink	dgLink
005A8200	?Init@dgLink@@QAEXAAVdgLinkData@@AAVcrIKGoal@@AAVVector3@@AAVdgRagdoll@@@Z	32	1	dgLink	Init
005A8220	?Reset@dgLink@@QAEXXZ	48	1	dgLink	Reset
005A8250	?ResetGoal@dgLink@@QAEXXZ	32	1	dgLink	ResetGoal
005A8270	?SetMode@dgLink@@QAEXH@Z	48	1	dgLink	SetMode
005A82A0	?Update@dgLink@@QAEXXZ	64	1	dgLink	Update
005A82E0	?UpdateFree@dgLink@@QAEXXZ	608	1	dgLink	UpdateFree
005A8540	?Bounce@dgLink@@QAEXAAVVector3@@0@Z	224	1	dgLink	Bounce
005A8620	?UpdateGrasp@dgLink@@QAEXXZ	16	1	dgLink	UpdateGrasp
005A8630	?UpdateDamping@dgLink@@QAEXXZ	384	1	dgLink	UpdateDamping
005A87B0	?UpdateTendon@dgLink@@QAEXXZ	224	1	dgLink	UpdateTendon
005A8890	??0dgLinkData@@QAE@XZ	80	1	dgLinkData	dgLinkData
005A88E0	?FileIO@dgLinkData@@QAEXAAVdatParser@@@Z	240	1	dgLinkData	FileIO
005A89D0	__mkdir	221	1		__mkdir
005A8AAD	__itoa	45	1		__itoa
005A8ADA	_xtoa	92	1		_xtoa
005A8B36	__ltoa	42	1		__ltoa
005A8B60	__ultoa	27	1		__ultoa
005A8B7B	__i64toa	49	1		__i64toa
005A8BAC	_x64toa@20	134	1		_x64toa@20
005A8C32	__ui64toa	27	1		__ui64toa
005A8C4D	__strupr	158	1		__strupr
005A8CEB	__toupper	8	1		__toupper
005A8CF3	_toupper	205	1		_toupper
005A8DC0	DirectSoundCreate	6	1		DirectSoundCreate
005A8DC6	DirectSoundEnumerateA	6	1		DirectSoundEnumerateA
005A8DCC	midiOutSetVolume	6	1		midiOutSetVolume
005A8DD2	CreateDirectoryA	33	1		CreateDirectoryA
005A8DF3	?Main@@YAHXZ_SEH	54	1		Main
005A8E29	SEH_4016D0	43	1		SEH_4016D0
005A8E54	?BeginPhase@@YAX_N@Z_SEH	21	1		BeginPhase
005A8E69	?InitAudioManager@@YAX_N@Z_SEH	185	1		InitAudioManager
005A8F22	??0mmGameManager@@QAE@XZ_SEH	29	1	mmGameManager	mmGameManager
005A8F3F	??1mmGameManager@@UAE@XZ_SEH	265	1	mmGameManager	~mmGameManager
005A9048	??0mmPlayer@@QAE@XZ_SEH	225	1	mmPlayer	mmPlayer
005A9129	??1mmPlayer@@UAE@XZ_SEH	32	1	mmPlayer	~mmPlayer
005A9149	?Init@mmPlayer@@QAEXPAD0PAVmmGame@@@Z_SEH	31	1	mmPlayer	Init
005A9168	??0mmReplayManager@@QAE@XZ_SEH	18	1	mmReplayManager	mmReplayManager
005A917A	??1mmReplayManager@@UAE@XZ_SEH	587	1	mmReplayManager	~mmReplayManager
005A93C5	??0mmInterface@@QAE@XZ_SEH	102	1	mmInterface	mmInterface
005A942B	??1mmInterface@@UAE@XZ_SEH	18	1	mmInterface	~mmInterface
005A943D	?MessageCallback@mmInterface@@QAEXPAX0@Z_SEH	26	1	mmInterface	MessageCallback
005A9457	?LimitToHostCars@mmInterface@@AAEXVstring@@@Z_SEH	18	1	mmInterface	LimitToHostCars
005A9469	?GetRaceName@mmInterface@@AAEPADW4dgGameMode@@HPAD@Z_SEH	120	1	mmInterface	GetRaceName
005A94E1	?HOFFillRecords@mmInterface@@AAEXPAD@Z_SEH	21	1	mmInterface	HOFFillRecords
005A94F6	?PlayerFillStats@mmInterface@@AAEXXZ_SEH	21	1	mmInterface	PlayerFillStats
005A950B	?PlayerFillRecords@mmInterface@@AAEXPAD@Z_SEH	21	1	mmInterface	PlayerFillRecords
005A9520	?PlayerFillCrashRecords@mmInterface@@AAEXPAD@Z_SEH	21	1	mmInterface	PlayerFillCrashRecords
005A9535	?PlayerResolveScore@mmInterface@@AAEXXZ_SEH	18	1	mmInterface	PlayerResolveScore
005A9547	?ShowSessions@mmInterface@@AAEXXZ_SEH	18	1	mmInterface	ShowSessions
005A9559	?CreatePlayer@mmInterface@@AAEHH@Z_SEH	18	1	mmInterface	CreatePlayer
005A956B	?RefreshPlayers@mmInterface@@AAEXXZ_SEH	18	1	mmInterface	RefreshPlayers
005A957D	?GetSessionData@mmInterface@@AAEXUNETSESSION_DESC@@@Z_SEH	18	1	mmInterface	GetSessionData
005A958F	?LobbyCreate@mmInterface@@AAEHXZ_SEH	21	1	mmInterface	LobbyCreate
005A95A4	?PlayUIMusic@mmInterface@@AAEXXZ_SEH	18	1	mmInterface	PlayUIMusic
005A95B6	?RefreshMe@mmInterface@@AAEXXZ_SEH	82	1	mmInterface	RefreshMe
005A9608	??0mmGame@@QAE@XZ_SEH	128	1	mmGame	mmGame
005A9688	?Init@mmGame@@UAEHXZ_SEH	82	1	mmGame	Init
005A96DA	??1mmGame@@UAE@XZ_SEH	33	1	mmGame	~mmGame
005A96FB	?init_gizmo_mgr@@YAPAVgizSailboatMgr@@PAVmmGame@@PBD1@Z_SEH	32	1		init_gizmo_mgr
005A971B	?init_gizmo_mgr@@YAPAVgizBridgeMgr@@PAVmmGame@@PBD1@Z_SEH	32	1		init_gizmo_mgr
005A973B	?init_gizmo_mgr@@YAPAVgizTrainMgr@@PAVmmGame@@PBD1@Z_SEH	32	1		init_gizmo_mgr
005A975B	?init_gizmo_mgr@@YAPAVgizFerryMgr@@PAVmmGame@@PBD1@Z_SEH	32	1		init_gizmo_mgr
005A977B	?init_gizmo_mgr@@YAPAVgizParkedCarMgr@@PAVmmGame@@PBD1@Z_SEH	29	1		init_gizmo_mgr
005A9798	??0mmSingleStunt@@QAE@XZ_SEH	56	1	mmSingleStunt	mmSingleStunt
005A97D0	??1mmSingleStunt@@UAE@XZ_SEH	21	1	mmSingleStunt	~mmSingleStunt
005A97E5	?InitMyPlayer@mmSingleStunt@@UAEXXZ_SEH	21	1	mmSingleStunt	InitMyPlayer
005A97FA	?InitNewEvent@mmSingleStunt@@QAEXXZ_SEH	29	1	mmSingleStunt	InitNewEvent
005A9817	?InitGameObjects@mmSingleStunt@@UAEXXZ_SEH	18	1	mmSingleStunt	InitGameObjects
005A9829	?UpdateEvade@mmSingleStunt@@AAEXXZ_SEH	18	1	mmSingleStunt	UpdateEvade
005A983B	?UpdateJump@mmSingleStunt@@AAEXXZ_SEH	18	1	mmSingleStunt	UpdateJump
005A984D	?UpdateChase@mmSingleStunt@@AAEXXZ_SEH	18	1	mmSingleStunt	UpdateChase
005A985F	?UpdateFrogger@mmSingleStunt@@AAEXXZ_SEH	18	1	mmSingleStunt	UpdateFrogger
005A9871	?UpdateCorner@mmSingleStunt@@AAEXXZ_SEH	18	1	mmSingleStunt	UpdateCorner
005A9883	?UpdateBlitz@mmSingleStunt@@AAEXXZ_SEH	18	1	mmSingleStunt	UpdateBlitz
005A9895	?UpdateStop@mmSingleStunt@@AAEXXZ_SEH	21	1	mmSingleStunt	UpdateStop
005A98AA	?NextRace@mmSingleStunt@@UAEXXZ_SEH	21	1	mmSingleStunt	NextRace
005A98BF	?RegisterFinish@mmSingleStunt@@QAEHH@Z_SEH	39	1	mmSingleStunt	RegisterFinish
005A98E6	??1mmSingleBlitz@@UAE@XZ_SEH	21	1	mmSingleBlitz	~mmSingleBlitz
005A98FB	?Init@mmSingleBlitz@@UAEHXZ_SEH	21	1	mmSingleBlitz	Init
005A9910	?InitMyPlayer@mmSingleBlitz@@UAEXXZ_SEH	32	1	mmSingleBlitz	InitMyPlayer
005A9930	?InitGameObjects@mmSingleBlitz@@UAEXXZ_SEH	21	1	mmSingleBlitz	InitGameObjects
005A9945	?RegisterFinish@mmSingleBlitz@@AAEHXZ_SEH	33	1	mmSingleBlitz	RegisterFinish
005A9966	??1mmSingleCircuit@@UAE@XZ_SEH	21	1	mmSingleCircuit	~mmSingleCircuit
005A997B	?Init@mmSingleCircuit@@UAEHXZ_SEH	21	1	mmSingleCircuit	Init
005A9990	?InitMyPlayer@mmSingleCircuit@@UAEXXZ_SEH	32	1	mmSingleCircuit	InitMyPlayer
005A99B0	?InitGameObjects@mmSingleCircuit@@UAEXXZ_SEH	18	1	mmSingleCircuit	InitGameObjects
005A99C2	?UpdateOpponentStatus@mmSingleCircuit@@QAEXXZ_SEH	26	1	mmSingleCircuit	UpdateOpponentStatus
005A99DC	?FinishMessage@mmSingleCircuit@@AAEXHH@Z_SEH	21	1	mmSingleCircuit	FinishMessage
005A99F1	?RegisterFinish@mmSingleCircuit@@AAEHXZ_SEH	37	1	mmSingleCircuit	RegisterFinish
005A9A16	??1mmSingleRace@@UAE@XZ_SEH	21	1	mmSingleRace	~mmSingleRace
005A9A2B	?Init@mmSingleRace@@UAEHXZ_SEH	21	1	mmSingleRace	Init
005A9A40	?InitMyPlayer@mmSingleRace@@UAEXXZ_SEH	32	1	mmSingleRace	InitMyPlayer
005A9A60	?InitGameObjects@mmSingleRace@@UAEXXZ_SEH	18	1	mmSingleRace	InitGameObjects
005A9A72	?UpdateOpponentStatus@mmSingleRace@@QAEXXZ_SEH	26	1	mmSingleRace	UpdateOpponentStatus
005A9A8C	?FinishMessage@mmSingleRace@@AAEXHH@Z_SEH	21	1	mmSingleRace	FinishMessage
005A9AA1	?RegisterFinish@mmSingleRace@@AAEHXZ_SEH	37	1	mmSingleRace	RegisterFinish
005A9AC6	??1mmSingleRoam@@UAE@XZ_SEH	21	1	mmSingleRoam	~mmSingleRoam
005A9ADB	?InitMyPlayer@mmSingleRoam@@UAEXXZ_SEH	21	1	mmSingleRoam	InitMyPlayer
005A9AF0	?InitGameObjects@mmSingleRoam@@UAEXXZ_SEH	38	1	mmSingleRoam	InitGameObjects
005A9B16	??1mmMultiBlitz@@UAE@XZ_SEH	21	1	mmMultiBlitz	~mmMultiBlitz
005A9B2B	?InitMyPlayer@mmMultiBlitz@@UAEXXZ_SEH	32	1	mmMultiBlitz	InitMyPlayer
005A9B4B	?InitGameObjects@mmMultiBlitz@@UAEXXZ_SEH	32	1	mmMultiBlitz	InitGameObjects
005A9B6B	?InitNetworkPlayers@mmMultiBlitz@@UAEXXZ_SEH	43	1	mmMultiBlitz	InitNetworkPlayers
005A9B96	??1mmMultiCircuit@@UAE@XZ_SEH	21	1	mmMultiCircuit	~mmMultiCircuit
005A9BAB	?InitMyPlayer@mmMultiCircuit@@UAEXXZ_SEH	32	1	mmMultiCircuit	InitMyPlayer
005A9BCB	?InitGameObjects@mmMultiCircuit@@UAEXXZ_SEH	32	1	mmMultiCircuit	InitGameObjects
005A9BEB	?InitNetworkPlayers@mmMultiCircuit@@UAEXXZ_SEH	57	1	mmMultiCircuit	InitNetworkPlayers
005A9C24	??0mmMultiCR@@QAE@XZ_SEH	60	1	mmMultiCR	mmMultiCR
005A9C60	??1mmMultiCR@@UAE@XZ_SEH	21	1	mmMultiCR	~mmMultiCR
005A9C75	?InitMyPlayer@mmMultiCR@@UAEXXZ_SEH	98	1	mmMultiCR	InitMyPlayer
005A9CD7	?InitGameObjects@mmMultiCR@@UAEXXZ_SEH	32	1	mmMultiCR	InitGameObjects
005A9CF7	?InitNetworkPlayers@mmMultiCR@@UAEXXZ_SEH	18	1	mmMultiCR	InitNetworkPlayers
005A9D09	?LoadSets@mmMultiCR@@QAEHPAD@Z_SEH	18	1	mmMultiCR	LoadSets
005A9D1B	?SendLobbyResults@mmMultiCR@@QAEXKHH@Z_SEH	43	1	mmMultiCR	SendLobbyResults
005A9D46	??1mmMultiRoam@@UAE@XZ_SEH	21	1	mmMultiRoam	~mmMultiRoam
005A9D5B	?InitMyPlayer@mmMultiRoam@@UAEXXZ_SEH	21	1	mmMultiRoam	InitMyPlayer
005A9D70	?InitGameObjects@mmMultiRoam@@UAEXXZ_SEH	32	1	mmMultiRoam	InitGameObjects
005A9D90	?InitNetworkPlayers@mmMultiRoam@@UAEXXZ_SEH	38	1	mmMultiRoam	InitNetworkPlayers
005A9DB6	??1mmMultiRace@@UAE@XZ_SEH	21	1	mmMultiRace	~mmMultiRace
005A9DCB	?InitMyPlayer@mmMultiRace@@UAEXXZ_SEH	32	1	mmMultiRace	InitMyPlayer
005A9DEB	?InitGameObjects@mmMultiRace@@UAEXXZ_SEH	32	1	mmMultiRace	InitGameObjects
005A9E0B	?InitNetworkPlayers@mmMultiRace@@UAEXXZ_SEH	216	1	mmMultiRace	InitNetworkPlayers
005A9EE3	??0mmPopup@@QAE@PAVmmGame@@MMMM@Z_SEH	162	1	mmPopup	mmPopup
005A9F85	??0vehCar@@QAE@H@Z_SEH	74	1	vehCar	vehCar
005A9FCF	??1vehCar@@UAE@XZ_SEH	43	1	vehCar	~vehCar
005A9FFA	?Init@vehCar@@QAEXPBDHH_N@Z_SEH	21	1	vehCar	Init
005AA00F	?InitAudio@vehCar@@QAEXPBDH@Z_SEH	28	1	vehCar	InitAudio
005AA02B	?GetInstance@lvlMaterialMgr@@SAAAV1@XZ_SEH	230	1	lvlMaterialMgr	GetInstance
005AA111	??0mmHUD@@QAE@XZ_SEH	216	1	mmHUD	mmHUD
005AA1E9	??1mmHUD@@UAE@XZ_SEH	65	1	mmHUD	~mmHUD
005AA22A	?Init@mmHUD@@QAEXPADPAVmmPlayer@@H@Z_SEH	18	1	mmHUD	Init
005AA23C	??0mmTimer@@QAE@XZ_SEH	29	1	mmTimer	mmTimer
005AA259	??0mmArrow@@QAE@XZ_SEH	18	1	mmArrow	mmArrow
005AA26B	??1mmArrow@@UAE@XZ_SEH	40	1	mmArrow	~mmArrow
005AA293	??1mmExternalView@@UAE@XZ_SEH	46	1	mmExternalView	~mmExternalView
005AA2C1	?Init@mmHudMap@@QAEXPAVMatrix34@@PAVmmGame@@PAD@Z_SEH	23	1	mmHudMap	Init
005AA2D8	??1mmCarRoadFF@@UAE@XZ_SEH	68	1	mmCarRoadFF	~mmCarRoadFF
005AA31C	??0mmRainAudio@@QAE@XZ_SEH	112	1	mmRainAudio	mmRainAudio
005AA38C	??0mmDashView@@QAE@XZ_SEH	112	1	mmDashView	mmDashView
005AA3FC	??1mmDashView@@UAE@XZ_SEH	18	1	mmDashView	~mmDashView
005AA40E	?LoadPkg@mmDashView@@AAEXPAD@Z_SEH	40	1	mmDashView	LoadPkg
005AA436	??0mmExternalView@@QAE@XZ_SEH	18	1	mmExternalView	mmExternalView
005AA448	??1RadialGauge@@UAE@XZ_SEH	35	1	RadialGauge	~RadialGauge
005AA46B	?Init@mmViewMgr@@QAEXPAVmmHUD@@PAVmmHudMap@@PAVmmPlayer@@@Z_SEH	29	1	mmViewMgr	Init
005AA488	??1mmIcons@@UAE@XZ_SEH	35	1	mmIcons	~mmIcons
005AA4AB	??0mmAmbientAudio@@QAE@PAVmmPlayer@@@Z_SEH	54	1	mmAmbientAudio	mmAmbientAudio
005AA4E1	??0mmCDPlayer@@QAE@XZ_SEH	34	1	mmCDPlayer	mmCDPlayer
005AA503	??1mmCDPlayer@@UAE@XZ_SEH	24	1	mmCDPlayer	~mmCDPlayer
005AA51B	?LoadMusic@mmSingleRaceMusicData@@UAE_NPAD@Z_SEH	29	1	mmSingleRaceMusicData	LoadMusic
005AA538	?UpdateRewards@mmGameSingle@@IAE_NXZ_SEH	35	1	mmGameSingle	UpdateRewards
005AA55B	?LoadAmbientSFX@mmGameMusicData@@AAE_NPAD@Z_SEH	51	1	mmGameMusicData	LoadAmbientSFX
005AA58E	??0mmWaypoints@@QAE@XZ_SEH	18	1	mmWaypoints	mmWaypoints
005AA5A0	??1mmWaypoints@@UAE@XZ_SEH	21	1	mmWaypoints	~mmWaypoints
005AA5B5	?InitStatic@mmWaypoints@@QAEXPAVmmPlayer@@HI@Z_SEH	18	1	mmWaypoints	InitStatic
005AA5C7	?ReInit@mmWaypoints@@QAEXHPADI@Z_SEH	18	1	mmWaypoints	ReInit
005AA5D9	?SaveCSV@mmWaypoints@@QAEHPAD@Z_SEH	73	1	mmWaypoints	SaveCSV
005AA622	?LoadCSV@mmWaypoints@@QAEHPADH@Z_SEH	44	1	mmWaypoints	LoadCSV
005AA64E	??0mmWPHUD@@QAE@XZ_SEH	40	1	mmWPHUD	mmWPHUD
005AA676	??1mmWPHUD@@UAE@XZ_SEH	54	1	mmWPHUD	~mmWPHUD
005AA6AC	?Init@mmWPHUD@@QAEXHPAH0H@Z_SEH	40	1	mmWPHUD	Init
005AA6D4	??0mmCircuitHUD@@QAE@XZ_SEH	40	1	mmCircuitHUD	mmCircuitHUD
005AA6FC	??1mmCircuitHUD@@UAE@XZ_SEH	98	1	mmCircuitHUD	~mmCircuitHUD
005AA75E	?Init@mmCircuitHUD@@QAEXXZ_SEH	79	1	mmCircuitHUD	Init
005AA7AD	??0mmCRHUD@@QAE@XZ_SEH	79	1	mmCRHUD	mmCRHUD
005AA7FC	??1mmCRHUD@@UAE@XZ_SEH	98	1	mmCRHUD	~mmCRHUD
005AA85E	?Init@mmCRHUD@@QAEXPAVMatrix34@@PADW4mmCRGameClass@@@Z_SEH	18	1	mmCRHUD	Init
005AA870	??1mmCollideHUD@@UAE@XZ_SEH	54	1	mmCollideHUD	~mmCollideHUD
005AA8A6	?Init@mmCollideHUD@@QAEXHPAH0H@Z_SEH	21	1	mmCollideHUD	Init
005AA8BB	?LoadMusic@mmSingleRoamMusicData@@UAE_NPAD@Z_SEH	112	1	mmSingleRoamMusicData	LoadMusic
005AA92B	??0mmGameMulti@@QAE@XZ_SEH	101	1	mmGameMulti	mmGameMulti
005AA990	??1mmGameMulti@@UAE@XZ_SEH	32	1	mmGameMulti	~mmGameMulti
005AA9B0	?BootStrapCars@mmGameMulti@@QAEXXZ_SEH	18	1	mmGameMulti	BootStrapCars
005AA9C2	?SendLobbyResults@mmGameMulti@@QAEXHIM@Z_SEH	47	1	mmGameMulti	SendLobbyResults
005AA9F1	??0mmNetObject@@QAE@XZ_SEH	56	1	mmNetObject	mmNetObject
005AAA29	??0mmWaypointObject@@QAE@AAVVector4@@PADHMHM@Z_SEH	42	1	mmWaypointObject	mmWaypointObject
005AAA53	??0RadialGauge@@QAE@XZ_SEH	21	1	RadialGauge	RadialGauge
005AAA68	??0mmWaypointInstance@@QAE@XZ_SEH	18	1	mmWaypointInstance	mmWaypointInstance
005AAA7A	??0mmCheckpointInstance@@QAE@XZ_SEH	18	1	mmCheckpointInstance	mmCheckpointInstance
005AAA8C	??0mmBillInstance@@QAE@XZ_SEH	18	1	mmBillInstance	mmBillInstance
005AAA9E	??0mmPowerupInstance@@QAE@XZ_SEH	62	1	mmPowerupInstance	mmPowerupInstance
005AAADC	??0dgBangerActive@@QAE@XZ_SEH	32	1	dgBangerActive	dgBangerActive
005AAAFC	??1dgBangerActive@@UAE@XZ_SEH	45	1	dgBangerActive	~dgBangerActive
005AAB29	??0dgBangerActiveManager@@QAE@XZ_SEH	18	1	dgBangerActiveManager	dgBangerActiveManager
005AAB3B	??1dgBangerActiveManager@@UAE@XZ_SEH	71	1	dgBangerActiveManager	~dgBangerActiveManager
005AAB82	??0dgBangerDataManager@@QAE@XZ_SEH	60	1	dgBangerDataManager	dgBangerDataManager
005AABBE	??1dgBangerDataManager@@UAE@XZ_SEH	54	1	dgBangerDataManager	~dgBangerDataManager
005AABF4	?InitBound@dgBangerData@@QAEXXZ_SEH	20	1	dgBangerData	InitBound
005AAC08	??0dgBangerData@@QAE@XZ_SEH	32	1	dgBangerData	dgBangerData
005AAC28	??1dgBangerData@@UAE@XZ_SEH	57	1	dgBangerData	~dgBangerData
005AAC61	?RequestBanger@dgUnhitBangerInstance@@SAPAV1@PBDH@Z_SEH	18	1	dgUnhitBangerInstance	RequestBanger
005AAC73	??1dgBangerManager@@UAE@XZ_SEH	21	1	dgBangerManager	~dgBangerManager
005AAC88	?Init@dgBangerManager@@QAEXH@Z_SEH	32	1	dgBangerManager	Init
005AACA8	??0dgHitBangerInstance@@QAE@XZ_SEH	32	1	dgHitBangerInstance	dgHitBangerInstance
005AACC8	?LoadCityTimeWeatherLighting@@YAXXZ_SEH	18	1		LoadCityTimeWeatherLighting
005AACDA	??0cityLevel@@QAE@XZ_SEH	18	1	cityLevel	cityLevel
005AACEC	??0dgRoadDecalInstance@@QAE@PBDABVdgPath@@@Z_SEH	18	1	dgRoadDecalInstance	dgRoadDecalInstance
005AACFE	??1dgRoadDecalInstance@@QAE@XZ_SEH	84	1	dgRoadDecalInstance	~dgRoadDecalInstance
005AAD52	?Load@cityLevel@@UAEXPBD@Z_SEH	21	1	cityLevel	Load
005AAD67	cityLevel_LoadCustomPlacedProps_SEH	36	1		cityLevel_LoadCustomPlacedProps_SEH
005AAD8B	?LoadBinary@sdlPage16@@SAPAV1@PAVStream@@@Z_SEH	51	1	sdlPage16	LoadBinary
005AADBE	?LoadBinary@lvlSDL@@QAE_NPBD@Z_SEH	26	1	lvlSDL	LoadBinary
005AADD8	??1fxShardManager@@UAE@XZ_SEH	21	1	fxShardManager	~fxShardManager
005AADED	?Init@fxShardManager@@QAEXHPAVmodShader@@H@Z_SEH	27	1	fxShardManager	Init
005AAE08	??1asLineSparks@@UAE@XZ_SEH	32	1	asLineSparks	~asLineSparks
005AAE28	??0asParticles@@QAE@XZ_SEH	18	1	asParticles	asParticles
005AAE3A	??1asParticles@@UAE@XZ_SEH	33	1	asParticles	~asParticles
005AAE5B	?Init@ptxGlass@@QAEXHHPAVgfxTexture@@@Z_SEH	43	1	ptxGlass	Init
005AAE86	?GetGeomSet@lvlInstance@@KAHPBD0H@Z_SEH	21	1	lvlInstance	GetGeomSet
005AAE9B	?LoadBoundOnLastEntry@lvlInstance@@QAE_NPBD@Z_SEH	21	1	lvlInstance	LoadBoundOnLastEntry
005AAEB0	?BeginGeom@lvlInstance@@QAE_NPBD0H@Z_SEH	32	1	lvlInstance	BeginGeom
005AAED0	?InitBoundTerrain@lvlInstance@@QAE_NPBD@Z_SEH	32	1	lvlInstance	InitBoundTerrain
005AAEF0	?InitBoundTerrainLocal@lvlInstance@@QAE_NPBD@Z_SEH	21	1	lvlInstance	InitBoundTerrainLocal
005AAF05	?InitGhostBound@lvlInstance@@QAE_NPAVphBound@@PBVVector3@@H@Z_SEH	76	1	lvlInstance	InitGhostBound
005AAF51	?CreateTempBounds@lvlInstance@@KAXXZ_SEH	23	1	lvlInstance	CreateTempBounds
005AAF68	??0lvlSky@@QAE@XZ_SEH	18	1	lvlSky	lvlSky
005AAF7A	?Init@lvlSky@@QAEXPBDMMMH@Z_SEH	30	1	lvlSky	Init
005AAF98	??0lvlLevel@@QAE@XZ_SEH	18	1	lvlLevel	lvlLevel
005AAFAA	??1lvlLevel@@UAE@XZ_SEH	44	1	lvlLevel	~lvlLevel
005AAFD6	?LoadInstances@lvlLevel@@UAE_NPBD0@Z_SEH	21	1	lvlLevel	LoadInstances
005AAFEB	?CreateInstance@lvlMaterialMgr@@SAAAV1@XZ_SEH	21	1	lvlMaterialMgr	CreateInstance
005AB000	??0lvlMaterialMgr@@IAE@XZ_SEH	21	1	lvlMaterialMgr	lvlMaterialMgr
005AB015	?Load@lvlMaterialMgr@@UAEPAVphMaterial@@PAVdatAsciiTokenizer@@@Z_SEH	22	1	lvlMaterialMgr	Load
005AB02B	?Load@dgPath@@SAPAV1@PAVStream@@@Z_SEH	18	1	dgPath	Load
005AB03D	??1dgPathSet@@UAE@XZ_SEH	41	1	dgPathSet	~dgPathSet
005AB066	?Create@lvlMultiRoomInstance@@SAXPAVlvlInstance@@H@Z_SEH	18	1	lvlMultiRoomInstance	Create
005AB078	??0lvlMultiRoomInstance@@AAE@PAVlvlInstance@@PAUlvlMultiRoomState@@H@Z_SEH	43	1	lvlMultiRoomInstance	lvlMultiRoomInstance
005AB0A3	??0dgPhysManager@@QAE@XZ_SEH	18	1	dgPhysManager	dgPhysManager
005AB0B5	??1dgPhysManager@@UAE@XZ_SEH	30	1	dgPhysManager	~dgPhysManager
005AB0D3	??0dgBoundGeometry@@QAE@XZ_SEH	18	1	dgBoundGeometry	dgBoundGeometry
005AB0E5	??1dgBoundGeometry@@QAE@XZ_SEH	29	1	dgBoundGeometry	~dgBoundGeometry
005AB102	??0dgBoundBox@@QAE@XZ_SEH	18	1	dgBoundBox	dgBoundBox
005AB114	??1dgBoundBox@@QAE@XZ_SEH	29	1	dgBoundBox	~dgBoundBox
005AB131	??0dgBoundHotdog@@QAE@XZ_SEH	18	1	dgBoundHotdog	dgBoundHotdog
005AB143	??1dgBoundHotdog@@QAE@XZ_SEH	29	1	dgBoundHotdog	~dgBoundHotdog
005AB160	??0dgBoundSphere@@QAE@XZ_SEH	18	1	dgBoundSphere	dgBoundSphere
005AB172	??1dgBoundSphere@@QAE@XZ_SEH	25	1	dgBoundSphere	~dgBoundSphere
005AB18B	?Init@phBoundGeometry@@QAEXHHHH@Z_SEH	24	1	phBoundGeometry	Init
005AB1A3	?Load@phBoundGeometry@@QAE_NPBDPBVVector3@@@Z_SEH	21	1	phBoundGeometry	Load
005AB1B8	?LoadBinary@phBoundGeometry@@QAE_NPBD@Z_SEH	21	1	phBoundGeometry	LoadBinary
005AB1CD	?GhostSection@phBoundGeometry@@QAE_NPBV1@PBVVector3@@HMM@Z_SEH	27	1	phBoundGeometry	GhostSection
005AB1E8	??1phBoundTerrain@@QAE@XZ_SEH	35	1	phBoundTerrain	~phBoundTerrain
005AB20B	?CreateInstance@phMaterialMgr@@SAAAV1@H@Z_SEH	21	1	phMaterialMgr	CreateInstance
005AB220	??0phMaterialMgr@@IAE@PAVphMaterial@@H@Z_SEH	47	1	phMaterialMgr	phMaterialMgr
005AB24F	??Hstring@@QBE?AV0@PBD@Z_SEH	41	1		??Hstring@@QBE?AV0@PBD@Z_SEH
005AB278	??H@YA?AVstring@@PBDABV0@@Z_SEH	41	1		??H@YA?AVstring@@PBDABV0@@Z_SEH
005AB2A1	??Gstring@@QBE?AV0@PBD@Z_SEH	18	1		??Gstring@@QBE?AV0@PBD@Z_SEH
005AB2B3	??Zstring@@QAEXPBD@Z_SEH	18	1		??Zstring@@QAEXPBD@Z_SEH
005AB2C5	?MinusEqual@string@@QAEXD@Z_SEH	50	1	string	MinusEqual
005AB2F7	?SaveName@string@@QAEXABV1@H00@Z_SEH	82	1	string	SaveName
005AB349	?FindFile@string@@QAEHABV1@H00@Z_SEH	90	1	string	FindFile
005AB3A3	?CommaFile@string@@QBEHXZ_SEH	41	1	string	CommaFile
005AB3CC	?FileName@string@@QBE?AV1@XZ_SEH	18	1	string	FileName
005AB3DE	?ExpandEnvs@string@@QAEXXZ_SEH	26	1	string	ExpandEnvs
005AB3F8	??0asRoot@@QAE@XZ_SEH	32	1	asRoot	asRoot
005AB418	??1asNode@@UAE@XZ_SEH	18	1	asNode	~asNode
005AB42A	?Load@asNode@@UAE_NXZ_SEH	18	1	asNode	Load
005AB43C	?Save@asNode@@UAE_NXZ_SEH	28	1	asNode	Save
005AB458	??0asCullManager@@QAE@HH@Z_SEH	18	1	asCullManager	asCullManager
005AB46A	??1asCullManager@@UAE@XZ_SEH	30	1	asCullManager	~asCullManager
005AB488	??1asCamera@@UAE@XZ_SEH	29	1	asCamera	~asCamera
005AB4A5	??0asCamera@@QAE@XZ_SEH	19	1	asCamera	asCamera
005AB4B8	??0asLinearCS@@QAE@XZ_SEH	32	1	asLinearCS	asLinearCS
005AB4D8	??0eqEventQ@@QAE@H@Z_SEH	18	1	eqEventQ	eqEventQ
005AB4EA	??1eqEventQ@@UAE@XZ_SEH	33	1	eqEventQ	~eqEventQ
005AB50B	?AddStaticMaterial@modShader@@SAPAUgfxMaterial@@ABU2@@Z_SEH	32	1	modShader	AddStaticMaterial
005AB52B	?modGetStatic@@YAPAVmodStatic@@PBDP6AXAAVVector3@@PAX@Z2_N@Z_SEH	32	1		modGetStatic
005AB54B	?CreateViewport@gfxPipeline@@SAPAVgfxViewport@@XZ_SEH	32	1	gfxPipeline	CreateViewport
005AB56B	?CreateVertexBuffer@gfxPipeline@@SAPAUgfxVertexBuffer@@II_N@Z_SEH	32	1	gfxPipeline	CreateVertexBuffer
005AB58B	?InitCache@gfxTexture@@SAXXZ_SEH	32	1	gfxTexture	InitCache
005AB5AB	?Clone@gfxPacket@@QBEPAV1@XZ_SEH	32	1	gfxPacket	Clone
005AB5CB	?gfxGetTextureMovie@@YAPAVgfxTextureMovie@@AAPAVgfxTexture@@PBD_N@Z_SEH	32	1		gfxGetTextureMovie
005AB5EB	?InitFixed@HashTable@@AAEXHH@Z_SEH	21	1	HashTable	InitFixed
005AB600	?Insert@HashTable@@QAE_NPBDPAX@Z_SEH	68	1	HashTable	Insert
005AB644	??0vehCarDamage@@QAE@XZ_SEH	18	1	vehCarDamage	vehCarDamage
005AB656	??1vehCarDamage@@UAE@XZ_SEH	32	1	vehCarDamage	~vehCarDamage
005AB676	?Init@vehCarDamage@@QAEXPAVvehCar@@PBD@Z_SEH	326	1	vehCarDamage	Init
005AB7BC	??0vehCarSim@@QAE@XZ_SEH	312	1	vehCarSim	vehCarSim
005AB8F4	??1vehCarSim@@UAE@XZ_SEH	20	1	vehCarSim	~vehCarSim
005AB908	??1vehCarModel@@QAE@XZ_SEH	54	1	vehCarModel	~vehCarModel
005AB93E	?Init@vehCarModel@@QAEXPAVvehCar@@PBDH@Z_SEH	32	1	vehCarModel	Init
005AB95E	?InitBound@vehCarModel@@QAEXPBD_N@Z_SEH	26	1	vehCarModel	InitBound
005AB978	??0vehTransmission@@QAE@XZ_SEH	46	1	vehTransmission	vehTransmission
005AB9A6	?LoadEngine@aiAmbientVehicleAudio@@QAE_NPAD0@Z_SEH	32	1	aiAmbientVehicleAudio	LoadEngine
005AB9C6	?LoadHorn@aiAmbientVehicleAudio@@QAE_NPAD0@Z_SEH	32	1	aiAmbientVehicleAudio	LoadHorn
005AB9E6	?LoadVoices@aiAmbientVehicleAudio@@QAE_NPAD0_N@Z_SEH	32	1	aiAmbientVehicleAudio	LoadVoices
005ABA06	?LoadImpacts@aiAmbientVehicleAudio@@QAE_NPAD0@Z_SEH	43	1	aiAmbientVehicleAudio	LoadImpacts
005ABA31	?Init@vehCarAudioContainer@@QAEXPBDPAVvehCarSim@@PAVvehCarDamage@@H@Z_SEH	32	1	vehCarAudioContainer	Init
005ABA51	?InitPolice@vehCarAudioContainer@@QAEXPBDPAVvehCarSim@@PAVvehCarDamage@@H@Z_SEH	43	1	vehCarAudioContainer	InitPolice
005ABA7C	?InitSemi@vehCarAudioContainer@@QAEXPBDPAVvehCarSim@@PAVvehCarDamage@@H@Z_SEH	43	1	vehCarAudioContainer	InitSemi
005ABAA7	?InitNitro@vehCarAudioContainer@@QAEXPBDPAVvehCarSim@@PAVvehCarDamage@@H@Z_SEH	44	1	vehCarAudioContainer	InitNitro
005ABAD3	??0vehWheelPtx@@QAE@XZ_SEH	29	1	vehWheelPtx	vehWheelPtx
005ABAF0	??1vehWheelPtx@@UAE@XZ_SEH	21	1	vehWheelPtx	~vehWheelPtx
005ABB05	?ConstructClass@vehWheelPtx@@SAXPBD@Z_SEH	19	1	vehWheelPtx	ConstructClass
005ABB18	??0vehWheel@@QAE@XZ_SEH	54	1	vehWheel	vehWheel
005ABB4E	??0vehPoliceCarAudio@@QAE@PAVvehCarSim@@PAVvehCarDamage@@PBD2_N@Z_SEH	18	1	vehPoliceCarAudio	vehPoliceCarAudio
005ABB60	??1vehPoliceCarAudio@@UAE@XZ_SEH	24	1	vehPoliceCarAudio	~vehPoliceCarAudio
005ABB78	??0vehStuck@@QAE@XZ_SEH	46	1	vehStuck	vehStuck
005ABBA6	?Init@vehSiren@@QAE_NXZ_SEH	18	1	vehSiren	Init
005ABBB8	??0vehSplash@@QAE@XZ_SEH	250	1	vehSplash	vehSplash
005ABCB2	??0vehTrailer@@QAE@XZ_SEH	241	1	vehTrailer	vehTrailer
005ABDA3	??1vehTrailer@@UAE@XZ_SEH	24	1	vehTrailer	~vehTrailer
005ABDBB	?Create@vehBreakableMgr@@QAEPAVvehBreakable@@PBD0PAPAVmodStatic@@HH@Z_SEH	29	1	vehBreakableMgr	Create
005ABDD8	??0vehEngine@@QAE@XZ_SEH	32	1	vehEngine	vehEngine
005ABDF8	??0vehSuspension@@QAE@XZ_SEH	32	1	vehSuspension	vehSuspension
005ABE18	??0vehAxle@@QAE@XZ_SEH	32	1	vehAxle	vehAxle
005ABE38	??0vehDrivetrain@@QAE@XZ_SEH	43	1	vehDrivetrain	vehDrivetrain
005ABE63	??0vehBound@@QAE@XZ_SEH	18	1	vehBound	vehBound
005ABE75	??1vehBound@@QAE@XZ_SEH	22	1	vehBound	~vehBound
005ABE8B	??0vehHornAudio@@QAE@PAV0@@Z_SEH	21	1	vehHornAudio	vehHornAudio
005ABEA0	?AllocTiming@vehHornAudio@@QAEXXZ_SEH	52	1	vehHornAudio	AllocTiming
005ABED4	??0vehCarAudio@@QAE@PAVvehCarSim@@PAVvehCarDamage@@PBD_N3@Z_SEH	32	1	vehCarAudio	vehCarAudio
005ABEF4	??1vehCarAudio@@UAE@XZ_SEH	32	1	vehCarAudio	~vehCarAudio
005ABF14	?GetSpeed@vehCarAudio@@QAEMXZ_SEH	42	1	vehCarAudio	GetSpeed
005ABF3E	??0vehSemiCarAudio@@QAE@PAVvehCarSim@@PAVvehCarDamage@@PAD_N3@Z_SEH	48	1	vehSemiCarAudio	vehSemiCarAudio
005ABF6E	??0vehNitroCarAudio@@QAE@PAVvehCarSim@@PAVvehCarDamage@@PAD_N3@Z_SEH	29	1	vehNitroCarAudio	vehNitroCarAudio
005ABF8B	?Load@vehEngineAudio@@QAEHPAVStream@@@Z_SEH	32	1	vehEngineAudio	Load
005ABFAB	?LoadCSV@vehSurfaceAudio@@QAE_NPAD0@Z_SEH	29	1	vehSurfaceAudio	LoadCSV
005ABFC8	??0UIMenu@@QAE@H@Z_SEH	18	1	UIMenu	UIMenu
005ABFDA	??1UIMenu@@UAE@XZ_SEH	21	1	UIMenu	~UIMenu
005ABFEF	?AddHotSpot@UIMenu@@QAEPAVuiWidget@@HPADMMMMVdatCallback@@@Z_SEH	29	1	UIMenu	AddHotSpot
005AC00C	?AddTextDropdown@UIMenu@@QAEPAVUITextDropdown@@HPAULocString@@PAHMMMMVstring@@HHHVdatCallback@@PAD3@Z_SEH	29	1	UIMenu	AddTextDropdown
005AC029	?AddTextRoller@UIMenu@@QAEPAVUITextRoller@@HPAULocString@@PAHMMMMVstring@@HHHHVdatCallback@@@Z_SEH	29	1	UIMenu	AddTextRoller
005AC046	?AddTextRoller2@UIMenu@@QAEPAVUITextRoller2@@HPAULocString@@PAHMMMMVstring@@HHHHVdatCallback@@@Z_SEH	29	1	UIMenu	AddTextRoller2
005AC063	?AddTextScroll@UIMenu@@QAEPAVUITextScroll@@HPAXMMMMVstring@@HPAHVdatCallback@@@Z_SEH	21	1	UIMenu	AddTextScroll
005AC078	?AddCompScroll@UIMenu@@QAEPAVUICompositeScroll@@HMMMMMHPAHHHVdatCallback@@@Z_SEH	21	1	UIMenu	AddCompScroll
005AC08D	?AddTextField@UIMenu@@QAEPAVUITextField@@HPAULocString@@PADMMMMHHHHHVdatCallback@@@Z_SEH	21	1	UIMenu	AddTextField
005AC0A2	?AddUIControl@UIMenu@@QAEPAVUIControlWidget@@HMMMMMPAVmmIO@@VdatCallback@@@Z_SEH	21	1	UIMenu	AddUIControl
005AC0B7	?AddSlider@UIMenu@@QAEPAVUISlider@@HPAULocString@@PAMMMMMMMHHHHVdatCallback@@2@Z_SEH	21	1	UIMenu	AddSlider
005AC0CC	?AddButton@UIMenu@@QAEPAVUIButton@@HPAULocString@@MMMMHHVdatCallback@@H@Z_SEH	21	1	UIMenu	AddButton
005AC0E1	?AddLabel@UIMenu@@QAEPAVUILabel@@HPAULocString@@MMMMHH@Z_SEH	21	1	UIMenu	AddLabel
005AC0F6	?AddBMLabel@UIMenu@@QAEPAVUIBMLabel@@HPADPAVstring@@MMPAH@Z_SEH	21	1	UIMenu	AddBMLabel
005AC10B	?AddIcon@UIMenu@@QAEPAVUIIcon@@HPADMM@Z_SEH	21	1	UIMenu	AddIcon
005AC120	?AddIconW@UIMenu@@QAEPAVUIIconW@@HPAULocString@@PADMMMMVdatCallback@@@Z_SEH	21	1	UIMenu	AddIconW
005AC135	?AddToggle@UIMenu@@QAEPAVUIToggleButton@@HPAULocString@@PAHMMMMHHVdatCallback@@@Z_SEH	21	1	UIMenu	AddToggle
005AC14A	?AddToggle2@UIMenu@@QAEPAVUIToggleButton2@@HPAULocString@@PAHMMMMHHVdatCallback@@@Z_SEH	21	1	UIMenu	AddToggle2
005AC15F	?AddMex@UIMenu@@QAEPAVUIMexButton@@HPAULocString@@PAHHMMMMHHVdatCallback@@@Z_SEH	21	1	UIMenu	AddMex
005AC174	?AddBMButton@UIMenu@@QAEPAVUIBMButton@@HPADMMHVdatCallback@@PAHHH1@Z_SEH	21	1	UIMenu	AddBMButton
005AC189	?AddCWArray@UIMenu@@QAEPAVUICWArray@@HMMMMHVdatCallback@@@Z_SEH	21	1	UIMenu	AddCWArray
005AC19E	?AddVScrollBar@UIMenu@@QAEPAVUIVScrollBar@@HPAHMMMMMMHHVdatCallback@@@Z_SEH	226	1	UIMenu	AddVScrollBar
005AC280	??0MenuManager@@QAE@XZ_SEH	207	1	MenuManager	MenuManager
005AC34F	??1MenuManager@@UAE@XZ_SEH	43	1	MenuManager	~MenuManager
005AC37A	?Init@MenuManager@@QAEXHHPAD@Z_SEH	21	1	MenuManager	Init
005AC38F	?Init@MenuManager@@QAEXPAVasCamera@@HHMMMM@Z_SEH	98	1	MenuManager	Init
005AC3F1	?InitCommonStuff@MenuManager@@QAEXHH@Z_SEH	21	1	MenuManager	InitCommonStuff
005AC406	?AllocateMenuSwitchAudio@MenuManager@@QAEXXZ_SEH	32	1	MenuManager	AllocateMenuSwitchAudio
005AC426	?AddBrackets@MenuManager@@QAEXPAVUIIcon@@0PAVuiWidget@@MM@Z_SEH	18	1	MenuManager	AddBrackets
005AC438	??0uiNavBar@@QAE@H@Z_SEH	54	1	uiNavBar	uiNavBar
005AC46E	??0UITextField@@QAE@XZ_SEH	18	1	UITextField	UITextField
005AC480	??1UITextField@@UAE@XZ_SEH	21	1	UITextField	~UITextField
005AC495	?Init@UITextField@@QAEXPAULocString@@PADMMMMHHHHHVdatCallback@@PAVUIMenu@@@Z_SEH	30	1	UITextField	Init
005AC4B3	??0UITextDropdown@@QAE@XZ_SEH	18	1	UITextDropdown	UITextDropdown
005AC4C5	??1UITextDropdown@@UAE@XZ_SEH	59	1	UITextDropdown	~UITextDropdown
005AC500	?Init@UITextDropdown@@QAEXPAULocString@@PAHMMMMVstring@@HHHVdatCallback@@PAD3@Z_SEH	18	1	UITextDropdown	Init
005AC512	?AssignString@UITextDropdown@@QAEXVstring@@@Z_SEH	58	1	UITextDropdown	AssignString
005AC54C	??0UITextRoller@@QAE@XZ_SEH	32	1	UITextRoller	UITextRoller
005AC56C	??1UITextRoller@@UAE@XZ_SEH	29	1	UITextRoller	~UITextRoller
005AC589	?Init@UITextRoller@@QAEXPAULocString@@PAHMMMMVstring@@HHHHVdatCallback@@PAVUIMenu@@@Z_SEH	18	1	UITextRoller	Init
005AC59B	?SetString@UITextRoller@@QAEXVstring@@@Z_SEH	54	1	UITextRoller	SetString
005AC5D1	??0UITextRoller2@@QAE@XZ_SEH	32	1	UITextRoller2	UITextRoller2
005AC5F1	??1UITextRoller2@@UAE@XZ_SEH	40	1	UITextRoller2	~UITextRoller2
005AC619	?Init@UITextRoller2@@QAEXPAULocString@@PAHMMMMVstring@@HHHHVdatCallback@@PAVUIMenu@@@Z_SEH	18	1	UITextRoller2	Init
005AC62B	?SetString@UITextRoller2@@QAEXVstring@@@Z_SEH	62	1	UITextRoller2	SetString
005AC669	??0UITextScroll@@QAE@XZ_SEH	29	1	UITextScroll	UITextScroll
005AC686	??1UITextScroll@@UAE@XZ_SEH	29	1	UITextScroll	~UITextScroll
005AC6A3	?Init@UITextScroll@@QAEXPAXMMMMVstring@@HPAHVdatCallback@@@Z_SEH	29	1	UITextScroll	Init
005AC6C0	?Recalc@UITextScroll@@QAEXVstring@@@Z_SEH	26	1	UITextScroll	Recalc
005AC6DA	?InitTextScroll@UITextScroll@@AAEXVstring@@@Z_SEH	52	1	UITextScroll	InitTextScroll
005AC70E	??0UICompositeScroll@@QAE@XZ_SEH	18	1	UICompositeScroll	UICompositeScroll
005AC720	??1UICompositeScroll@@UAE@XZ_SEH	84	1	UICompositeScroll	~UICompositeScroll
005AC774	??0UIControlWidget@@QAE@XZ_SEH	18	1	UIControlWidget	UIControlWidget
005AC786	??1UIControlWidget@@UAE@XZ_SEH	29	1	UIControlWidget	~UIControlWidget
005AC7A3	??0UISlider@@QAE@XZ_SEH	18	1	UISlider	UISlider
005AC7B5	??1UISlider@@UAE@XZ_SEH	21	1	UISlider	~UISlider
005AC7CA	?Init@UISlider@@QAEXPAULocString@@PAMMMMMMMHHHHVdatCallback@@PAVUIMenu@@2@Z_SEH	41	1	UISlider	Init
005AC7F3	??0UIButton@@QAE@XZ_SEH	18	1	UIButton	UIButton
005AC805	??1UIButton@@UAE@XZ_SEH	30	1	UIButton	~UIButton
005AC823	??0UILabel@@QAE@XZ_SEH	18	1	UILabel	UILabel
005AC835	??1UILabel@@UAE@XZ_SEH	19	1	UILabel	~UILabel
005AC848	??0UIBMLabel@@QAE@XZ_SEH	32	1	UIBMLabel	UIBMLabel
005AC868	??1UIBMLabel@@UAE@XZ_SEH	18	1	UIBMLabel	~UIBMLabel
005AC87A	?LoadBitmap@UIBMLabel@@AAEXXZ_SEH	30	1	UIBMLabel	LoadBitmap
005AC898	??0UIIcon@@QAE@XZ_SEH	54	1	UIIcon	UIIcon
005AC8CE	??0UIIconW@@QAE@XZ_SEH	18	1	UIIconW	UIIconW
005AC8E0	??1UIIconW@@UAE@XZ_SEH	35	1	UIIconW	~UIIconW
005AC903	??0UIToggleButton@@QAE@XZ_SEH	18	1	UIToggleButton	UIToggleButton
005AC915	??1UIToggleButton@@UAE@XZ_SEH	30	1	UIToggleButton	~UIToggleButton
005AC933	??0UIToggleButton2@@QAE@XZ_SEH	32	1	UIToggleButton2	UIToggleButton2
005AC953	??0UIMexButton@@QAE@XZ_SEH	21	1	UIMexButton	UIMexButton
005AC968	??0UIBMButton@@QAE@XZ_SEH	18	1	UIBMButton	UIBMButton
005AC97A	??1UIBMButton@@UAE@XZ_SEH	21	1	UIBMButton	~UIBMButton
005AC98F	?Init@UIBMButton@@QAEXPADMMHHPAHHHPAULocString@@VdatCallback@@3@Z_SEH	21	1	UIBMButton	Init
005AC9A4	?AllocateSounds@UIBMButton@@CAXXZ_SEH	42	1	UIBMButton	AllocateSounds
005AC9CE	??0UICWArray@@QAE@XZ_SEH	18	1	UICWArray	UICWArray
005AC9E0	??1UICWArray@@UAE@XZ_SEH	40	1	UICWArray	~UICWArray
005ACA08	??0UIVScrollBar@@QAE@XZ_SEH	18	1	UIVScrollBar	UIVScrollBar
005ACA1A	??1UIVScrollBar@@UAE@XZ_SEH	30	1	UIVScrollBar	~UIVScrollBar
005ACA38	??0sfPointer@@QAE@XZ_SEH	18	1	sfPointer	sfPointer
005ACA4A	??1sfPointer@@UAE@XZ_SEH	41	1	sfPointer	~sfPointer
005ACA73	??0mmToolTip@@QAE@XZ_SEH	18	1	mmToolTip	mmToolTip
005ACA85	??1mmToolTip@@UAE@XZ_SEH	41	1	mmToolTip	~mmToolTip
005ACAAE	??0TextDropWidget@@QAE@XZ_SEH	18	1	TextDropWidget	TextDropWidget
005ACAC0	??1TextDropWidget@@UAE@XZ_SEH	18	1	TextDropWidget	~TextDropWidget
005ACAD2	?Init@TextDropWidget@@QAEXPAXMMMMMVstring@@H@Z_SEH	18	1	TextDropWidget	Init
005ACAE4	?SetString@TextDropWidget@@QAEXVstring@@@Z_SEH	20	1	TextDropWidget	SetString
005ACAF8	??0mmDropDown@@QAE@XZ_SEH	29	1	mmDropDown	mmDropDown
005ACB15	??1mmDropDown@@UAE@XZ_SEH	18	1	mmDropDown	~mmDropDown
005ACB27	?Init@mmDropDown@@QAEXPAXMMMMVstring@@H@Z_SEH	29	1	mmDropDown	Init
005ACB44	?InitString@mmDropDown@@QAEXVstring@@@Z_SEH	18	1	mmDropDown	InitString
005ACB56	?SetString@mmDropDown@@AAEXVstring@@@Z_SEH	18	1	mmDropDown	SetString
005ACB68	??0VSWidget@@QAE@XZ_SEH	18	1	VSWidget	VSWidget
005ACB7A	??1VSWidget@@UAE@XZ_SEH	30	1	VSWidget	~VSWidget
005ACB98	??0mmSlider@@QAE@XZ_SEH	18	1	mmSlider	mmSlider
005ACBAA	??1mmSlider@@UAE@XZ_SEH	30	1	mmSlider	~mmSlider
005ACBC8	??1mmToggle@@UAE@XZ_SEH	32	1	mmToggle	~mmToggle
005ACBE8	??1mmToggle2@@UAE@XZ_SEH	62	1	mmToggle2	~mmToggle2
005ACC26	??0GraphicsOptions@@QAE@H@Z_SEH	26	1	GraphicsOptions	GraphicsOptions
005ACC40	SEH_4F4B60	18	1		SEH_4F4B60
005ACC52	?SetupResChoices@@YAXXZ_SEH	18	1		SetupResChoices
005ACC64	SEH_4F4F30	18	1		SEH_4F4F30
005ACC76	??1GraphicsOptions@@UAE@XZ_SEH	57	1	GraphicsOptions	~GraphicsOptions
005ACCAF	??0VehicleSelectBase@@QAE@H@Z_SEH	18	1	VehicleSelectBase	VehicleSelectBase
005ACCC1	?IncColor@VehicleSelectBase@@QAEXXZ_SEH	18	1	VehicleSelectBase	IncColor
005ACCD3	?DecColor@VehicleSelectBase@@QAEXXZ_SEH	94	1	VehicleSelectBase	DecColor
005ACD31	?InitCarSelection@VehicleSelectBase@@QAEXHMMMM@Z_SEH	46	1	VehicleSelectBase	InitCarSelection
005ACD5F	??1VehicleSelectBase@@UAE@XZ_SEH	18	1	VehicleSelectBase	~VehicleSelectBase
005ACD71	?SetPick@VehicleSelectBase@@QAEXHF@Z_SEH	67	1	VehicleSelectBase	SetPick
005ACDB4	??0AudioOptions@@QAE@H@Z_SEH	46	1	AudioOptions	AudioOptions
005ACDE2	??1AudioOptions@@UAE@XZ_SEH	21	1	AudioOptions	~AudioOptions
005ACDF7	?ToggleMusic@AudioOptions@@QAEXXZ_SEH	47	1	AudioOptions	ToggleMusic
005ACE26	??0Dialog_Eject@@QAE@HMMMMPAD@Z_SEH	32	1	Dialog_Eject	Dialog_Eject
005ACE46	??1Dialog_Eject@@UAE@XZ_SEH	43	1	Dialog_Eject	~Dialog_Eject
005ACE71	??0Dialog_City2@@QAE@HMMMMPAD@Z_SEH	32	1	Dialog_City2	Dialog_City2
005ACE91	??1Dialog_City2@@UAE@XZ_SEH	23	1	Dialog_City2	~Dialog_City2
005ACEA8	??0Dialog_ReplayEdit@@QAE@HMMMMPAD@Z_SEH	79	1	Dialog_ReplayEdit	Dialog_ReplayEdit
005ACEF7	??0Dialog_Replay@@QAE@HMMMMPAD@Z_SEH	32	1	Dialog_Replay	Dialog_Replay
005ACF17	??1Dialog_Replay@@UAE@XZ_SEH	18	1	Dialog_Replay	~Dialog_Replay
005ACF29	?GetDescription@Dialog_Replay@@QAEPADXZ_SEH	31	1	Dialog_Replay	GetDescription
005ACF48	??0Dialog_Host@@QAE@HMMMMPAD@Z_SEH	32	1	Dialog_Host	Dialog_Host
005ACF68	??0Dialog_Password@@QAE@HMMMMPAD@Z_SEH	32	1	Dialog_Password	Dialog_Password
005ACF88	??0Dialog_RaceEnvironment@@QAE@HMMMMPAD@Z_SEH	18	1	Dialog_RaceEnvironment	Dialog_RaceEnvironment
005ACF9A	??1Dialog_RaceEnvironment@@UAE@XZ_SEH	41	1	Dialog_RaceEnvironment	~Dialog_RaceEnvironment
005ACFC3	??0Dialog_HallOfFame@@QAE@HMMMMPAD@Z_SEH	18	1	Dialog_HallOfFame	Dialog_HallOfFame
005ACFD5	??1Dialog_HallOfFame@@UAE@XZ_SEH	32	1	Dialog_HallOfFame	~Dialog_HallOfFame
005ACFF5	?AddRaceRecord@Dialog_HallOfFame@@QAEXHPAD00H00@Z_SEH	21	1	Dialog_HallOfFame	AddRaceRecord
005AD00A	?InitRaceRecord@Dialog_HallOfFame@@QAEXXZ_SEH	52	1	Dialog_HallOfFame	InitRaceRecord
005AD03E	??0Dialog_DriverRec@@QAE@HMMMMPAD@Z_SEH	18	1	Dialog_DriverRec	Dialog_DriverRec
005AD050	??1Dialog_DriverRec@@UAE@XZ_SEH	32	1	Dialog_DriverRec	~Dialog_DriverRec
005AD070	?AddDriverRecord@Dialog_DriverRec@@QAEHHPADHM0H@Z_SEH	24	1	Dialog_DriverRec	AddDriverRecord
005AD088	??0Dialog_Message@@QAE@HMMMMPAD@Z_SEH	40	1	Dialog_Message	Dialog_Message
005AD0B0	??0Dialog_NewPlayer@@QAE@HMMMMPAD@Z_SEH	38	1	Dialog_NewPlayer	Dialog_NewPlayer
005AD0D6	??0Dialog_Serial@@QAE@HMMMMPAD@Z_SEH	18	1	Dialog_Serial	Dialog_Serial
005AD0E8	??1Dialog_Serial@@UAE@XZ_SEH	32	1	Dialog_Serial	~Dialog_Serial
005AD108	??0Dialog_ControlAssign@@QAE@HMMMMPAD@Z_SEH	32	1	Dialog_ControlAssign	Dialog_ControlAssign
005AD128	??0Dialog_TCPIP@@QAE@HMMMMPAD@Z_SEH	112	1	Dialog_TCPIP	Dialog_TCPIP
005AD198	??0NetArena@@QAE@H@Z_SEH	32	1	NetArena	NetArena
005AD1B8	??1NetArena@@UAE@XZ_SEH	21	1	NetArena	~NetArena
005AD1CD	?AddRosterName@NetArena@@QAEXPAULocString@@00KHH@Z_SEH	18	1	NetArena	AddRosterName
005AD1DF	?GetRaceName@NetArena@@QAEPADXZ_SEH	67	1	NetArena	GetRaceName
005AD222	??0HostRaceMenu@@QAE@H@Z_SEH	60	1	HostRaceMenu	HostRaceMenu
005AD25E	??1HostRaceMenu@@UAE@XZ_SEH	29	1	HostRaceMenu	~HostRaceMenu
005AD27B	?InitCRWidgets@HostRaceMenu@@UAEXXZ_SEH	62	1	HostRaceMenu	InitCRWidgets
005AD2B9	??0ControlSetup@@QAE@H@Z_SEH	59	1	ControlSetup	ControlSetup
005AD2F4	??1ControlSetup@@UAE@XZ_SEH	18	1	ControlSetup	~ControlSetup
005AD306	?CreateDeviceOptions@ControlSetup@@QAEXXZ_SEH	18	1	ControlSetup	CreateDeviceOptions
005AD318	??0ControlCustom@@QAE@H@Z_SEH	40	1	ControlCustom	ControlCustom
005AD340	??0OptionsMenu@@QAE@H@Z_SEH	24	1	OptionsMenu	OptionsMenu
005AD358	??0CrashCourseIntro@@QAE@H@Z_SEH	32	1	CrashCourseIntro	CrashCourseIntro
005AD378	??1ccStatus@@UAE@XZ_SEH	64	1	ccStatus	~ccStatus
005AD3B8	??0CrashCourse@@QAE@H@Z_SEH	56	1	CrashCourse	CrashCourse
005AD3F0	??1CrashCourse@@UAE@XZ_SEH	18	1	CrashCourse	~CrashCourse
005AD402	?PreSetup@CrashCourse@@UAEXXZ_SEH	77	1	CrashCourse	PreSetup
005AD44F	??0NetSelectMenu@@QAE@H@Z_SEH	46	1	NetSelectMenu	NetSelectMenu
005AD47D	??1NetSelectMenu@@UAE@XZ_SEH	27	1	NetSelectMenu	~NetSelectMenu
005AD498	??0RaceMenu@@QAE@H@Z_SEH	46	1	RaceMenu	RaceMenu
005AD4C6	??0VehShowcase@@QAE@H@Z_SEH	18	1	VehShowcase	VehShowcase
005AD4D8	??1VehShowcase@@UAE@XZ_SEH	18	1	VehShowcase	~VehShowcase
005AD4EA	?PreSetup@VehShowcase@@UAEXXZ_SEH	30	1	VehShowcase	PreSetup
005AD508	??0Vehicle@@QAE@H@Z_SEH	32	1	Vehicle	Vehicle
005AD528	??0AboutMenu@@QAE@H@Z_SEH	68	1	AboutMenu	AboutMenu
005AD56C	??0MainMenu@@QAE@H@Z_SEH	46	1	MainMenu	MainMenu
005AD59A	??1MainMenu@@UAE@XZ_SEH	21	1	MainMenu	~MainMenu
005AD5AF	?InitDriver@MainMenu@@QAEXXZ_SEH	25	1	MainMenu	InitDriver
005AD5C8	??0RaceMenuBase@@QAE@H@Z_SEH	91	1	RaceMenuBase	RaceMenuBase
005AD623	?Init@RaceMenuBase@@QAEXH@Z_SEH	18	1	RaceMenuBase	Init
005AD635	??1RaceMenuBase@@UAE@XZ_SEH	19	1	RaceMenuBase	~RaceMenuBase
005AD648	??0PUResults@@QAE@HMMMMPADHH@Z_SEH	54	1	PUResults	PUResults
005AD67E	?Init320@PUResults@@QAEXXZ_SEH	54	1	PUResults	Init320
005AD6B4	?Init640@PUResults@@QAEXXZ_SEH	36	1	PUResults	Init640
005AD6D8	??0PUGraphics@@QAE@HMMMM@Z_SEH	32	1	PUGraphics	PUGraphics
005AD6F8	??0PUMain@@QAE@HMMMMPAD@Z_SEH	32	1	PUMain	PUMain
005AD718	??0PURoster@@QAE@HMMMM@Z_SEH	32	1	PURoster	PURoster
005AD738	??0PUQuit@@QAE@HMMMMPAD@Z_SEH	32	1	PUQuit	PUQuit
005AD758	??0PUReplay@@QAE@HMMMMPAD@Z_SEH	32	1	PUReplay	PUReplay
005AD778	??0PUKey@@QAE@HMMMM@Z_SEH	21	1	PUKey	PUKey
005AD78D	?PreSetup@PUKey@@EAEXXZ_SEH	27	1	PUKey	PreSetup
005AD7A8	??0PUReplaySave@@QAE@HMMMMPAD@Z_SEH	32	1	PUReplaySave	PUReplaySave
005AD7C8	??0PUChat@@QAE@HMMMMPAD@Z_SEH	54	1	PUChat	PUChat
005AD7FE	??0PUControl@@QAE@HMMMM@Z_SEH	18	1	PUControl	PUControl
005AD810	??1PUControl@@UAE@XZ_SEH	24	1	PUControl	~PUControl
005AD828	??0PUDebug@@QAE@HMMMM@Z_SEH	32	1	PUDebug	PUDebug
005AD848	??0PUOptions@@QAE@HMMMM@Z_SEH	43	1	PUOptions	PUOptions
005AD873	??0PUAudioOptions@@QAE@HMMMM@Z_SEH	21	1	PUAudioOptions	PUAudioOptions
005AD888	??0PUExit@@QAE@HMMMMPAD@Z_SEH	32	1	PUExit	PUExit
005AD8A8	??0PUMenuBase@@QAE@HMMMMPAD_N@Z_SEH	18	1	PUMenuBase	PUMenuBase
005AD8BA	??1PUMenuBase@@UAE@XZ_SEH	44	1	PUMenuBase	~PUMenuBase
005AD8E6	??0OptionsBase@@QAE@H@Z_SEH	32	1	OptionsBase	OptionsBase
005AD906	??1OptionsBase@@UAE@XZ_SEH	18	1	OptionsBase	~OptionsBase
005AD918	??0AudSoundBase@@QAE@PAV0@@Z_SEH	18	1	AudSoundBase	AudSoundBase
005AD92A	??0AudSoundBase@@QAE@IHF@Z_SEH	18	1	AudSoundBase	AudSoundBase
005AD93C	??1AudSoundBase@@UAE@XZ_SEH	18	1	AudSoundBase	~AudSoundBase
005AD94E	??0AudStream@@QAE@IHF@Z_SEH	18	1	AudStream	AudStream
005AD960	??0AudMidi@@QAE@AAVAudManagerBase@@@Z_SEH	18	1	AudMidi	AudMidi
005AD972	??1AudMidi@@UAE@XZ_SEH	18	1	AudMidi	~AudMidi
005AD984	??1AudStreamingMusic@@UAE@XZ_SEH	20	1	AudStreamingMusic	~AudStreamingMusic
005AD998	??1AudManagerBase@@UAE@XZ_SEH	21	1	AudManagerBase	~AudManagerBase
005AD9AD	?RestartAudio@AudManagerBase@@QAEXHHH@Z_SEH	27	1	AudManagerBase	RestartAudio
005AD9C8	??0Aud3DObjectManager@@QAE@H@Z_SEH	18	1	Aud3DObjectManager	Aud3DObjectManager
005AD9DA	??1Aud3DObjectManager@@UAE@XZ_SEH	21	1	Aud3DObjectManager	~Aud3DObjectManager
005AD9EF	?InitAmbObjContainer@Aud3DObjectManager@@QAEXPAD@Z_SEH	21	1	Aud3DObjectManager	InitAmbObjContainer
005ADA04	?AllocateSample@Aud3DObjectManager@@QAEHPADK@Z_SEH	21	1	Aud3DObjectManager	AllocateSample
005ADA19	?AllocateSample@Aud3DObjectManager@@QAEHPADHK@Z_SEH	34	1	Aud3DObjectManager	AllocateSample
005ADA3B	??0AudSpeech@@QAE@_N@Z_SEH	21	1	AudSpeech	AudSpeech
005ADA50	?AllocateSpeechData@AudSpeech@@QAEXPADMM@Z_SEH	38	1	AudSpeech	AllocateSpeechData
005ADA76	?LoadVoices@AudCreatureContainer@@QAE_NPAD0@Z_SEH	21	1	AudCreatureContainer	LoadVoices
005ADA8B	??0AudImpact@@QAE@PAV0@@Z_SEH	21	1	AudImpact	AudImpact
005ADAA0	?ReadCSV@AudImpact@@AAEHPAVStream@@@Z_SEH	38	1	AudImpact	ReadCSV
005ADAC6	??0AudCreature@@QAE@PAV0@@Z_SEH	54	1	AudCreature	AudCreature
005ADAFC	?ReadCSV@AudCreature@@AAEHPAVStream@@@Z_SEH	31	1	AudCreature	ReadCSV
005ADB1B	?CreateAmbientObject@Aud3DAmbObjContainer@@AAEXPAD@Z_SEH	43	1	Aud3DAmbObjContainer	CreateAmbientObject
005ADB46	??0Aud3DSampleWrapper@@QAE@PADHK@Z_SEH	21	1	Aud3DSampleWrapper	Aud3DSampleWrapper
005ADB5B	??0Aud3DSampleWrapper@@QAE@HHK@Z_SEH	32	1	Aud3DSampleWrapper	Aud3DSampleWrapper
005ADB7B	?LoadOneShots@AudSpeechData@@AAEXPAD0@Z_SEH	29	1	AudSpeechData	LoadOneShots
005ADB98	??1Aud3DAmbientObject@@UAE@XZ_SEH	35	1	Aud3DAmbientObject	~Aud3DAmbientObject
005ADBBB	??0DMusicObject@@QAE@H@Z_SEH	21	1	DMusicObject	DMusicObject
005ADBD0	?InitLoader@DMusicObject@@AAEHXZ_SEH	21	1	DMusicObject	InitLoader
005ADBE5	?InitPort@DMusicObject@@AAEHPAUIDirectSound@@KHKK@Z_SEH	21	1	DMusicObject	InitPort
005ADBFA	?AllocateMotifs@DMusicObject@@QAEXH@Z_SEH	33	1	DMusicObject	AllocateMotifs
005ADC1B	?Init@DMusicManager@@QAEHPAUIDirectSound@@HKHKK@Z_SEH	32	1	DMusicManager	Init
005ADC3B	?LoadFromFile@CLoader@@AAEJPAU_DMUS_OBJECTDESC@@PAPAUIDirectMusicObject@@@Z_SEH	21	1	CLoader	LoadFromFile
005ADC50	?LoadFromMemory@CLoader@@AAEJPAU_DMUS_OBJECTDESC@@PAPAUIDirectMusicObject@@@Z_SEH	24	1	CLoader	LoadFromMemory
005ADC68	??1AudManager@@UAE@XZ_SEH	21	1	AudManager	~AudManager
005ADC7D	?Init@AudManager@@QAEXHHHPADFF@Z_SEH	21	1	AudManager	Init
005ADC92	?InitSpeech@AudManager@@QAEXHHPAD@Z_SEH	22	1	AudManager	InitSpeech
005ADCA8	??1MMDMusicManager@@QAE@XZ_SEH	21	1	MMDMusicManager	~MMDMusicManager
005ADCBD	?EchoOn@MMDMusicManager@@QAEXMM@Z_SEH	30	1	MMDMusicManager	EchoOn
005ADCDB	?InitCNR@mmSpeechContainer@@AAEXPAD@Z_SEH	21	1	mmSpeechContainer	InitCNR
005ADCF0	?InitRace@mmSpeechContainer@@AAEXHHPAD@Z_SEH	21	1	mmSpeechContainer	InitRace
005ADD05	?InitCC@mmSpeechContainer@@AAEXHPAD@Z_SEH	19	1	mmSpeechContainer	InitCC
005ADD18	??1mmCCSpeech@@UAE@XZ_SEH	35	1	mmCCSpeech	~mmCCSpeech
005ADD3B	?Init@mmDirSnd@@SAPAV1@KEHHPADFF@Z_SEH	43	1	mmDirSnd	Init
005ADD66	??0camTrackCS@@QAE@XZ_SEH	18	1	camTrackCS	camTrackCS
005ADD78	??1camTrackCS@@UAE@XZ_SEH	43	1	camTrackCS	~camTrackCS
005ADDA3	??0camViewCS@@QAE@XZ_SEH	21	1	camViewCS	camViewCS
005ADDB8	?Instance@camViewCS@@SAPAV1@AAVvehCar@@@Z_SEH	32	1	camViewCS	Instance
005ADDD8	??0camPointCS@@QAE@XZ_SEH	32	1	camPointCS	camPointCS
005ADDF8	??0camTransitionCS@@QAE@XZ_SEH	32	1	camTransitionCS	camTransitionCS
005ADE18	??0camBaseCS@@QAE@XZ_SEH	32	1	camBaseCS	camBaseCS
005ADE38	??1mmStatePack@@QAE@XZ_SEH	32	1	mmStatePack	~mmStatePack
005ADE58	??0mmStatePack@@QAE@XZ_SEH	32	1	mmStatePack	mmStatePack
005ADE78	??1mmPlayerData@@UAE@XZ_SEH	35	1	mmPlayerData	~mmPlayerData
005ADE9B	?Init@mmRewardList@@QAEXH@Z_SEH	18	1	mmRewardList	Init
005ADEAD	?UnlockPlayerRewards@mmRewardList@@SAXPAD@Z_SEH	18	1	mmRewardList	UnlockPlayerRewards
005ADEBF	?CheckReward@mmRewardList@@SA_NPADHPAVmmRewardRecord@@@Z_SEH	28	1	mmRewardList	CheckReward
005ADEDB	?Load@mmCityList@@QAEXPAD@Z_SEH	32	1	mmCityList	Load
005ADEFB	?Load@mmVehList@@QAEXPAD@Z_SEH	29	1	mmVehList	Load
005ADF18	??0mmMiscData@@QAE@XZ_SEH	18	1	mmMiscData	mmMiscData
005ADF2A	??1mmMiscData@@UAE@XZ_SEH	32	1	mmMiscData	~mmMiscData
005ADF4A	?Init@mmMiscData@@QAEHPADHHH@Z_SEH	60	1	mmMiscData	Init
005ADF86	?NewRecord@mmMiscData@@QAEHHPADMH0HH@Z_SEH	32	1	mmMiscData	NewRecord
005ADFA6	??0mmPlayerConfig@@QAE@XZ_SEH	18	1	mmPlayerConfig	mmPlayerConfig
005ADFB8	??1mmPlayerConfig@@UAE@XZ_SEH	32	1	mmPlayerConfig	~mmPlayerConfig
005ADFD8	??1mmPlayerDirectory@@UAE@XZ_SEH	32	1	mmPlayerDirectory	~mmPlayerDirectory
005ADFF8	??0mmPlayerData@@QAE@XZ_SEH	21	1	mmPlayerData	mmPlayerData
005AE00D	?GetPassedMask@mmPlayerData@@QAEHPADH@Z_SEH	21	1	mmPlayerData	GetPassedMask
005AE022	?GetNumPassed@mmPlayerData@@QAEHPADH@Z_SEH	21	1	mmPlayerData	GetNumPassed
005AE037	?GetTotalPassed@mmPlayerData@@QAEHPAD@Z_SEH	32	1	mmPlayerData	GetTotalPassed
005AE057	?GetScore@mmPlayerData@@QAEHPADH@Z_SEH	32	1	mmPlayerData	GetScore
005AE077	?GetTotalScore@mmPlayerData@@QAEHPAD@Z_SEH	21	1	mmPlayerData	GetTotalScore
005AE08C	?ResolveCheckpointProgress@mmPlayerData@@QAEHPAD@Z_SEH	21	1	mmPlayerData	ResolveCheckpointProgress
005AE0A1	?ResolveCrashProgress@mmPlayerData@@QAEHPAD@Z_SEH	18	1	mmPlayerData	ResolveCrashProgress
005AE0B3	?RegisterFinish@mmPlayerData@@QAEHVmmPlayerRecord@@HH@Z_SEH	21	1	mmPlayerData	RegisterFinish
005AE0C8	?Load@mmInfoBase@@QAEHPAD@Z_SEH	18	1	mmInfoBase	Load
005AE0DA	?Save@mmInfoBase@@QAEHPAD@Z_SEH	33	1	mmInfoBase	Save
005AE0FB	?InitCityRecord@mmPlayerCityRecord@@QAEXPADMHHHH@Z_SEH	40	1	mmPlayerCityRecord	InitCityRecord
005AE123	?NewRecord@mmPlayerCityRecord@@QAEHVmmPlayerRecord@@HH@Z_SEH	24	1	mmPlayerCityRecord	NewRecord
005AE13B	?Register@mmPositions@@QAEHAAVVector4@@HHHHPAD@Z_SEH	45	1	mmPositions	Register
005AE168	?Load@mmCityInfo@@QAEHPAD@Z_SEH	32	1	mmCityInfo	Load
005AE188	??0mmInput@@QAE@XZ_SEH	18	1	mmInput	mmInput
005AE19A	??1mmInput@@UAE@XZ_SEH	54	1	mmInput	~mmInput
005AE1D0	?AttachToPipe@mmInput@@QAEHXZ_SEH	27	1	mmInput	AttachToPipe
005AE1EB	?Init@mmJoyMan@@QAEHPAUHINSTANCE__@@PAUHWND__@@@Z_SEH	119	1	mmJoyMan	Init
005AE262	??1mmJoystick@@QAE@XZ_SEH	54	1	mmJoystick	~mmJoystick
005AE298	?InputCreateEffect@mmJoystick@@QAEXXZ_SEH	43	1	mmJoystick	InputCreateEffect
005AE2C3	??1mmTextNode@@UAE@XZ_SEH	21	1	mmTextNode	~mmTextNode
005AE2D8	??0asMeshSetForm@@QAE@XZ_SEH	18	1	asMeshSetForm	asMeshSetForm
005AE2EA	?SetShape@asMeshSetForm@@QAEXPAD0_NPAVVector3@@@Z_SEH	41	1	asMeshSetForm	SetShape
005AE313	??0mmVehicleForm@@QAE@XZ_SEH	29	1	mmVehicleForm	mmVehicleForm
005AE330	??1mmVehicleForm@@UAE@XZ_SEH	18	1	mmVehicleForm	~mmVehicleForm
005AE342	?SetShape@mmVehicleForm@@QAEXPAD00PAVVector3@@@Z_SEH	22	1	mmVehicleForm	SetShape
005AE358	??0aiMap@@QAE@XZ_SEH	18	1	aiMap	aiMap
005AE36A	??1aiMap@@UAE@XZ_SEH	142	1	aiMap	~aiMap
005AE3F8	?Init@aiMap@@QAEXPAD00ABUdgStatePack@@HPAPAVvehCar@@_N@Z_SEH	54	1	aiMap	Init
005AE42E	?ReadBinary@aiMap@@QAEXPAD0@Z_SEH	37	1	aiMap	ReadBinary
005AE453	??0aiTrafficLightSet@@QAE@PAVaiIntersection@@@Z_SEH	32	1	aiTrafficLightSet	aiTrafficLightSet
005AE473	??0aiCableCar@@QAE@XZ_SEH	29	1	aiCableCar	aiCableCar
005AE490	??1aiCableCar@@QAE@XZ_SEH	29	1	aiCableCar	~aiCableCar
005AE4AD	?Init@aiCableCar@@QAEXPADHHF@Z_SEH	27	1	aiCableCar	Init
005AE4C8	??0aiSubway@@QAE@XZ_SEH	32	1	aiSubway	aiSubway
005AE4E8	??1aiSubway@@QAE@XZ_SEH	29	1	aiSubway	~aiSubway
005AE505	?Init@aiSubway@@QAEXPADHHHHHPAV1@1@Z_SEH	22	1	aiSubway	Init
005AE51B	?AddBangersToObsMap@aiPath@@QAEXXZ_SEH	32	1	aiPath	AddBangersToObsMap
005AE53B	?Init@aiIntersection@@QAEXXZ_SEH	21	1	aiIntersection	Init
005AE550	?ReadBinary@aiIntersection@@QAEXPAVStream@@@Z_SEH	21	1	aiIntersection	ReadBinary
005AE565	?AddBangersToObsMap@aiIntersection@@QAEXXZ_SEH	25	1	aiIntersection	AddBangersToObsMap
005AE57E	??0aiPedestrian@@QAE@XZ_SEH	21	1	aiPedestrian	aiPedestrian
005AE593	?Init@aiPedestrian@@QAEXPADHH@Z_SEH	57	1	aiPedestrian	Init
005AE5CC	?Init@aiVehicleAmbient@@QAEXPADH@Z_SEH	39	1	aiVehicleAmbient	Init
005AE5F3	??0aiVehicleInstance@@QAE@PAVaiVehicleSpline@@PAD@Z_SEH	21	1	aiVehicleInstance	aiVehicleInstance
005AE608	?InitBreakable@aiVehicleInstance@@AAE_NPBD0H@Z_SEH	163	1	aiVehicleInstance	InitBreakable
005AE6AB	??0aiVehicleActive@@QAE@XZ_SEH	144	1	aiVehicleActive	aiVehicleActive
005AE73B	??1aiVehicleActive@@UAE@XZ_SEH	70	1	aiVehicleActive	~aiVehicleActive
005AE781	??0aiVehicleManager@@QAE@XZ_SEH	70	1	aiVehicleManager	aiVehicleManager
005AE7C7	??1aiVehicleManager@@UAE@XZ_SEH	21	1	aiVehicleManager	~aiVehicleManager
005AE7DC	?Init@aiVehicleManager@@QAEXPAD@Z_SEH	21	1	aiVehicleManager	Init
005AE7F1	?AddVehicleDataEntry@aiVehicleManager@@QAEHPAD@Z_SEH	23	1	aiVehicleManager	AddVehicleDataEntry
005AE808	??0aiCTFRacer@@QAE@XZ_SEH	18	1	aiCTFRacer	aiCTFRacer
005AE81A	??1aiCTFRacer@@UAE@XZ_SEH	33	1	aiCTFRacer	~aiCTFRacer
005AE83B	??0aiRaceData@@QAE@PAD0PBUdgStatePack@@@Z_SEH	18	1	aiRaceData	aiRaceData
005AE84D	??1aiRaceData@@UAE@XZ_SEH	27	1	aiRaceData	~aiRaceData
005AE868	??0aiCityData@@QAE@PAD0@Z_SEH	18	1	aiCityData	aiCityData
005AE87A	??1aiCityData@@UAE@XZ_SEH	55	1	aiCityData	~aiCityData
005AE8B1	??0aiVehiclePhysics@@QAE@XZ_SEH	29	1	aiVehiclePhysics	aiVehiclePhysics
005AE8CE	??1aiVehiclePhysics@@QAE@XZ_SEH	51	1	aiVehiclePhysics	~aiVehiclePhysics
005AE901	??0aiVehicleSpline@@QAE@XZ_SEH	43	1	aiVehicleSpline	aiVehicleSpline
005AE92C	??1aiVehicleSpline@@QAE@XZ_SEH	21	1	aiVehicleSpline	~aiVehicleSpline
005AE941	?Init@aiVehicleSpline@@QAEXPADH@Z_SEH	23	1	aiVehicleSpline	Init
005AE958	??0aiGoalRandomDrive@@QAE@PAVaiRailSet@@PAVaiVehicleSpline@@@Z_SEH	32	1	aiGoalRandomDrive	aiGoalRandomDrive
005AE978	??0aiStuck@@QAE@XZ_SEH	35	1	aiStuck	aiStuck
005AE99B	??1asNetwork@@QAE@XZ_SEH	32	1	asNetwork	~asNetwork
005AE9BB	?zipAutoInit@@YAXXZ_SEH	21	1		zipAutoInit
005AE9D0	?zipMultiAutoInit@@YAXPBD@Z_SEH	38	1		zipMultiAutoInit
005AE9F6	??0gizBridge@@QAE@XZ_SEH	18	1	gizBridge	gizBridge
005AEA08	??1gizBridge@@QAE@XZ_SEH	18	1	gizBridge	~gizBridge
005AEA1A	??0gizBridgeMgr@@QAE@XZ_SEH	18	1	gizBridgeMgr	gizBridgeMgr
005AEA2C	??1gizBridgeMgr@@UAE@XZ_SEH	32	1	gizBridgeMgr	~gizBridgeMgr
005AEA4C	?Init@gizBridgeMgr@@QAE_NPAD00@Z_SEH	28	1	gizBridgeMgr	Init
005AEA68	??0gizSailboat@@QAE@XZ_SEH	18	1	gizSailboat	gizSailboat
005AEA7A	??1gizSailboat@@QAE@XZ_SEH	21	1	gizSailboat	~gizSailboat
005AEA8F	?Init@gizSailboat@@QAEXPADPAVdgPath@@@Z_SEH	18	1	gizSailboat	Init
005AEAA1	??0gizSailboatMgr@@QAE@XZ_SEH	18	1	gizSailboatMgr	gizSailboatMgr
005AEAB3	??1gizSailboatMgr@@UAE@XZ_SEH	32	1	gizSailboatMgr	~gizSailboatMgr
005AEAD3	?Init@gizSailboatMgr@@QAE_NPAD00@Z_SEH	21	1	gizSailboatMgr	Init
005AEAE8	??1gizTrainCar@@QAE@XZ_SEH	21	1	gizTrainCar	~gizTrainCar
005AEAFD	?Init@gizTrainCar@@QAEXPADPAVdgPath@@M@Z_SEH	46	1	gizTrainCar	Init
005AEB2B	??0gizTrain@@QAE@XZ_SEH	32	1	gizTrain	gizTrain
005AEB4B	??1gizTrain@@QAE@XZ_SEH	18	1	gizTrain	~gizTrain
005AEB5D	??0gizTrainMgr@@QAE@XZ_SEH	18	1	gizTrainMgr	gizTrainMgr
005AEB6F	??1gizTrainMgr@@UAE@XZ_SEH	32	1	gizTrainMgr	~gizTrainMgr
005AEB8F	?Init@gizTrainMgr@@QAE_NPAD00@Z_SEH	36	1	gizTrainMgr	Init
005AEBB3	??0gizFerry@@QAE@XZ_SEH	29	1	gizFerry	gizFerry
005AEBD0	??1gizFerry@@QAE@XZ_SEH	21	1	gizFerry	~gizFerry
005AEBE5	?Init@gizFerry@@QAEXPADPAVdgPath@@@Z_SEH	18	1	gizFerry	Init
005AEBF7	??0gizFerryMgr@@QAE@XZ_SEH	18	1	gizFerryMgr	gizFerryMgr
005AEC09	??1gizFerryMgr@@UAE@XZ_SEH	32	1	gizFerryMgr	~gizFerryMgr
005AEC29	?Init@gizFerryMgr@@QAE_NPAD00@Z_SEH	31	1	gizFerryMgr	Init
005AEC48	??0gizParkedCarMgr@@QAE@XZ_SEH	18	1	gizParkedCarMgr	gizParkedCarMgr
005AEC5A	??1gizParkedCarMgr@@UAE@XZ_SEH	21	1	gizParkedCarMgr	~gizParkedCarMgr
005AEC6F	?Init@gizParkedCarMgr@@QAE_NPAD00@Z_SEH	25	1	gizParkedCarMgr	Init
005AEC88	??0gizInstance@@QAE@XZ_SEH	46	1	gizInstance	gizInstance
005AECB6	SEH_57ADE0	18	1		SEH_57ADE0
005AECC8	??0pedRagdollMgr@@QAE@XZ_SEH	18	1	pedRagdollMgr	pedRagdollMgr
005AECDA	??1pedRagdollMgr@@UAE@XZ_SEH	43	1	pedRagdollMgr	~pedRagdollMgr
005AED05	?Init@pedRagdollMgr@@QAEXHPAPAD@Z_SEH	74	1	pedRagdollMgr	Init
005AED4F	??0pedActive@@QAE@XZ_SEH	43	1	pedActive	pedActive
005AED7A	?Init@pedActiveData@@QAEXPBD@Z_SEH	32	1	pedActiveData	Init
005AED9A	??1pedActive@@UAE@XZ_SEH	33	1	pedActive	~pedActive
005AEDBB	??0crSkeleton@@QAE@XZ_SEH	32	1	crSkeleton	crSkeleton
005AEDDB	?Load@crSkeletonData@@QAE_NPBD@Z_SEH	40	1	crSkeletonData	Load
005AEE03	??0crAnimation@@QAE@HH@Z_SEH	18	1	crAnimation	crAnimation
005AEE15	??1crAnimation@@UAE@XZ_SEH	32	1	crAnimation	~crAnimation
005AEE35	?InitHashTables@crAnimation@@SAXXZ_SEH	21	1	crAnimation	InitHashTables
005AEE4A	?GetAnimation@crAnimation@@SAPAV1@PBD_N1PAVcrAnimFrame@@1@Z_SEH	21	1	crAnimation	GetAnimation
005AEE5F	?GetChanAnimation@crAnimation@@SAPAV1@PBD_N@Z_SEH	21	1	crAnimation	GetChanAnimation
005AEE74	?LoadAnim@crAnimation@@AAE_NPBD_N@Z_SEH	21	1	crAnimation	LoadAnim
005AEE89	?LoadChanAnim@crAnimation@@AAE_NPBD@Z_SEH	21	1	crAnimation	LoadChanAnim
005AEE9E	?CopyAnim@crAnimation@@QAEXPAV1@HH@Z_SEH	70	1	crAnimation	CopyAnim
005AEEE4	??0crKinematics@@QAE@XZ_SEH	18	1	crKinematics	crKinematics
005AEEF6	??1crKinematics@@UAE@XZ_SEH	62	1	crKinematics	~crKinematics
005AEF34	??0crBodyData@@QAE@AAVcrSkeletonData@@@Z_SEH	18	1	crBodyData	crBodyData
005AEF46	??1crBodyData@@UAE@XZ_SEH	18	1	crBodyData	~crBodyData
005AEF58	??1asFileIO@@UAE@XZ_SEH	18	1	asFileIO	~asFileIO
005AEF6A	?Save@asFileIO@@MAE_NXZ_SEH	18	1	asFileIO	Save
005AEF7C	?Load@asFileIO@@MAE_NXZ_SEH	53	1	asFileIO	Load
005AEFB1	?LoadAscii@modModel@@AAE_NAAVdatTokenizer@@@Z_SEH	32	1	modModel	LoadAscii
005AEFD1	?LoadBinary@modModel@@AAE_NAAVdatBinTokenizer@@@Z_SEH	21	1	modModel	LoadBinary
005AEFE6	?SaveToAscii@modModel@@AAE_NAAVdatBinTokenizer@@PAVStream@@@Z_SEH	18	1	modModel	SaveToAscii
005AEFF8	??0aiCableCarAudio@@QAE@XZ_SEH	18	1	aiCableCarAudio	aiCableCarAudio
005AF00A	??1aiCableCarAudio@@UAE@XZ_SEH	30	1	aiCableCarAudio	~aiCableCarAudio
005AF028	??0vehWheelCheap@@QAE@XZ_SEH	32	1	vehWheelCheap	vehWheelCheap
005AF048	??1mmCompCity@@UAE@XZ_SEH	32	1	mmCompCity	~mmCompCity
005AF068	??1mmCompReplay@@UAE@XZ_SEH	32	1	mmCompReplay	~mmCompReplay
005AF088	??1mmCompRaceRecord@@UAE@XZ_SEH	32	1	mmCompRaceRecord	~mmCompRaceRecord
005AF0A8	??1mmCompDRecord@@UAE@XZ_SEH	32	1	mmCompDRecord	~mmCompDRecord
005AF0C8	??0mmCompRoster@@QAE@XZ_SEH	18	1	mmCompRoster	mmCompRoster
005AF0DA	??1mmCompRoster@@UAE@XZ_SEH	30	1	mmCompRoster	~mmCompRoster
005AF0F8	??1EchoEffect@@QAE@XZ_SEH	35	1	EchoEffect	~EchoEffect
005AF11B	?EnablePCEcho@audFX@@QAEPAVEchoEffect@@KH@Z_SEH	32	1	audFX	EnablePCEcho
005AF13B	?Init@DirSnd@@SAPAV1@KE_NPAD@Z_SEH	29	1	DirSnd	Init
005AF158	??1mmCNRSpeech@@QAE@XZ_SEH	46	1	mmCNRSpeech	~mmCNRSpeech
005AF186	??0dgRagdoll@@QAE@XZ_SEH	21	1	dgRagdoll	dgRagdoll
005AF19B	??0dgRagdollData@@QAE@XZ_SEH	0	1	dgRagdollData	dgRagdollData
005B0368	??_7mmGameManager@@6B@	76	0	mmGameManager	`vftable'
005B03B4	??_7mmPlayer@@6B@	144	0	mmPlayer	`vftable'
005B0444	??_7mmReplayManager@@6B@	108	0	mmReplayManager	`vftable'
005B04B0	??_7mmInterface@@6B@	80	0	mmInterface	`vftable'
005B0500	??_7mmGame@@6B@	156	0	mmGame	`vftable'
005B059C	??_7mmSingleStunt@@6B@	116	0	mmSingleStunt	`vftable'
005B0610	??_7mmSingleRaceMusicData@@6B@	4	0	mmSingleRaceMusicData	`vftable'
005B0614	??_7mmGameMusicData@@6B@	24	0	mmGameMusicData	`vftable'
005B062C	??_7mmPlayerRecord@@6B@	8	0	mmPlayerRecord	`vftable'
005B0634	??_7mmInfoBase@@6B@	8	0	mmInfoBase	`vftable'
005B063C	??_7Base@@6B@	16	0	Base	`vftable'
005B064C	??_7mmSingleBlitz@@6B@	128	0	mmSingleBlitz	`vftable'
005B06CC	??_7mmSingleCircuit@@6B@	128	0	mmSingleCircuit	`vftable'
005B074C	??_7mmSingleRace@@6B@	128	0	mmSingleRace	`vftable'
005B07CC	??_7mmSingleRoam@@6B@	116	0	mmSingleRoam	`vftable'
005B0840	??_7mmSingleRoamMusicData@@6B@	16	0	mmSingleRoamMusicData	`vftable'
005B0850	??_7mmMultiBlitz@@6B@	156	0	mmMultiBlitz	`vftable'
005B08EC	??_7mmMultiCircuit@@6B@	148	0	mmMultiCircuit	`vftable'
005B0980	??_7mmMultiCR@@6B@	160	0	mmMultiCR	`vftable'
005B0A20	??_7mmMultiRoam@@6B@	144	0	mmMultiRoam	`vftable'
005B0AB0	??_7mmMultiRace@@6B@	148	0	mmMultiRace	`vftable'
005B0B44	??_7mmPopup@@6B@	56	0	mmPopup	`vftable'
005B0B7C	??_7mmMirror@@6B@	52	0	mmMirror	`vftable'
005B0BB0	??_7vehCar@@6B@	40	0	vehCar	`vftable'
005B0BD8	??_7dgPhysEntity@@6B@	72	0	dgPhysEntity	`vftable'
005B0C20	??_7mmHUD@@6B@	88	0	mmHUD	`vftable'
005B0C78	??_7mmTimer@@6B@	52	0	mmTimer	`vftable'
005B0CAC	??_7mmArrow@@6B@	84	0	mmArrow	`vftable'
005B0D00	??_7mmHudMap@@6B@	56	0	mmHudMap	`vftable'
005B0D38	??_7mmCarRoadFF@@6B@	64	0	mmCarRoadFF	`vftable'
005B0D78	??_7mmDashView@@6B@	56	0	mmDashView	`vftable'
005B0DB0	??_7mmExternalView@@6B@	56	0	mmExternalView	`vftable'
005B0DE8	??_7mmViewMgr@@6B@	52	0	mmViewMgr	`vftable'
005B0E1C	??_7mmIcons@@6B@	80	0	mmIcons	`vftable'
005B0E6C	??_7mmCDPlayer@@6B@	68	0	mmCDPlayer	`vftable'
005B0EB0	??_7mmGameSingle@@6B@	132	0	mmGameSingle	`vftable'
005B0F34	??_7mmWaypoints@@6B@	64	0	mmWaypoints	`vftable'
005B0F74	??_7mmWPHUD@@6B@	56	0	mmWPHUD	`vftable'
005B0FAC	??_7mmGameHUD@@6B@	56	0	mmGameHUD	`vftable'
005B0FE4	??_7mmCircuitHUD@@6B@	60	0	mmCircuitHUD	`vftable'
005B1020	??_7mmCRHUD@@6B@	68	0	mmCRHUD	`vftable'
005B1064	??_7mmCollideHUD@@6B@	68	0	mmCollideHUD	`vftable'
005B10A8	??_7mmGameMulti@@6B@	144	0	mmGameMulti	`vftable'
005B1138	??_7mmNetObject@@6B@	72	0	mmNetObject	`vftable'
005B1180	??_7mmWaypointObject@@6B@	52	0	mmWaypointObject	`vftable'
005B11B4	??_7RadialGauge@@6B@	52	0	RadialGauge	`vftable'
005B11E8	??_7mmWaypointInstance@@6B@	108	0	mmWaypointInstance	`vftable'
005B1254	??_7mmCheckpointInstance@@6B@	108	0	mmCheckpointInstance	`vftable'
005B12C0	??_7mmBillInstance@@6B@	108	0	mmBillInstance	`vftable'
005B132C	??_7mmPowerupInstance@@6B@	108	0	mmPowerupInstance	`vftable'
005B1398	??_7dgBangerActive@@6B@	44	0	dgBangerActive	`vftable'
005B13C4	??_7dgBangerActiveManager@@6B@	52	0	dgBangerActiveManager	`vftable'
005B13F8	??_7dgBangerDataManager@@6B@	52	0	dgBangerDataManager	`vftable'
005B142C	??_7ptxGlassBirthRules@@6B@	52	0	ptxGlassBirthRules	`vftable'
005B1460	??_7dgBangerData@@6B@	52	0	dgBangerData	`vftable'
005B1494	??_7dgUnhitMtxBangerInstance@@6B@	120	0	dgUnhitMtxBangerInstance	`vftable'
005B150C	??_7dgUnhitYBangerInstance@@6B@	120	0	dgUnhitYBangerInstance	`vftable'
005B1584	??_7dgBangerManager@@6B@	52	0	dgBangerManager	`vftable'
005B15B8	??_7dgHitBangerInstance@@6B@	112	0	dgHitBangerInstance	`vftable'
005B1628	??_7dgGlassInstance@@6B@	120	0	dgGlassInstance	`vftable'
005B16A0	??_7cityLevel@@6B@	92	0	cityLevel	`vftable'
005B16FC	??_7dgRoadDecalInstance@@6B@	124	0	dgRoadDecalInstance	`vftable'
005B1778	??_7datAsciiTokenizer@@6B@	84	0	datAsciiTokenizer	`vftable'
005B17CC	??_7sdlCommon@@6B@	156	0	sdlCommon	`vftable'
005B1868	??_7lvlSDL@@6B@	144	0	lvlSDL	`vftable'
005B18F8	??_7asBirthRule@@6B@	56	0	asBirthRule	`vftable'
005B1930	??_7fxShardManager@@6B@	56	0	fxShardManager	`vftable'
005B1968	??_7asLineSparks@@6B@	12	0	asLineSparks	`vftable'
005B1974	??_7asParticles@@6B@	20	0	asParticles	`vftable'
005B1988	??_7lvlInstance@@6B@	108	0	lvlInstance	`vftable'
005B19F4	??_7lvlSky@@6B@	40	0	lvlSky	`vftable'
005B1A1C	??_7lvlLevel@@6B@	108	0	lvlLevel	`vftable'
005B1A88	??_7lvlLandmark@@6B@	112	0	lvlLandmark	`vftable'
005B1AF8	??_7lvlMaterial@@6B@	12	0	lvlMaterial	`vftable'
005B1B04	??_7lvlMaterialMgr@@6B@	8	0	lvlMaterialMgr	`vftable'
005B1B0C	??_7dgPathSet@@6B@	4	0	dgPathSet	`vftable'
005B1B10	??_7lvlFixedAny@@6B@	104	0	lvlFixedAny	`vftable'
005B1B78	??_7lvlFixedRotY@@6B@	104	0	lvlFixedRotY	`vftable'
005B1BE0	??_7lvlFixedMatrix@@6B@	104	0	lvlFixedMatrix	`vftable'
005B1C48	??_7lvlMultiRoomInstance@@6B@	104	0	lvlMultiRoomInstance	`vftable'
005B1CB0	??_7phCollider@@6B@	28	0	phCollider	`vftable'
005B1CCC	??_7phColliderBase@@6B@	28	0	phColliderBase	`vftable'
005B1CE8	??_7dgPhysManager@@6BphPhysicsManager@@@	36	0	dgPhysManager	`vftable'
005B1D0C	??_7dgPhysManager@@6BasCullable@@@	8	0	dgPhysManager	`vftable'
005B1D14	??_7phPhysicsManager@@6B@	40	0	phPhysicsManager	`vftable'
005B1D3C	??_7dgBoundGeometry@@6B@	92	0	dgBoundGeometry	`vftable'
005B1D98	??_7dgBoundBox@@6B@	92	0	dgBoundBox	`vftable'
005B1DF4	??_7dgBoundHotdog@@6B@	68	0	dgBoundHotdog	`vftable'
005B1E38	??_7dgBoundSphere@@6B@	84	0	dgBoundSphere	`vftable'
005B1E8C	??_7phColliderJointed@@6B@	628	0	phColliderJointed	`vftable'
005B2100	??_7phBoundBox@@6B@	88	0	phBoundBox	`vftable'
005B2158	??_7phBoundPolygonal@@6B@	96	0	phBoundPolygonal	`vftable'
005B21B8	??_7phBoundHotdog@@6B@	76	0	phBoundHotdog	`vftable'
005B2204	??_7phBoundSphere@@6B@	68	0	phBoundSphere	`vftable'
005B2248	??_7phBoundGeometry@@6B@	92	0	phBoundGeometry	`vftable'
005B22A4	??_7datBaseTokenizer@@6B@	76	0	datBaseTokenizer	`vftable'
005B22F0	??_7phBound@@6B@	84	0	phBound	`vftable'
005B2344	??_7phBoundTerrain@@6B@	96	0	phBoundTerrain	`vftable'
005B23A4	??_7phBoundTerrainLocal@@6B@	96	0	phBoundTerrainLocal	`vftable'
005B2404	??_7phMaterial@@6B@	12	0	phMaterial	`vftable'
005B2410	??_7phMaterialMgr@@6B@	1188	0	phMaterialMgr	`vftable'
005B28B4	??_7asRoot@@6B@	52	0	asRoot	`vftable'
005B28E8	??_7asNode@@6B@	52	0	asNode	`vftable'
005B291C	??_7asCullManager@@6B@	68	0	asCullManager	`vftable'
005B2960	??_7eqEventHandler@@6B@	4	0	eqEventHandler	`vftable'
005B2964	??_7eqEventMonitor@@6B@	12	0	eqEventMonitor	`vftable'
005B2970	??_7asUnderlay@@6B@	8	0	asUnderlay	`vftable'
005B2978	??_7asCamera@@6B@	52	0	asCamera	`vftable'
005B29AC	??_7asLinearCS@@6B@	52	0	asLinearCS	`vftable'
005B29E0	??_7eqEventQ@@6B@	32	0	eqEventQ	`vftable'
005B2A00	_IID_IDirect3DBladeDevice	52	0		_IID_IDirect3DBladeDevice
005B2A34	??_7AgeDevice@@6B@	200	0	AgeDevice	`vftable'
005B2AFC	??_7winDispatchable@@6B@	120	0	winDispatchable	`vftable'
005B2B74	??_7datBinTokenizer@@6B@	76	0	datBinTokenizer	`vftable'
005B2BC0	??_7datTokenizer@@6B@	104	0	datTokenizer	`vftable'
005B2C28	??_7vehCarDamage@@6B@	76	0	vehCarDamage	`vftable'
005B2C74	??_7vehCarSim@@6B@	60	0	vehCarSim	`vftable'
005B2CB0	??_7vehCarModel@@6B@	124	0	vehCarModel	`vftable'
005B2D2C	??_7vehTransmission@@6B@	72	0	vehTransmission	`vftable'
005B2D74	??_7aiAmbientVehicleAudio@@6B@	36	0	aiAmbientVehicleAudio	`vftable'
005B2D98	??_7vehWheelPtx@@6B@	52	0	vehWheelPtx	`vftable'
005B2DCC	??_7vehWheel@@6B@	76	0	vehWheel	`vftable'
005B2E18	??_7vehPoliceCarAudio@@6B@	68	0	vehPoliceCarAudio	`vftable'
005B2E5C	??_7vehFeedback@@6B@	40	0	vehFeedback	`vftable'
005B2E84	??_7vehGyro@@6B@	52	0	vehGyro	`vftable'
005B2EB8	??_7vehStuck@@6B@	52	0	vehStuck	`vftable'
005B2EEC	??_7vehSplash@@6B@	60	0	vehSplash	`vftable'
005B2F28	??_7vehTrailer@@6BasNode@@@	52	0	vehTrailer	`vftable'
005B2F5C	??_7vehTrailer@@6BdgPhysEntity@@@	40	0	vehTrailer	`vftable'
005B2F84	??_7vehTrailerInstance@@6B@	104	0	vehTrailerInstance	`vftable'
005B2FEC	??_7vehEngine@@6B@	72	0	vehEngine	`vftable'
005B3034	??_7vehAero@@6B@	52	0	vehAero	`vftable'
005B3068	??_7vehSuspension@@6B@	52	0	vehSuspension	`vftable'
005B309C	??_7vehAxle@@6B@	52	0	vehAxle	`vftable'
005B30D0	??_7vehDrivetrain@@6B@	64	0	vehDrivetrain	`vftable'
005B3110	??_7vehBound@@6B@	128	0	vehBound	`vftable'
005B3190	??_7vehCarAudio@@6B@	36	0	vehCarAudio	`vftable'
005B31B4	??_7vehSemiCarAudio@@6B@	36	0	vehSemiCarAudio	`vftable'
005B31D8	??_7vehNitroCarAudio@@6B@	92	0	vehNitroCarAudio	`vftable'
005B3234	??_7UIMenu@@6B@	84	0	UIMenu	`vftable'
005B3288	??_7MenuManager@@6B@	64	0	MenuManager	`vftable'
005B32C8	??_7uiNavBar@@6B@	72	0	uiNavBar	`vftable'
005B3310	??_7UITextField@@6B@	100	0	UITextField	`vftable'
005B3374	??_7uiWidget@@6B@	108	0	uiWidget	`vftable'
005B33E0	??_7UITextDropdown@@6B@	108	0	UITextDropdown	`vftable'
005B344C	??_7UITextRoller@@6B@	104	0	UITextRoller	`vftable'
005B34B4	??_7UITextRoller2@@6B@	100	0	UITextRoller2	`vftable'
005B3518	??_7UITextScroll@@6B@	100	0	UITextScroll	`vftable'
005B357C	??_7UICompositeScroll@@6B@	108	0	UICompositeScroll	`vftable'
005B35E8	??_7UIControlWidget@@6B@	100	0	UIControlWidget	`vftable'
005B364C	??_7UISlider@@6B@	100	0	UISlider	`vftable'
005B36B0	??_7UIButton@@6B@	100	0	UIButton	`vftable'
005B3714	??_7UILabel@@6B@	100	0	UILabel	`vftable'
005B3778	??_7BMLabel@@6B@	100	0	BMLabel	`vftable'
005B37DC	??_7UIIcon@@6B@	100	0	UIIcon	`vftable'
005B3840	??_7UIIconW@@6B@	100	0	UIIconW	`vftable'
005B38A4	??_7UIToggleButton@@6B@	112	0	UIToggleButton	`vftable'
005B3914	??_7UIToggleButton2@@6B@	116	0	UIToggleButton2	`vftable'
005B3988	??_7UIMexButton@@6B@	116	0	UIMexButton	`vftable'
005B39FC	??_7UIBMButton@@6B@	100	0	UIBMButton	`vftable'
005B3A60	??_7UICWArray@@6B@	108	0	UICWArray	`vftable'
005B3ACC	??_7UIVScrollBar@@6B@	100	0	UIVScrollBar	`vftable'
005B3B30	??_7sfPointer@@6B@	52	0	sfPointer	`vftable'
005B3B64	??_7mmToolTip@@6B@	52	0	mmToolTip	`vftable'
005B3B98	??_7TextDropWidget@@6B@	56	0	TextDropWidget	`vftable'
005B3BD0	??_7mmDropDown@@6B@	52	0	mmDropDown	`vftable'
005B3C04	??_7VSWidget@@6B@	52	0	VSWidget	`vftable'
005B3C38	??_7mmSlider@@6B@	52	0	mmSlider	`vftable'
005B3C6C	??_7mmToggle@@6B@	52	0	mmToggle	`vftable'
005B3CA0	??_7mmToggle2@@6B@	52	0	mmToggle2	`vftable'
005B3CD4	??_7GraphicsOptions@@6B@	100	0	GraphicsOptions	`vftable'
005B3D38	??_7VehicleSelectBase@@6B@	100	0	VehicleSelectBase	`vftable'
005B3D9C	??_7AudioOptions@@6B@	92	0	AudioOptions	`vftable'
005B3DF8	??_7Dialog_Eject@@6B@	72	0	Dialog_Eject	`vftable'
005B3E40	??_7Dialog_City2@@6B@	72	0	Dialog_City2	`vftable'
005B3E88	??_7Dialog_ReplayEdit@@6B@	84	0	Dialog_ReplayEdit	`vftable'
005B3EDC	??_7Dialog_Replay@@6B@	72	0	Dialog_Replay	`vftable'
005B3F24	??_7Dialog_Host@@6B@	72	0	Dialog_Host	`vftable'
005B3F6C	??_7Dialog_Password@@6B@	76	0	Dialog_Password	`vftable'
005B3FB8	??_7Dialog_RaceEnvironment@@6B@	72	0	Dialog_RaceEnvironment	`vftable'
005B4000	??_7Dialog_HallOfFame@@6B@	76	0	Dialog_HallOfFame	`vftable'
005B404C	??_7Dialog_DriverRec@@6B@	72	0	Dialog_DriverRec	`vftable'
005B4094	??_7Dialog_Message@@6B@	72	0	Dialog_Message	`vftable'
005B40DC	??_7Dialog_NewPlayer@@6B@	72	0	Dialog_NewPlayer	`vftable'
005B4124	??_7Dialog_Serial@@6B@	72	0	Dialog_Serial	`vftable'
005B416C	??_7Dialog_ControlAssign@@6B@	72	0	Dialog_ControlAssign	`vftable'
005B41B4	??_7Dialog_TCPIP@@6B@	76	0	Dialog_TCPIP	`vftable'
005B4200	??_7NetArena@@6B@	76	0	NetArena	`vftable'
005B424C	??_7HostRaceMenu@@6B@	80	0	HostRaceMenu	`vftable'
005B429C	??_7ControlSetup@@6B@	88	0	ControlSetup	`vftable'
005B42F4	??_7ControlCustom@@6B@	88	0	ControlCustom	`vftable'
005B434C	??_7OptionsMenu@@6B@	72	0	OptionsMenu	`vftable'
005B4394	??_7CrashCourseIntro@@6B@	72	0	CrashCourseIntro	`vftable'
005B43DC	??_7ccStatus@@6B@	52	0	ccStatus	`vftable'
005B4410	??_7CrashCourse@@6B@	76	0	CrashCourse	`vftable'
005B445C	??_7NetSelectMenu@@6B@	72	0	NetSelectMenu	`vftable'
005B44A4	??_7RaceMenu@@6B@	80	0	RaceMenu	`vftable'
005B44F4	??_7VehShowcase@@6B@	72	0	VehShowcase	`vftable'
005B453C	??_7Vehicle@@6B@	72	0	Vehicle	`vftable'
005B4584	??_7AboutMenu@@6B@	92	0	AboutMenu	`vftable'
005B45E0	??_7MainMenu@@6B@	80	0	MainMenu	`vftable'
005B4630	??_7RaceMenuBase@@6B@	80	0	RaceMenuBase	`vftable'
005B4680	??_7PUResults@@6B@	88	0	PUResults	`vftable'
005B46D8	??_7PUGraphics@@6B@	72	0	PUGraphics	`vftable'
005B4720	??_7PUMain@@6B@	72	0	PUMain	`vftable'
005B4768	??_7PURoster@@6B@	72	0	PURoster	`vftable'
005B47B0	??_7PUQuit@@6B@	72	0	PUQuit	`vftable'
005B47F8	??_7PUReplay@@6B@	72	0	PUReplay	`vftable'
005B4840	??_7PUKey@@6B@	72	0	PUKey	`vftable'
005B4888	??_7PUReplaySave@@6B@	72	0	PUReplaySave	`vftable'
005B48D0	??_7PUChat@@6B@	72	0	PUChat	`vftable'
005B4918	??_7PUControl@@6B@	72	0	PUControl	`vftable'
005B4960	??_7PUDebug@@6B@	72	0	PUDebug	`vftable'
005B49A8	??_7PUOptions@@6B@	84	0	PUOptions	`vftable'
005B49FC	??_7PUAudioOptions@@6B@	72	0	PUAudioOptions	`vftable'
005B4A44	??_7PUExit@@6B@	72	0	PUExit	`vftable'
005B4A8C	??_7PUMenuBase@@6B@	76	0	PUMenuBase	`vftable'
005B4AD8	??_7OptionsBase@@6B@	112	0	OptionsBase	`vftable'
005B4B48	??_7AudSoundBase@@6B@	52	0	AudSoundBase	`vftable'
005B4B7C	??_7AudStream@@6B@	52	0	AudStream	`vftable'
005B4BB0	??_7AudMidi@@6B@	52	0	AudMidi	`vftable'
005B4BE4	??_7AudStreamingMusic@@6B@	52	0	AudStreamingMusic	`vftable'
005B4C18	??_7AudManagerBase@@6B@	64	0	AudManagerBase	`vftable'
005B4C58	??_7Aud3DObjectManager@@6B@	68	0	Aud3DObjectManager	`vftable'
005B4C9C	??_7AudCreatureContainer@@6B@	48	0	AudCreatureContainer	`vftable'
005B4CCC	??_7Aud3DObject@@6B@	76	0	Aud3DObject	`vftable'
005B4D18	??_7Aud3DAmbientObject@@6B@	24	0	Aud3DAmbientObject	`vftable'
005B4D30	??_7CLoader@@6B@	60	0	CLoader	`vftable'
005B4D6C	??_7CFileStream@@6BIDirectMusicGetLoader@@@	16	0	CFileStream	`vftable'
005B4D7C	??_7CFileStream@@6BIStream@@@	56	0	CFileStream	`vftable'
005B4DB4	??_7IDirectMusicGetLoader@@6B@	16	0	IDirectMusicGetLoader	`vftable'
005B4DC4	??_7CMemStream@@6BIDirectMusicGetLoader@@@	16	0	CMemStream	`vftable'
005B4DD4	??_7CMemStream@@6BIStream@@@	68	0	CMemStream	`vftable'
005B4E18	??_7AudManager@@6B@	88	0	AudManager	`vftable'
005B4E70	??_7MixerCTL@@6B@	4	0	MixerCTL	`vftable'
005B4E74	??_7mmDirSnd@@6B@	4	0	mmDirSnd	`vftable'
005B4E78	??_7CDMan@@6B@	8	0	CDMan	`vftable'
005B4E80	??_7camPovCS@@6B@	68	0	camPovCS	`vftable'
005B4EC4	??_7camTrackCS@@6B@	84	0	camTrackCS	`vftable'
005B4F18	??_7camViewCS@@6B@	52	0	camViewCS	`vftable'
005B4F4C	??_7camPostCS@@6B@	72	0	camPostCS	`vftable'
005B4F94	??_7camPreCS@@6B@	68	0	camPreCS	`vftable'
005B4FD8	??_7camPointCS@@6B@	68	0	camPointCS	`vftable'
005B501C	??_7camAICS@@6B@	68	0	camAICS	`vftable'
005B5060	??_7camPolarCS@@6B@	72	0	camPolarCS	`vftable'
005B50A8	??_7camCarCS@@6B@	68	0	camCarCS	`vftable'
005B50EC	??_7camTransitionCS@@6B@	68	0	camTransitionCS	`vftable'
005B5130	??_7camBaseCS@@6B@	68	0	camBaseCS	`vftable'
005B5174	??_7camAppCS@@6B@	68	0	camAppCS	`vftable'
005B51B8	??_7Spline@@6B@	64	0	Spline	`vftable'
005B51F8	??_7mmPlayerData@@6B@	8	0	mmPlayerData	`vftable'
005B5200	??_7mmCityList@@6B@	4	0	mmCityList	`vftable'
005B5204	??_7mmVehList@@6B@	4	0	mmVehList	`vftable'
005B5208	??_7mmMiscData@@6B@	8	0	mmMiscData	`vftable'
005B5210	??_7mmRecord@@6B@	20	0	mmRecord	`vftable'
005B5224	??_7mmPlayerConfig@@6B@	8	0	mmPlayerConfig	`vftable'
005B522C	??_7mmPlayerDirectory@@6B@	8	0	mmPlayerDirectory	`vftable'
005B5234	??_7mmPlayerCityRecord@@6B@	20	0	mmPlayerCityRecord	`vftable'
005B5248	??_7mmVehInfo@@6B@	4	0	mmVehInfo	`vftable'
005B524C	??_7mmCityInfo@@6B@	4	0	mmCityInfo	`vftable'
005B5250	??_7mmInput@@6B@	68	0	mmInput	`vftable'
005B5294	??_7mmIODev@@6B@	8	0	mmIODev	`vftable'
005B529C	??_7mmFrictionFF@@6B@	16	0	mmFrictionFF	`vftable'
005B52AC	??_7mmCollideFF@@6B@	16	0	mmCollideFF	`vftable'
005B52BC	??_7mmSpringFF@@6B@	16	0	mmSpringFF	`vftable'
005B52CC	??_7mmRoadFF@@6B@	16	0	mmRoadFF	`vftable'
005B52DC	??_7mmEffectFF@@6B@	20	0	mmEffectFF	`vftable'
005B52F0	??_7mmTextNode@@6B@	52	0	mmTextNode	`vftable'
005B5324	??_7mmNumber@@6B@	52	0	mmNumber	`vftable'
005B5358	??_7asMeshSetForm@@6B@	52	0	asMeshSetForm	`vftable'
005B538C	??_7mmVehicleForm@@6B@	52	0	mmVehicleForm	`vftable'
005B53C0	??_7mmMouseSteerBar@@6B@	68	0	mmMouseSteerBar	`vftable'
005B5404	city_ai_header	92	0		city_ai_header
005B5460	??_7aiMap@@6B@	76	0	aiMap	`vftable'
005B54AC	??_7aiTrafficLightInstance@@6B@	124	0	aiTrafficLightInstance	`vftable'
005B5528	??_7aiTrafficLightSet@@6B@	64	0	aiTrafficLightSet	`vftable'
005B5568	??_7aiPedAudio@@6B@	68	0	aiPedAudio	`vftable'
005B55AC	??_7aiVehiclePlayer@@6B@	88	0	aiVehiclePlayer	`vftable'
005B5604	??_7aiCableCar@@6B@	84	0	aiCableCar	`vftable'
005B5658	??_7aiCableCarInstance@@6B@	124	0	aiCableCarInstance	`vftable'
005B56D4	??_7dgUnhitBangerInstance@@6B@	112	0	dgUnhitBangerInstance	`vftable'
005B5744	??_7aiSubway@@6B@	84	0	aiSubway	`vftable'
005B5798	??_7aiSubwayInstance@@6B@	260	0	aiSubwayInstance	`vftable'
005B589C	??_7aiVehicleAmbient@@6B@	112	0	aiVehicleAmbient	`vftable'
005B590C	??_7aiVehicleInstance@@6B@	104	0	aiVehicleInstance	`vftable'
005B5974	??_7aiVehicleActive@@6B@	40	0	aiVehicleActive	`vftable'
005B599C	??_7aiVehicleManager@@6B@	72	0	aiVehicleManager	`vftable'
005B59E4	??_7aiCityData@@6B@	4	0	aiCityData	`vftable'
005B59E8	??_7aiVehicle@@6B@	84	0	aiVehicle	`vftable'
005B5A3C	??_7aiObstacle@@6B@	64	0	aiObstacle	`vftable'
005B5A7C	??_7aiVehiclePhysics@@6B@	160	0	aiVehiclePhysics	`vftable'
005B5B1C	??_7aiVehicleSpline@@6B@	104	0	aiVehicleSpline	`vftable'
005B5B84	??_7aiBanger@@6B@	52	0	aiBanger	`vftable'
005B5BB8	??_7aiGoalAvoidPlayer@@6B@	12	0	aiGoalAvoidPlayer	`vftable'
005B5BC4	??_7aiGoal@@6B@	24	0	aiGoal	`vftable'
005B5BDC	??_7aiGoalRegainRail@@6B@	24	0	aiGoalRegainRail	`vftable'
005B5BF4	??_7aiGoalRandomDrive@@6B@	32	0	aiGoalRandomDrive	`vftable'
005B5C14	??_7aiGoalCollision@@6B@	12	0	aiGoalCollision	`vftable'
005B5C20	??_7aiVehicleData@@6B@	52	0	aiVehicleData	`vftable'
005B5C54	??_7aiStuck@@6B@	52	0	aiStuck	`vftable'
005B5C88	_MM2_GUID	16	0		_MM2_GUID
005B5C98	_MM2_ZONESCORE_GUID	16	0		_MM2_ZONESCORE_GUID
005B5CA8	_ZONEPROPERTY_LobbyGuid3	16	0		_ZONEPROPERTY_LobbyGuid3
005B5CB8	_ZONEPROPERTY_GameOptions	16	0		_ZONEPROPERTY_GameOptions
005B5CC8	_ZONEPROPERTY_GameState	16	0		_ZONEPROPERTY_GameState
005B5CD8	_ZONEPROPERTY_GameNewHost	16	0		_ZONEPROPERTY_GameNewHost
005B5CE8	_IID_IZoneScore	16	0		_IID_IZoneScore
005B5CF8	_LIBID_ZONESCORECLIENTLib	16	0		_LIBID_ZONESCORECLIENTLib
005B5D08	_CLSID_ZoneScore	16	0		_CLSID_ZoneScore
005B5D18	??_7asNetObject@@6B@	628	0	asNetObject	`vftable'
005B5F8C	??_7gizBridge@@6B@	120	0	gizBridge	`vftable'
005B6004	??_7gizBridgeMgr@@6B@	52	0	gizBridgeMgr	`vftable'
005B6038	??_7gizSailboat@@6B@	104	0	gizSailboat	`vftable'
005B60A0	??_7gizSailboatMgr@@6B@	52	0	gizSailboatMgr	`vftable'
005B60D4	??_7gizTrainCar@@6B@	120	0	gizTrainCar	`vftable'
005B614C	??_7gizTrainMgr@@6B@	52	0	gizTrainMgr	`vftable'
005B6180	??_7gizFerry@@6B@	120	0	gizFerry	`vftable'
005B61F8	??_7gizFerryMgr@@6B@	52	0	gizFerryMgr	`vftable'
005B622C	??_7gizParkedCarMgr@@6B@	52	0	gizParkedCarMgr	`vftable'
005B6260	??_7mmBridgeAudio@@6B@	24	0	mmBridgeAudio	`vftable'
005B6278	??_7gizInstance@@6B@	120	0	gizInstance	`vftable'
005B62F0	??_7aiPedestrianInstance@@6B@	108	0	aiPedestrianInstance	`vftable'
005B635C	??_7pedRagdollMgr@@6B@	64	0	pedRagdollMgr	`vftable'
005B639C	??_7pedActive@@6B@	52	0	pedActive	`vftable'
005B63D0	??_7crAnimation@@6B@	4	0	crAnimation	`vftable'
005B63D4	??_7crKinematicsBase@@6B@	28	0	crKinematicsBase	`vftable'
005B63F0	??_7crKinematics@@6B@	28	0	crKinematics	`vftable'
005B640C	??_7crBodyDataBase@@6B@	4	0	crBodyDataBase	`vftable'
005B6410	??_7crBodyData@@6B@	4	0	crBodyData	`vftable'
005B6414	??_7crLegData@@6B@	20	0	crLegData	`vftable'
005B6428	??_7crArmData@@6B@	12	0	crArmData	`vftable'
005B6434	??_7crHeadData@@6B@	12	0	crHeadData	`vftable'
005B6440	??_7crSpineData@@6B@	164	0	crSpineData	`vftable'
005B64E4	ModuleName	1436	0		ModuleName
005B6A80	String1	4	0		String1
005B6A84	String2	156	0		String2
005B6B20	_c_dfDIKeyboard	24	0		_c_dfDIKeyboard
005B6B38	_c_dfDIMouse	24	0		_c_dfDIMouse
005B6B50	_c_dfDIJoystick2	24	0		_c_dfDIJoystick2
005B6B68	_c_dfDIJoystick	24	0		_c_dfDIJoystick
005B6B80	_IID_IUnknown	16	0		_IID_IUnknown
005B6B90	_IID_IPersistStream	16	0		_IID_IPersistStream
005B6BA0	_IID_IStream	16	0		_IID_IStream
005B6BB0	_GUID_NULL	16	0		_GUID_NULL
005B6BC0	_KSDATAFORMAT_SUBTYPE_DIRECTMUSIC	16	0		_KSDATAFORMAT_SUBTYPE_DIRECTMUSIC
005B6BD0	_KSDATAFORMAT_SUBTYPE_MIDI	16	0		_KSDATAFORMAT_SUBTYPE_MIDI
005B6BE0	_IID_IKsControl	16	0		_IID_IKsControl
005B6BF0	_IID_IDirectMusicSegment2	16	0		_IID_IDirectMusicSegment2
005B6C00	_IID_IDirectMusicPerformance2	16	0		_IID_IDirectMusicPerformance2
005B6C10	_IID_IDirectMusicBand	16	0		_IID_IDirectMusicBand
005B6C20	_IID_IDirectMusicComposer	16	0		_IID_IDirectMusicComposer
005B6C30	_IID_IDirectMusicChordMap	16	0		_IID_IDirectMusicChordMap
005B6C40	_IID_IDirectMusicStyle	16	0		_IID_IDirectMusicStyle
005B6C50	_IID_IDirectMusicGraph	16	0		_IID_IDirectMusicGraph
005B6C60	_IID_IDirectMusicTool	16	0		_IID_IDirectMusicTool
005B6C70	_IID_IDirectMusicPerformance	16	0		_IID_IDirectMusicPerformance
005B6C80	_IID_IDirectMusicTrack	16	0		_IID_IDirectMusicTrack
005B6C90	_IID_IDirectMusicSegmentState	16	0		_IID_IDirectMusicSegmentState
005B6CA0	_IID_IDirectMusicSegment	16	0		_IID_IDirectMusicSegment
005B6CB0	_IID_IDirectMusicObject	16	0		_IID_IDirectMusicObject
005B6CC0	_IID_IDirectMusicGetLoader	16	0		_IID_IDirectMusicGetLoader
005B6CD0	_IID_IDirectMusicLoader	16	0		_IID_IDirectMusicLoader
005B6CE0	_GUID_DefaultGMCollection	16	0		_GUID_DefaultGMCollection
005B6CF0	_GUID_PerfAutoDownload	16	0		_GUID_PerfAutoDownload
005B6D00	_GUID_PerfMasterGrooveLevel	16	0		_GUID_PerfMasterGrooveLevel
005B6D10	_GUID_PerfMasterVolume	16	0		_GUID_PerfMasterVolume
005B6D20	_GUID_PerfMasterTempo	16	0		_GUID_PerfMasterTempo
005B6D30	_GUID_SeedVariations	16	0		_GUID_SeedVariations
005B6D40	_GUID_EnableTempo	16	0		_GUID_EnableTempo
005B6D50	_GUID_DisableTempo	16	0		_GUID_DisableTempo
005B6D60	_GUID_EnableTimeSig	16	0		_GUID_EnableTimeSig
005B6D70	_GUID_DisableTimeSig	16	0		_GUID_DisableTimeSig
005B6D80	_GUID_StandardMIDIFile	16	0		_GUID_StandardMIDIFile
005B6D90	_GUID_Clear_All_Bands	16	0		_GUID_Clear_All_Bands
005B6DA0	_GUID_Disable_Auto_Download	16	0		_GUID_Disable_Auto_Download
005B6DB0	_GUID_Enable_Auto_Download	16	0		_GUID_Enable_Auto_Download
005B6DC0	_GUID_ConnectToDLSCollection	16	0		_GUID_ConnectToDLSCollection
005B6DD0	_GUID_Unload	16	0		_GUID_Unload
005B6DE0	_GUID_Download	16	0		_GUID_Download
005B6DF0	_GUID_MuteParam	16	0		_GUID_MuteParam
005B6E00	_GUID_IDirectMusicChordMap	16	0		_GUID_IDirectMusicChordMap
005B6E10	_GUID_IDirectMusicBand	16	0		_GUID_IDirectMusicBand
005B6E20	_GUID_TempoParam	16	0		_GUID_TempoParam
005B6E30	_GUID_TimeSignature	16	0		_GUID_TimeSignature
005B6E40	_GUID_IDirectMusicStyle	16	0		_GUID_IDirectMusicStyle
005B6E50	_GUID_RhythmParam	16	0		_GUID_RhythmParam
005B6E60	_GUID_ChordParam	16	0		_GUID_ChordParam
005B6E70	_GUID_CommandParam2	16	0		_GUID_CommandParam2
005B6E80	_GUID_CommandParam	16	0		_GUID_CommandParam
005B6E90	_GUID_NOTIFICATION_COMMAND	16	0		_GUID_NOTIFICATION_COMMAND
005B6EA0	_GUID_NOTIFICATION_CHORD	16	0		_GUID_NOTIFICATION_CHORD
005B6EB0	_GUID_NOTIFICATION_MEASUREANDBEAT	16	0		_GUID_NOTIFICATION_MEASUREANDBEAT
005B6EC0	_GUID_NOTIFICATION_PERFORMANCE	16	0		_GUID_NOTIFICATION_PERFORMANCE
005B6ED0	_GUID_NOTIFICATION_SEGMENT	16	0		_GUID_NOTIFICATION_SEGMENT
005B6EE0	_GUID_DirectMusicAllTypes	16	0		_GUID_DirectMusicAllTypes
005B6EF0	_CLSID_DirectMusicMuteTrack	16	0		_CLSID_DirectMusicMuteTrack
005B6F00	_CLSID_DirectMusicChordMapTrack	16	0		_CLSID_DirectMusicChordMapTrack
005B6F10	_CLSID_DirectMusicBand	16	0		_CLSID_DirectMusicBand
005B6F20	_CLSID_DirectMusicBandTrack	16	0		_CLSID_DirectMusicBandTrack
005B6F30	_CLSID_DirectMusicLoader	16	0		_CLSID_DirectMusicLoader
005B6F40	_CLSID_DirectMusicSignPostTrack	16	0		_CLSID_DirectMusicSignPostTrack
005B6F50	_CLSID_DirectMusicComposer	16	0		_CLSID_DirectMusicComposer
005B6F60	_CLSID_DirectMusicChordMap	16	0		_CLSID_DirectMusicChordMap
005B6F70	_CLSID_DirectMusicMotifTrack	16	0		_CLSID_DirectMusicMotifTrack
005B6F80	_CLSID_DirectMusicStyleTrack	16	0		_CLSID_DirectMusicStyleTrack
005B6F90	_CLSID_DirectMusicCommandTrack	16	0		_CLSID_DirectMusicCommandTrack
005B6FA0	_CLSID_DirectMusicChordTrack	16	0		_CLSID_DirectMusicChordTrack
005B6FB0	_CLSID_DirectMusicStyle	16	0		_CLSID_DirectMusicStyle
005B6FC0	_CLSID_DirectMusicTimeSigTrack	16	0		_CLSID_DirectMusicTimeSigTrack
005B6FD0	_CLSID_DirectMusicSysExTrack	16	0		_CLSID_DirectMusicSysExTrack
005B6FE0	_CLSID_DirectMusicSeqTrack	16	0		_CLSID_DirectMusicSeqTrack
005B6FF0	_CLSID_DirectMusicTempoTrack	16	0		_CLSID_DirectMusicTempoTrack
005B7000	_CLSID_DirectMusicGraph	16	0		_CLSID_DirectMusicGraph
005B7010	_CLSID_DirectMusicSegmentState	16	0		_CLSID_DirectMusicSegmentState
005B7020	_CLSID_DirectMusicSegment	16	0		_CLSID_DirectMusicSegment
005B7030	_CLSID_DirectMusicPerformance	16	0		_CLSID_DirectMusicPerformance
005B7040	_GUID_DMUS_PROP_Volume	16	0		_GUID_DMUS_PROP_Volume
005B7050	_GUID_DMUS_PROP_LegacyCaps	16	0		_GUID_DMUS_PROP_LegacyCaps
005B7060	_GUID_DMUS_PROP_Effects	16	0		_GUID_DMUS_PROP_Effects
005B7070	_GUID_DMUS_PROP_WavesReverb	16	0		_GUID_DMUS_PROP_WavesReverb
005B7080	_GUID_DMUS_PROP_MemorySize	16	0		_GUID_DMUS_PROP_MemorySize
005B7090	_GUID_DMUS_PROP_WritePeriod	16	0		_GUID_DMUS_PROP_WritePeriod
005B70A0	_GUID_DMUS_PROP_WriteLatency	16	0		_GUID_DMUS_PROP_WriteLatency
005B70B0	_GUID_DMUS_PROP_SamplePlaybackRate	16	0		_GUID_DMUS_PROP_SamplePlaybackRate
005B70C0	_GUID_DMUS_PROP_SampleMemorySize	16	0		_GUID_DMUS_PROP_SampleMemorySize
005B70D0	_GUID_DMUS_PROP_SynthSink_WAVE	16	0		_GUID_DMUS_PROP_SynthSink_WAVE
005B70E0	_GUID_DMUS_PROP_SynthSink_DSOUND	16	0		_GUID_DMUS_PROP_SynthSink_DSOUND
005B70F0	_GUID_DMUS_PROP_INSTRUMENT2	16	0		_GUID_DMUS_PROP_INSTRUMENT2
005B7100	_GUID_DMUS_PROP_DLS2	16	0		_GUID_DMUS_PROP_DLS2
005B7110	_GUID_DMUS_PROP_DLS1	16	0		_GUID_DMUS_PROP_DLS1
005B7120	_GUID_DMUS_PROP_GS_Capable	16	0		_GUID_DMUS_PROP_GS_Capable
005B7130	_GUID_DMUS_PROP_XG_Capable	16	0		_GUID_DMUS_PROP_XG_Capable
005B7140	_GUID_DMUS_PROP_XG_Hardware	16	0		_GUID_DMUS_PROP_XG_Hardware
005B7150	_GUID_DMUS_PROP_GS_Hardware	16	0		_GUID_DMUS_PROP_GS_Hardware
005B7160	_GUID_DMUS_PROP_GM_Hardware	16	0		_GUID_DMUS_PROP_GM_Hardware
005B7170	_IID_IDirectMusic2	16	0		_IID_IDirectMusic2
005B7180	_IID_IDirectMusicDownloadedInstrument	16	0		_IID_IDirectMusicDownloadedInstrument
005B7190	_IID_IDirectMusicInstrument	16	0		_IID_IDirectMusicInstrument
005B71A0	_IID_IDirectMusicCollection	16	0		_IID_IDirectMusicCollection
005B71B0	_IID_IDirectMusicDownload	16	0		_IID_IDirectMusicDownload
005B71C0	_IID_IDirectMusicPortDownload	16	0		_IID_IDirectMusicPortDownload
005B71D0	_IID_IDirectMusicThru	16	0		_IID_IDirectMusicThru
005B71E0	_IID_IDirectMusicPort	16	0		_IID_IDirectMusicPort
005B71F0	_IID_IDirectMusicBuffer	16	0		_IID_IDirectMusicBuffer
005B7200	_IID_IDirectMusic	16	0		_IID_IDirectMusic
005B7210	_CLSID_DirectMusicSynth	16	0		_CLSID_DirectMusicSynth
005B7220	_CLSID_DirectMusicCollection	16	0		_CLSID_DirectMusicCollection
005B7230	_CLSID_DirectMusic	16	0		_CLSID_DirectMusic
005B7240	_IID_IReferenceClock	16	0		_IID_IReferenceClock
005B7250	_DS3DALG_HRTF_LIGHT	16	0		_DS3DALG_HRTF_LIGHT
005B7260	_DS3DALG_HRTF_FULL	16	0		_DS3DALG_HRTF_FULL
005B7270	_DS3DALG_NO_VIRTUALIZATION	16	0		_DS3DALG_NO_VIRTUALIZATION
005B7280	_IID_IKsPropertySet	16	0		_IID_IKsPropertySet
005B7290	_IID_IDirectSoundNotify	16	0		_IID_IDirectSoundNotify
005B72A0	_IID_IDirectSoundCaptureBuffer	16	0		_IID_IDirectSoundCaptureBuffer
005B72B0	_IID_IDirectSoundCapture	16	0		_IID_IDirectSoundCapture
005B72C0	_IID_IDirectSound3DBuffer	16	0		_IID_IDirectSound3DBuffer
005B72D0	_IID_IDirectSound3DListener	16	0		_IID_IDirectSound3DListener
005B72E0	_IID_IDirectSoundBuffer	16	0		_IID_IDirectSoundBuffer
005B72F0	_IID_IDirectSound	16	0		_IID_IDirectSound
005B7300	_CLSID_DirectSoundCapture	16	0		_CLSID_DirectSoundCapture
005B7310	_CLSID_DirectSound	16	0		_CLSID_DirectSound
005B7320	_DPAID_ComPort	16	0		_DPAID_ComPort
005B7330	_DPAID_INetPort	16	0		_DPAID_INetPort
005B7340	_DPAID_INetW	16	0		_DPAID_INetW
005B7350	_DPAID_INet	16	0		_DPAID_INet
005B7360	_DPAID_ModemW	16	0		_DPAID_ModemW
005B7370	_DPAID_Modem	16	0		_DPAID_Modem
005B7380	_DPAID_PhoneW	16	0		_DPAID_PhoneW
005B7390	_DPAID_Phone	16	0		_DPAID_Phone
005B73A0	_DPAID_LobbyProvider	16	0		_DPAID_LobbyProvider
005B73B0	_DPAID_ServiceProvider	16	0		_DPAID_ServiceProvider
005B73C0	_DPAID_TotalSize	16	0		_DPAID_TotalSize
005B73D0	_DPLPROPERTY_PlayerScore	16	0		_DPLPROPERTY_PlayerScore
005B73E0	_DPLPROPERTY_PlayerGuid	16	0		_DPLPROPERTY_PlayerGuid
005B73F0	_DPLPROPERTY_LobbyGuid	16	0		_DPLPROPERTY_LobbyGuid
005B7400	_DPLPROPERTY_MessagesSupported	16	0		_DPLPROPERTY_MessagesSupported
005B7410	_CLSID_DirectPlayLobby	16	0		_CLSID_DirectPlayLobby
005B7420	_IID_IDirectPlayLobby3A	16	0		_IID_IDirectPlayLobby3A
005B7430	_IID_IDirectPlayLobby3	16	0		_IID_IDirectPlayLobby3
005B7440	_IID_IDirectPlayLobby2A	16	0		_IID_IDirectPlayLobby2A
005B7450	_IID_IDirectPlayLobby2	16	0		_IID_IDirectPlayLobby2
005B7460	_IID_IDirectPlayLobbyA	16	0		_IID_IDirectPlayLobbyA
005B7470	_IID_IDirectPlayLobby	16	0		_IID_IDirectPlayLobby
005B7480	_IID_IDirectPlay	16	0		_IID_IDirectPlay
005B7490	_DPSPGUID_MODEM	16	0		_DPSPGUID_MODEM
005B74A0	_DPSPGUID_SERIAL	16	0		_DPSPGUID_SERIAL
005B74B0	_DPSPGUID_TCPIP	16	0		_DPSPGUID_TCPIP
005B74C0	_DPSPGUID_IPX	16	0		_DPSPGUID_IPX
005B74D0	_CLSID_DirectPlay	16	0		_CLSID_DirectPlay
005B74E0	_IID_IDirectPlay4A	16	0		_IID_IDirectPlay4A
005B74F0	_IID_IDirectPlay4	16	0		_IID_IDirectPlay4
005B7500	_IID_IDirectPlay3A	16	0		_IID_IDirectPlay3A
005B7510	_IID_IDirectPlay3	16	0		_IID_IDirectPlay3
005B7520	_IID_IDirectPlay2A	16	0		_IID_IDirectPlay2A
005B7530	_IID_IDirectPlay2	16	0		_IID_IDirectPlay2
005B7540	_GUID_HIDClass	16	0		_GUID_HIDClass
005B7550	_GUID_MouseClass	16	0		_GUID_MouseClass
005B7560	_GUID_MediaClass	16	0		_GUID_MediaClass
005B7570	_GUID_KeyboardClass	16	0		_GUID_KeyboardClass
005B7580	_IID_IDirectInputPIDDriver	16	0		_IID_IDirectInputPIDDriver
005B7590	_IID_IDirectInputJoyConfig	16	0		_IID_IDirectInputJoyConfig
005B75A0	_IID_IDirectInputEffectDriver	16	0		_IID_IDirectInputEffectDriver
005B75B0	_GUID_CustomForce	16	0		_GUID_CustomForce
005B75C0	_GUID_Friction	16	0		_GUID_Friction
005B75D0	_GUID_Inertia	16	0		_GUID_Inertia
005B75E0	_GUID_Damper	16	0		_GUID_Damper
005B75F0	_GUID_Spring	16	0		_GUID_Spring
005B7600	_GUID_SawtoothDown	16	0		_GUID_SawtoothDown
005B7610	_GUID_SawtoothUp	16	0		_GUID_SawtoothUp
005B7620	_GUID_Triangle	16	0		_GUID_Triangle
005B7630	_GUID_Sine	16	0		_GUID_Sine
005B7640	_GUID_Square	16	0		_GUID_Square
005B7650	_GUID_RampForce	16	0		_GUID_RampForce
005B7660	_GUID_ConstantForce	16	0		_GUID_ConstantForce
005B7670	_GUID_SysKeyboardEm2	16	0		_GUID_SysKeyboardEm2
005B7680	_GUID_SysKeyboardEm	16	0		_GUID_SysKeyboardEm
005B7690	_GUID_SysMouseEm2	16	0		_GUID_SysMouseEm2
005B76A0	_GUID_SysMouseEm	16	0		_GUID_SysMouseEm
005B76B0	_GUID_Joystick	16	0		_GUID_Joystick
005B76C0	_GUID_SysKeyboard	16	0		_GUID_SysKeyboard
005B76D0	_GUID_SysMouse	16	0		_GUID_SysMouse
005B76E0	_GUID_Unknown	16	0		_GUID_Unknown
005B76F0	_GUID_POV	16	0		_GUID_POV
005B7700	_GUID_Key	16	0		_GUID_Key
005B7710	_GUID_Button	16	0		_GUID_Button
005B7720	_GUID_Slider	16	0		_GUID_Slider
005B7730	_GUID_RzAxis	16	0		_GUID_RzAxis
005B7740	_GUID_RyAxis	16	0		_GUID_RyAxis
005B7750	_GUID_RxAxis	16	0		_GUID_RxAxis
005B7760	_GUID_ZAxis	16	0		_GUID_ZAxis
005B7770	_GUID_YAxis	16	0		_GUID_YAxis
005B7780	_GUID_XAxis	16	0		_GUID_XAxis
005B7790	_IID_IDirectInputDevice7W	16	0		_IID_IDirectInputDevice7W
005B77A0	_IID_IDirectInputDevice7A	16	0		_IID_IDirectInputDevice7A
005B77B0	_IID_IDirectInputEffect	16	0		_IID_IDirectInputEffect
005B77C0	_IID_IDirectInputDevice2W	16	0		_IID_IDirectInputDevice2W
005B77D0	_IID_IDirectInputDevice2A	16	0		_IID_IDirectInputDevice2A
005B77E0	_IID_IDirectInputDeviceW	16	0		_IID_IDirectInputDeviceW
005B77F0	_IID_IDirectInputDeviceA	16	0		_IID_IDirectInputDeviceA
005B7800	_IID_IDirectInput7W	16	0		_IID_IDirectInput7W
005B7810	_IID_IDirectInput7A	16	0		_IID_IDirectInput7A
005B7820	_IID_IDirectInput2W	16	0		_IID_IDirectInput2W
005B7830	_IID_IDirectInput2A	16	0		_IID_IDirectInput2A
005B7840	_IID_IDirectInputW	16	0		_IID_IDirectInputW
005B7850	_IID_IDirectInputA	16	0		_IID_IDirectInputA
005B7860	_CLSID_DirectInputDevice	16	0		_CLSID_DirectInputDevice
005B7870	_CLSID_DirectInput	16	0		_CLSID_DirectInput
005B7880	_TID_DXFILEHeader	16	0		_TID_DXFILEHeader
005B7890	_IID_IDirectXFileBinary	16	0		_IID_IDirectXFileBinary
005B78A0	_IID_IDirectXFileDataReference	16	0		_IID_IDirectXFileDataReference
005B78B0	_IID_IDirectXFileData	16	0		_IID_IDirectXFileData
005B78C0	_IID_IDirectXFileObject	16	0		_IID_IDirectXFileObject
005B78D0	_IID_IDirectXFileSaveObject	16	0		_IID_IDirectXFileSaveObject
005B78E0	_IID_IDirectXFileEnumObject	16	0		_IID_IDirectXFileEnumObject
005B78F0	_IID_IDirectXFile	16	0		_IID_IDirectXFile
005B7900	_CLSID_CDirectXFile	16	0		_CLSID_CDirectXFile
005B7910	_TID_D3DRMRightHanded	16	0		_TID_D3DRMRightHanded
005B7920	_TID_D3DRMPropertyBag	16	0		_TID_D3DRMPropertyBag
005B7930	_TID_D3DRMStringProperty	16	0		_TID_D3DRMStringProperty
005B7940	_TID_D3DRMExternalVisual	16	0		_TID_D3DRMExternalVisual
005B7950	_TID_D3DRMProgressiveMesh	16	0		_TID_D3DRMProgressiveMesh
005B7960	_TID_D3DRMUrl	16	0		_TID_D3DRMUrl
005B7970	_TID_D3DRMInlineData	16	0		_TID_D3DRMInlineData
005B7980	_TID_D3DRMLightAttenuation	16	0		_TID_D3DRMLightAttenuation
005B7990	_TID_D3DRMLightPenumbra	16	0		_TID_D3DRMLightPenumbra
005B79A0	_TID_D3DRMLightRange	16	0		_TID_D3DRMLightRange
005B79B0	_TID_D3DRMLightUmbra	16	0		_TID_D3DRMLightUmbra
005B79C0	_TID_D3DRMAppData	16	0		_TID_D3DRMAppData
005B79D0	_TID_D3DRMCamera	16	0		_TID_D3DRMCamera
005B79E0	_TID_D3DRMLight	16	0		_TID_D3DRMLight
005B79F0	_TID_D3DRMFrameRotation	16	0		_TID_D3DRMFrameRotation
005B7A00	_TID_D3DRMFrameVelocity	16	0		_TID_D3DRMFrameVelocity
005B7A10	_TID_D3DRMFramePosition	16	0		_TID_D3DRMFramePosition
005B7A20	_TID_D3DRMAnimationOptions	16	0		_TID_D3DRMAnimationOptions
005B7A30	_TID_D3DRMTimedFloatKeys	16	0		_TID_D3DRMTimedFloatKeys
005B7A40	_TID_D3DRMBoolean2d	16	0		_TID_D3DRMBoolean2d
005B7A50	_TID_D3DRMMeshFaceWraps	16	0		_TID_D3DRMMeshFaceWraps
005B7A60	_TID_D3DRMBoolean	16	0		_TID_D3DRMBoolean
005B7A70	_TID_D3DRMMaterialWrap	16	0		_TID_D3DRMMaterialWrap
005B7A80	_TID_D3DRMMeshVertexColors	16	0		_TID_D3DRMMeshVertexColors
005B7A90	_TID_D3DRMIndexedColor	16	0		_TID_D3DRMIndexedColor
005B7AA0	_TID_D3DRMTextureReference	16	0		_TID_D3DRMTextureReference
005B7AB0	_TID_D3DRMTextureFilename	16	0		_TID_D3DRMTextureFilename
005B7AC0	_TID_D3DRMGuid	16	0		_TID_D3DRMGuid
005B7AD0	_TID_D3DRMColorRGB	16	0		_TID_D3DRMColorRGB
005B7AE0	_TID_D3DRMColorRGBA	16	0		_TID_D3DRMColorRGBA
005B7AF0	_TID_D3DRMMaterialPower	16	0		_TID_D3DRMMaterialPower
005B7B00	_TID_D3DRMMaterialEmissiveColor	16	0		_TID_D3DRMMaterialEmissiveColor
005B7B10	_TID_D3DRMMaterialSpecularColor	16	0		_TID_D3DRMMaterialSpecularColor
005B7B20	_TID_D3DRMMaterialDiffuseColor	16	0		_TID_D3DRMMaterialDiffuseColor
005B7B30	_TID_D3DRMMaterialAmbientColor	16	0		_TID_D3DRMMaterialAmbientColor
005B7B40	_TID_D3DRMFloatKeys	16	0		_TID_D3DRMFloatKeys
005B7B50	_TID_D3DRMAnimationKey	16	0		_TID_D3DRMAnimationKey
005B7B60	_TID_D3DRMAnimationSet	16	0		_TID_D3DRMAnimationSet
005B7B70	_TID_D3DRMAnimation	16	0		_TID_D3DRMAnimation
005B7B80	_TID_D3DRMMatrix4x4	16	0		_TID_D3DRMMatrix4x4
005B7B90	_TID_D3DRMCoords2d	16	0		_TID_D3DRMCoords2d
005B7BA0	_TID_D3DRMMeshNormals	16	0		_TID_D3DRMMeshNormals
005B7BB0	_TID_D3DRMMeshTextureCoords	16	0		_TID_D3DRMMeshTextureCoords
005B7BC0	_TID_D3DRMMeshMaterialList	16	0		_TID_D3DRMMeshMaterialList
005B7BD0	_TID_D3DRMFrameTransformMatrix	16	0		_TID_D3DRMFrameTransformMatrix
005B7BE0	_TID_D3DRMFrame	16	0		_TID_D3DRMFrame
005B7BF0	_TID_D3DRMMaterialArray	16	0		_TID_D3DRMMaterialArray
005B7C00	_TID_D3DRMMaterial	16	0		_TID_D3DRMMaterial
005B7C10	_TID_D3DRMMeshFace	16	0		_TID_D3DRMMeshFace
005B7C20	_TID_D3DRMVector	16	0		_TID_D3DRMVector
005B7C30	_TID_D3DRMMesh	16	0		_TID_D3DRMMesh
005B7C40	_TID_D3DRMInfo	16	0		_TID_D3DRMInfo
005B7C50	_IID_IDirect3DRMWinDevice	16	0		_IID_IDirect3DRMWinDevice
005B7C60	_CLSID_CDirect3DRM	16	0		_CLSID_CDirect3DRM
005B7C70	_IID_IDirect3DRM3	16	0		_IID_IDirect3DRM3
005B7C80	_IID_IDirect3DRM2	16	0		_IID_IDirect3DRM2
005B7C90	_IID_IDirect3DRM	16	0		_IID_IDirect3DRM
005B7CA0	_IID_IDirect3DRMClippedVisual	16	0		_IID_IDirect3DRMClippedVisual
005B7CB0	_IID_IDirect3DRMPicked2Array	16	0		_IID_IDirect3DRMPicked2Array
005B7CC0	_IID_IDirect3DRMProgressiveMesh	16	0		_IID_IDirect3DRMProgressiveMesh
005B7CD0	_IID_IDirect3DRMInterpolator	16	0		_IID_IDirect3DRMInterpolator
005B7CE0	_IID_IDirect3DRMShadow2	16	0		_IID_IDirect3DRMShadow2
005B7CF0	_IID_IDirect3DRMShadow	16	0		_IID_IDirect3DRMShadow
005B7D00	_IID_IDirect3DRMUserVisual	16	0		_IID_IDirect3DRMUserVisual
005B7D10	_IID_IDirect3DRMAnimationArray	16	0		_IID_IDirect3DRMAnimationArray
005B7D20	_IID_IDirect3DRMFaceArray	16	0		_IID_IDirect3DRMFaceArray
005B7D30	_IID_IDirect3DRMPickedArray	16	0		_IID_IDirect3DRMPickedArray
005B7D40	_IID_IDirect3DRMLightArray	16	0		_IID_IDirect3DRMLightArray
005B7D50	_IID_IDirect3DRMVisualArray	16	0		_IID_IDirect3DRMVisualArray
005B7D60	_IID_IDirect3DRMFrameArray	16	0		_IID_IDirect3DRMFrameArray
005B7D70	_IID_IDirect3DRMViewportArray	16	0		_IID_IDirect3DRMViewportArray
005B7D80	_IID_IDirect3DRMDeviceArray	16	0		_IID_IDirect3DRMDeviceArray
005B7D90	_IID_IDirect3DRMObjectArray	16	0		_IID_IDirect3DRMObjectArray
005B7DA0	_IID_IDirect3DRMAnimationSet2	16	0		_IID_IDirect3DRMAnimationSet2
005B7DB0	_IID_IDirect3DRMAnimationSet	16	0		_IID_IDirect3DRMAnimationSet
005B7DC0	_IID_IDirect3DRMAnimation2	16	0		_IID_IDirect3DRMAnimation2
005B7DD0	_IID_IDirect3DRMAnimation	16	0		_IID_IDirect3DRMAnimation
005B7DE0	_IID_IDirect3DRMMaterial2	16	0		_IID_IDirect3DRMMaterial2
005B7DF0	_IID_IDirect3DRMMaterial	16	0		_IID_IDirect3DRMMaterial
005B7E00	_IID_IDirect3DRMWrap	16	0		_IID_IDirect3DRMWrap
005B7E10	_IID_IDirect3DRMTexture3	16	0		_IID_IDirect3DRMTexture3
005B7E20	_IID_IDirect3DRMTexture2	16	0		_IID_IDirect3DRMTexture2
005B7E30	_IID_IDirect3DRMTexture	16	0		_IID_IDirect3DRMTexture
005B7E40	_IID_IDirect3DRMLight	16	0		_IID_IDirect3DRMLight
005B7E50	_IID_IDirect3DRMFace2	16	0		_IID_IDirect3DRMFace2
005B7E60	_IID_IDirect3DRMFace	16	0		_IID_IDirect3DRMFace
005B7E70	_IID_IDirect3DRMMeshBuilder3	16	0		_IID_IDirect3DRMMeshBuilder3
005B7E80	_IID_IDirect3DRMMeshBuilder2	16	0		_IID_IDirect3DRMMeshBuilder2
005B7E90	_IID_IDirect3DRMMeshBuilder	16	0		_IID_IDirect3DRMMeshBuilder
005B7EA0	_IID_IDirect3DRMMesh	16	0		_IID_IDirect3DRMMesh
005B7EB0	_IID_IDirect3DRMVisual	16	0		_IID_IDirect3DRMVisual
005B7EC0	_IID_IDirect3DRMFrame3	16	0		_IID_IDirect3DRMFrame3
005B7ED0	_IID_IDirect3DRMFrame2	16	0		_IID_IDirect3DRMFrame2
005B7EE0	_IID_IDirect3DRMFrame	16	0		_IID_IDirect3DRMFrame
005B7EF0	_IID_IDirect3DRMViewport2	16	0		_IID_IDirect3DRMViewport2
005B7F00	_IID_IDirect3DRMViewport	16	0		_IID_IDirect3DRMViewport
005B7F10	_IID_IDirect3DRMDevice3	16	0		_IID_IDirect3DRMDevice3
005B7F20	_IID_IDirect3DRMDevice2	16	0		_IID_IDirect3DRMDevice2
005B7F30	_IID_IDirect3DRMDevice	16	0		_IID_IDirect3DRMDevice
005B7F40	_IID_IDirect3DRMObject2	16	0		_IID_IDirect3DRMObject2
005B7F50	_IID_IDirect3DRMObject	16	0		_IID_IDirect3DRMObject
005B7F60	_CLSID_CDirect3DRMClippedVisual	16	0		_CLSID_CDirect3DRMClippedVisual
005B7F70	_CLSID_CDirect3DRMProgressiveMesh	16	0		_CLSID_CDirect3DRMProgressiveMesh
005B7F80	_CLSID_CDirect3DRMTextureInterpolator	16	0		_CLSID_CDirect3DRMTextureInterpolator
005B7F90	_CLSID_CDirect3DRMMaterialInterpolator	16	0		_CLSID_CDirect3DRMMaterialInterpolator
005B7FA0	_CLSID_CDirect3DRMLightInterpolator	16	0		_CLSID_CDirect3DRMLightInterpolator
005B7FB0	_CLSID_CDirect3DRMMeshInterpolator	16	0		_CLSID_CDirect3DRMMeshInterpolator
005B7FC0	_CLSID_CDirect3DRMFrameInterpolator	16	0		_CLSID_CDirect3DRMFrameInterpolator
005B7FD0	_CLSID_CDirect3DRMViewportInterpolator	16	0		_CLSID_CDirect3DRMViewportInterpolator
005B7FE0	_CLSID_CDirect3DRMShadow	16	0		_CLSID_CDirect3DRMShadow
005B7FF0	_CLSID_CDirect3DRMUserVisual	16	0		_CLSID_CDirect3DRMUserVisual
005B8000	_CLSID_CDirect3DRMAnimationSet	16	0		_CLSID_CDirect3DRMAnimationSet
005B8010	_CLSID_CDirect3DRMAnimation	16	0		_CLSID_CDirect3DRMAnimation
005B8020	_CLSID_CDirect3DRMMaterial	16	0		_CLSID_CDirect3DRMMaterial
005B8030	_CLSID_CDirect3DRMWrap	16	0		_CLSID_CDirect3DRMWrap
005B8040	_CLSID_CDirect3DRMTexture	16	0		_CLSID_CDirect3DRMTexture
005B8050	_CLSID_CDirect3DRMLight	16	0		_CLSID_CDirect3DRMLight
005B8060	_CLSID_CDirect3DRMFace	16	0		_CLSID_CDirect3DRMFace
005B8070	_CLSID_CDirect3DRMMeshBuilder	16	0		_CLSID_CDirect3DRMMeshBuilder
005B8080	_CLSID_CDirect3DRMMesh	16	0		_CLSID_CDirect3DRMMesh
005B8090	_CLSID_CDirect3DRMFrame	16	0		_CLSID_CDirect3DRMFrame
005B80A0	_CLSID_CDirect3DRMViewport	16	0		_CLSID_CDirect3DRMViewport
005B80B0	_CLSID_CDirect3DRMDevice	16	0		_CLSID_CDirect3DRMDevice
005B80C0	_GUID_DDMoreCaps	16	0		_GUID_DDMoreCaps
005B80D0	_GUID_Miscellaneous2Callbacks	16	0		_GUID_Miscellaneous2Callbacks
005B80E0	_GUID_MotionCompCallbacks	16	0		_GUID_MotionCompCallbacks
005B80F0	_GUID_D3DParseUnknownCommandCallback	16	0		_GUID_D3DParseUnknownCommandCallback
005B8100	_GUID_UserModeDriverPassword	16	0		_GUID_UserModeDriverPassword
005B8110	_GUID_UserModeDriverInfo	16	0		_GUID_UserModeDriverInfo
005B8120	_GUID_OptSurfaceUmodeInfo	16	0		_GUID_OptSurfaceUmodeInfo
005B8130	_GUID_OptSurfaceKmodeInfo	16	0		_GUID_OptSurfaceKmodeInfo
005B8140	_GUID_DDStereoMode	16	0		_GUID_DDStereoMode
005B8150	_GUID_DDMoreSurfaceCaps	16	0		_GUID_DDMoreSurfaceCaps
005B8160	_GUID_ZPixelFormats	16	0		_GUID_ZPixelFormats
005B8170	_GUID_D3DExtendedCaps	16	0		_GUID_D3DExtendedCaps
005B8180	_GUID_KernelCaps	16	0		_GUID_KernelCaps
005B8190	_GUID_KernelCallbacks	16	0		_GUID_KernelCallbacks
005B81A0	_GUID_NonLocalVidMemCaps	16	0		_GUID_NonLocalVidMemCaps
005B81B0	_GUID_D3DCallbacks3	16	0		_GUID_D3DCallbacks3
005B81C0	_GUID_D3DCallbacks2	16	0		_GUID_D3DCallbacks2
005B81D0	_GUID_VideoPortCaps	16	0		_GUID_VideoPortCaps
005B81E0	_GUID_ColorControlCallbacks	16	0		_GUID_ColorControlCallbacks
005B81F0	_GUID_VideoPortCallbacks	16	0		_GUID_VideoPortCallbacks
005B8200	_GUID_MiscellaneousCallbacks	16	0		_GUID_MiscellaneousCallbacks
005B8210	_IID_IDirect3DVertexBuffer7	16	0		_IID_IDirect3DVertexBuffer7
005B8220	_IID_IDirect3DVertexBuffer	16	0		_IID_IDirect3DVertexBuffer
005B8230	_IID_IDirect3DViewport3	16	0		_IID_IDirect3DViewport3
005B8240	_IID_IDirect3DViewport2	16	0		_IID_IDirect3DViewport2
005B8250	_IID_IDirect3DViewport	16	0		_IID_IDirect3DViewport
005B8260	_IID_IDirect3DExecuteBuffer	16	0		_IID_IDirect3DExecuteBuffer
005B8270	_IID_IDirect3DMaterial3	16	0		_IID_IDirect3DMaterial3
005B8280	_IID_IDirect3DMaterial2	16	0		_IID_IDirect3DMaterial2
005B8290	_IID_IDirect3DMaterial	16	0		_IID_IDirect3DMaterial
005B82A0	_IID_IDirect3DLight	16	0		_IID_IDirect3DLight
005B82B0	_IID_IDirect3DTexture2	16	0		_IID_IDirect3DTexture2
005B82C0	_IID_IDirect3DTexture	16	0		_IID_IDirect3DTexture
005B82D0	_IID_IDirect3DDevice7	16	0		_IID_IDirect3DDevice7
005B82E0	_IID_IDirect3DDevice3	16	0		_IID_IDirect3DDevice3
005B82F0	_IID_IDirect3DDevice2	16	0		_IID_IDirect3DDevice2
005B8300	_IID_IDirect3DDevice	16	0		_IID_IDirect3DDevice
005B8310	_IID_IDirect3DTnLHalDevice	16	0		_IID_IDirect3DTnLHalDevice
005B8320	_IID_IDirect3DNullDevice	16	0		_IID_IDirect3DNullDevice
005B8330	_IID_IDirect3DRefDevice	16	0		_IID_IDirect3DRefDevice
005B8340	_IID_IDirect3DMMXDevice	16	0		_IID_IDirect3DMMXDevice
005B8350	_IID_IDirect3DHALDevice	16	0		_IID_IDirect3DHALDevice
005B8360	_IID_IDirect3DRGBDevice	16	0		_IID_IDirect3DRGBDevice
005B8370	_IID_IDirect3DRampDevice	16	0		_IID_IDirect3DRampDevice
005B8380	_IID_IDirect3D7	16	0		_IID_IDirect3D7
005B8390	_IID_IDirect3D3	16	0		_IID_IDirect3D3
005B83A0	_IID_IDirect3D2	16	0		_IID_IDirect3D2
005B83B0	_IID_IDirect3D	16	0		_IID_IDirect3D
005B83C0	_IID_IDirectDrawVideoAccelerator	16	0		_IID_IDirectDrawVideoAccelerator
005B83D0	_IID_IDDVideoAcceleratorContainer	16	0		_IID_IDDVideoAcceleratorContainer
005B83E0	_IID_IDirectDrawSurfaceKernel	16	0		_IID_IDirectDrawSurfaceKernel
005B83F0	_IID_IDirectDrawKernel	16	0		_IID_IDirectDrawKernel
005B8400	_DDVPTYPE_PHILIPS	16	0		_DDVPTYPE_PHILIPS
005B8410	_DDVPTYPE_BROOKTREE	16	0		_DDVPTYPE_BROOKTREE
005B8420	_DDVPTYPE_CCIR656	16	0		_DDVPTYPE_CCIR656
005B8430	_DDVPTYPE_E_HREFL_VREFL	16	0		_DDVPTYPE_E_HREFL_VREFL
005B8440	_DDVPTYPE_E_HREFL_VREFH	16	0		_DDVPTYPE_E_HREFL_VREFH
005B8450	_DDVPTYPE_E_HREFH_VREFL	16	0		_DDVPTYPE_E_HREFH_VREFL
005B8460	_DDVPTYPE_E_HREFH_VREFH	16	0		_DDVPTYPE_E_HREFH_VREFH
005B8470	_IID_IDirectDrawVideoPort	16	0		_IID_IDirectDrawVideoPort
005B8480	_IID_IDDVideoPortContainer	16	0		_IID_IDDVideoPortContainer
005B8490	_IID_IDirectDrawGammaControl	16	0		_IID_IDirectDrawGammaControl
005B84A0	_IID_IDirectDrawColorControl	16	0		_IID_IDirectDrawColorControl
005B84B0	_IID_IDirectDrawClipper	16	0		_IID_IDirectDrawClipper
005B84C0	_IID_IDirectDrawPalette	16	0		_IID_IDirectDrawPalette
005B84D0	_IID_IDirectDrawPalette2	16	0		_IID_IDirectDrawPalette2
005B84E0	_IID_IDirectDrawOptSurface	16	0		_IID_IDirectDrawOptSurface
005B84F0	_GUID_DirectDrawPaletteStream	16	0		_GUID_DirectDrawPaletteStream
005B8500	_GUID_DirectDrawSurfaceStream	16	0		_GUID_DirectDrawSurfaceStream
005B8510	_IID_IDirectDrawFactory2	16	0		_IID_IDirectDrawFactory2
005B8520	_CLSID_DirectDrawFactory2	16	0		_CLSID_DirectDrawFactory2
005B8530	_IID_IDirectDrawSurfaceNew	16	0		_IID_IDirectDrawSurfaceNew
005B8540	_IID_IDirectDrawSurface7	16	0		_IID_IDirectDrawSurface7
005B8550	_IID_IDirectDrawSurface4	16	0		_IID_IDirectDrawSurface4
005B8560	_IID_IDirectDrawSurface3	16	0		_IID_IDirectDrawSurface3
005B8570	_IID_IDirectDrawSurface2	16	0		_IID_IDirectDrawSurface2
005B8580	_IID_IDirectDrawSurface	16	0		_IID_IDirectDrawSurface
005B8590	_IID_IDirectDraw7	16	0		_IID_IDirectDraw7
005B85A0	_IID_IDirectDraw4	16	0		_IID_IDirectDraw4
005B85B0	_IID_IDirectDraw2	16	0		_IID_IDirectDraw2
005B85C0	_IID_IDirectDraw	16	0		_IID_IDirectDraw
005B85D0	_CLSID_DirectDrawClipper	16	0		_CLSID_DirectDrawClipper
005B85E0	_CLSID_DirectDraw7	16	0		_CLSID_DirectDraw7
005B85F0	_CLSID_DirectDraw	16	0		_CLSID_DirectDraw
005B8600	??_7Card2D@@6B@	56	0	Card2D	`vftable'
005B8638	??_7dgTrailerJoint@@6BphJoint@@@	24	0	dgTrailerJoint	`vftable'
005B8650	??_7dgTrailerJoint@@6BasFileIO@@@	64	0	dgTrailerJoint	`vftable'
005B8690	??_7phJoint@@6B@	24	0	phJoint	`vftable'
005B86A8	??_7asViewCS@@6B@	64	0	asViewCS	`vftable'
005B86E8	??_7asDofCS@@6B@	52	0	asDofCS	`vftable'
005B871C	??_7asFileIO@@6B@	36	0	asFileIO	`vftable'
005B8740	??_7datRefCount@@6B@	20	0	datRefCount	`vftable'
005B8754	??_7aiCableCarAudio@@6B@	24	0	aiCableCarAudio	`vftable'
005B876C	??_7aiSubwayAudio@@6B@	36	0	aiSubwayAudio	`vftable'
005B8790	??_7vehWheelCheap@@6B@	68	0	vehWheelCheap	`vftable'
005B87D4	??_7mmCompCity@@6B@	96	0	mmCompCity	`vftable'
005B8834	??_7mmCompBase@@6B@	96	0	mmCompBase	`vftable'
005B8894	??_7mmCompReplay@@6B@	96	0	mmCompReplay	`vftable'
005B88F4	??_7mmCompRaceRecord@@6B@	104	0	mmCompRaceRecord	`vftable'
005B895C	??_7mmCompDRecord@@6B@	96	0	mmCompDRecord	`vftable'
005B89BC	??_7mmCompRoster@@6B@	96	0	mmCompRoster	`vftable'
005B8A1C	??_7DirSnd@@6B@	34004	0	DirSnd	`vftable'
005C0EF0	__IMPORT_DESCRIPTOR_IMM32	20	0		__IMPORT_DESCRIPTOR_IMM32
005C0F04	__IMPORT_DESCRIPTOR_KeRNeL32	20	0		__IMPORT_DESCRIPTOR_KeRNeL32
005C0F18	__IMPORT_DESCRIPTOR_USER32	20	0		__IMPORT_DESCRIPTOR_USER32
005C0F2C	__IMPORT_DESCRIPTOR_SHELL32	20	0		__IMPORT_DESCRIPTOR_SHELL32
005C0F40	__IMPORT_DESCRIPTOR_DINPUT	20	0		__IMPORT_DESCRIPTOR_DINPUT
005C0F54	__IMPORT_DESCRIPTOR_DPLAYX	20	0		__IMPORT_DESCRIPTOR_DPLAYX
005C0F68	__IMPORT_DESCRIPTOR_WINMM	20	0		__IMPORT_DESCRIPTOR_WINMM
005C0F7C	__IMPORT_DESCRIPTOR_GDI32	20	0		__IMPORT_DESCRIPTOR_GDI32
005C0F90	__IMPORT_DESCRIPTOR_ADVAPI32	20	0		__IMPORT_DESCRIPTOR_ADVAPI32
005C0FA4	__IMPORT_DESCRIPTOR_ole32	20	0		__IMPORT_DESCRIPTOR_ole32
005C0FB8	__IMPORT_DESCRIPTOR_DSOUND	0	0		__IMPORT_DESCRIPTOR_DSOUND
005C28D4	?APPTITLE@@3PADA	4	0		APPTITLE
005C28D8	?DEFAULT_CITY@@3PADA	4	0		DEFAULT_CITY
005C28DC	?VERSION_STRING@@3PADA	4	0		VERSION_STRING
005C28E0	?szMagicName@@3PBDB	84	0		szMagicName
005C2934	Name	304	0		Name
005C2A64	Operation	656	0		Operation
005C2CF4	LibFileName	12	0		LibFileName
005C2D00	ProcName	2472	0		ProcName
005C36A8	SubKey	60	0		SubKey
005C36E4	ValueName	4552	0		ValueName
005C48AC	??_C@_08JOH@mmHudMap?$AA@	688	0		`string'
005C4B5C	??_C@_0P@HPJH@mmExternalView?$AA@	16	0		`string'
005C4B6C	??_C@_0L@GBJO@mmDashView?$AA@	880	0		`string'
005C4EDC	pszFaceName	2000	0		pszFaceName
005C56AC	?dgGameModeNames@@3PAPBDA	92	0		dgGameModeNames
005C5708	?sm_SDLVLowThresh@cityLevel@@2MA	4	0	cityLevel	sm_SDLVLowThresh
005C570C	?sm_SDLLowThresh@cityLevel@@2MA	4	0	cityLevel	sm_SDLLowThresh
005C5710	?sm_SDLMedThresh@cityLevel@@2MA	12	0	cityLevel	sm_SDLMedThresh
005C571C	?sm_ObjNoDrawThresh@lvlInstance@@2MA	4	0	lvlInstance	sm_ObjNoDrawThresh
005C5720	?sm_PerRoomLighting@@3_NA	1	0		sm_PerRoomLighting
005C5721	?sm_LightInstances@@3_NA	1	0		sm_LightInstances
005C5722	?sm_EnableFastIso@@3_NA	1	0		sm_EnableFastIso
005C5723	?sm_EnableEnvMaps@@3_NA	1	0		sm_EnableEnvMaps
005C5724	?sm_FogColor@@3IA	4	0		sm_FogColor
005C5728	?sm_LightQuality@cityLevel@@2HA	2312	0	cityLevel	sm_LightQuality
005C6030	?m_BevelMode@lvlAiMap@@2_NA	4	0	lvlAiMap	m_BevelMode
005C6034	?m_StopPropName@@3PAPADA	1260	0		m_StopPropName
005C6520	?sQuad@asMeshCardInfo@@2PAUasMeshCardVertex@@A	300	0	asMeshCardInfo	sQuad
005C664C	?sm_EnableShadows@lvlInstance@@0_NA	4	0	lvlInstance	sm_EnableShadows
005C6650	?gInstanceAlignMask@@3IA	4	0		gInstanceAlignMask
005C6654	?sm_ObjMaxThresh@lvlInstance@@2MA	4	0	lvlInstance	sm_ObjMaxThresh
005C6658	?sm_ObjVLowThresh@lvlInstance@@2MA	4	0	lvlInstance	sm_ObjVLowThresh
005C665C	?sm_ObjLowThresh@lvlInstance@@2MA	4	0	lvlInstance	sm_ObjLowThresh
005C6660	?sm_ObjMedThresh@lvlInstance@@2MA	492	0	lvlInstance	sm_ObjMedThresh
005C684C	?time_weather_variants@@3PAPADA	13936	0		time_weather_variants
005C9EBC	vglIndices	1064	0		vglIndices
005CA2E4	?sm_Errorf@datParser@@2P6AXPBDZZA	264	0	datParser	sm_Errorf
005CA3EC	?pageFlip@@3_NA	1	0		pageFlip
005CA3ED	?bWinBorder@@3_NA	1	0		bWinBorder
005CA3EE	?useMultiTexture@@3_NA	2	0		useMultiTexture
005CA3F0	ClassName	628	0		ClassName
005CA664	?enableHWTnL@@3_NA	36	0		enableHWTnL
005CA688	bDeviceLog	168	0		bDeviceLog
005CA730	Caption	16	0		Caption
005CA740	Text	6940	0		Text
005CC25C	WindowName	988	0		WindowName
005CC638	ddPixelFormats	3412	0		ddPixelFormats
005CD38C	?gfxLoadImage@@3P6APAVgfxImage@@PBD_N@ZA	420	0		gfxLoadImage
005CD530	?SYSFONT@@3UgfxFontInfo@@A	208	0		SYSFONT
005CD600	?sm_MaxActiveLights@gfxRenderState@@0HA	4	0	gfxRenderState	sm_MaxActiveLights
005CD604	?sm_MaxLights@gfxRenderState@@0HA	124	0	gfxRenderState	sm_MaxLights
005CD680	?gfxPrepareImage@@3P6APAVgfxImage@@PAV1@PBD_N@ZA	80	0		gfxPrepareImage
005CD6D0	?sm_VertBits@gfxPacket@@1EA	1	0	gfxPacket	sm_VertBits
005CD6D1	?sm_NormBits@gfxPacket@@1EA	1	0	gfxPacket	sm_NormBits
005CD6D2	?sm_CpvBits@gfxPacket@@1EA	1	0	gfxPacket	sm_CpvBits
005CD6D3	?sm_TexCoordBits@gfxPacket@@1EA	1809	0	gfxPacket	sm_TexCoordBits
005CDDE4	?bUseJoystick@ioInput@@2_NA	2428	0	ioInput	bUseJoystick
005CE760	?sm_IgnorePrefix@datAssetManager@@0_NA	188	0	datAssetManager	sm_IgnorePrefix
005CE81C	?datDisplayUsed@@3P6AXPBD@ZA	4	0		datDisplayUsed
005CE820	?Seconds@datTimeManager@@0MA	4	0	datTimeManager	Seconds
005CE824	?ActualSeconds@datTimeManager@@0MA	4	0	datTimeManager	ActualSeconds
005CE828	?InvSeconds@datTimeManager@@0MA	4	0	datTimeManager	InvSeconds
005CE82C	?FPS@datTimeManager@@0MA	4	0	datTimeManager	FPS
005CE830	?SampleStep@datTimeManager@@0MA	4	0	datTimeManager	SampleStep
005CE834	?ClampMax@datTimeManager@@0MA	4	0	datTimeManager	ClampMax
005CE838	?ClampMin@datTimeManager@@0MA	4	0	datTimeManager	ClampMin
005CE83C	?OverSamples@datTimeManager@@0IA	4	0	datTimeManager	OverSamples
005CE840	?FirstFrame@datTimeManager@@0_NA	812	0	datTimeManager	FirstFrame
005CEB6C	?sm_Errorf@datBaseTokenizer@@2P6AXPBDZZA	4	0	datBaseTokenizer	sm_Errorf
005CEB70	?CommentChar@datBaseTokenizer@@2HA	384	0	datBaseTokenizer	CommentChar
005CECF0	?PrintString@@3P6AXPBD@ZA	4	0		PrintString
005CECF4	lpOutputString	48	0		lpOutputString
005CED24	?Printer@@3P6AXHPBDPAD@ZA	64	0		Printer
005CED64	OutputString	20	0		OutputString
005CED78	?sm_DefaultOpenMethods@Stream@@0PBUcoreFileMethods@@B	4	0	Stream	sm_DefaultOpenMethods
005CED7C	?sm_DefaultCreateMethods@Stream@@0PBUcoreFileMethods@@B	12	0	Stream	sm_DefaultCreateMethods
005CED88	?memFile@@3UcoreFileMethods@@A	160	0		memFile
005CEE28	?coreFileStandard@@3UcoreFileMethods@@A	40	0		coreFileStandard
005CEE50	?RelaxTime@vehCarDamage@@0MA	4	0	vehCarDamage	RelaxTime
005CEE54	?ParticleMultiplier@vehCarDamage@@0MA	4	0	vehCarDamage	ParticleMultiplier
005CEE58	?bWobble@vehCarDamage@@0_NA	228	0	vehCarDamage	bWobble
005CEF3C	?MetricFactor@@3MA	1736	0		MetricFactor
005CF604	?TexName@vehWheelPtx@@2PADA	4	0	vehWheelPtx	TexName
005CF608	?PtxName@vehWheelPtx@@2PAPADA	1300	0	vehWheelPtx	PtxName
005CFB1C	?diffRatioMax@vehDrivetrain@@2MA	4	0	vehDrivetrain	diffRatioMax
005CFB20	?diffRatioMaxHighSpeed@vehDrivetrain@@2MA	4	0	vehDrivetrain	diffRatioMaxHighSpeed
005CFB24	?diffRatioHighSpeedLevel@vehDrivetrain@@2MA	1132	0	vehDrivetrain	diffRatioHighSpeedLevel
005CFF90	?UI_LEFT_MARGIN@UIMenu@@2MA	4	0	UIMenu	UI_LEFT_MARGIN
005CFF94	?UI_LEFT_MARGIN2@UIMenu@@2MA	4	0	UIMenu	UI_LEFT_MARGIN2
005CFF98	?UI_TOP_MARGIN@UIMenu@@2MA	4	0	UIMenu	UI_TOP_MARGIN
005CFF9C	?UI_BOTTOM_MARGIN@UIMenu@@2MA	4	0	UIMenu	UI_BOTTOM_MARGIN
005CFFA0	?WIDGET_WIDTH@UIMenu@@2MA	4	0	UIMenu	WIDGET_WIDTH
005CFFA4	?WIDGET_HEIGHT@UIMenu@@2MA	168	0	UIMenu	WIDGET_HEIGHT
005D004C	String	408	0		String
005D01E4	CommandLine	5868	0		CommandLine
005D18D0	Parameters	36	0		Parameters
005D18F4	File	12064	0		File
005D4814	?vehLoadNameList@@3PAPADA	512	0		vehLoadNameList
005D4A14	gfxObjectDetailMultiplier	23892	0		gfxObjectDetailMultiplier
005DA768	?zipFile@@3UcoreFileMethods@@A	9200	0		zipFile
005DCB58	__ctype	516	0		__ctype
005DCD5C	cbMultiByte	1040	0		cbMultiByte
005DD16C	lpMultiByteStr	3384	0		lpMultiByteStr
005DDEA4	?GlowScale@ltLight@@0MA	4	0	ltLight	GlowScale
005DDEA8	?GlowIntensity@ltLight@@0MA	4	0	ltLight	GlowIntensity
005DDEAC	?AmbientScale@ltLight@@0MA	8	0	ltLight	AmbientScale
005DDEB4	?DiffuseMinIntensity@ltLight@@0MA	4	0	ltLight	DiffuseMinIntensity
005DDEB8	?DiffuseMaxIntensity@ltLight@@0MA	8	0	ltLight	DiffuseMaxIntensity
005DDEC0	?NumGfxLights@ltLight@@0HA	1152	0	ltLight	NumGfxLights
005DE340	?aOutputFormats@@3PAUtag_fd@@A	10628	0		aOutputFormats
005E0CC4	?__VtResumeSampling@@3P6AHXZA	4	0		__VtResumeSampling
005E0CC8	?pShadowMem@@3PAXA	4	0		pShadowMem
005E0CCC	?splash_bg@@3PAVgfxBitmap@@A	12	0		splash_bg
005E0CD8	?__VtPauseSampling@@3P6AHXZA	32	0		__VtPauseSampling
005E0CF8	?NeedStartup@@3_NA	1	0		NeedStartup
005E0CF9	?ZoneStartup@@3_NA	1	0		ZoneStartup
005E0CFA	?GraphicsChange@@3EA	1	0		GraphicsChange
005E0CFB	?GraphicsPreviousMenu@@3EA	13	0		GraphicsPreviousMenu
005E0D08	?Instance@mmGameManager@@0PAV1@A	32	0	mmGameManager	Instance
005E0D28	?XcamCheat@@3HA	20	0		XcamCheat
005E0D3C	?RestoreCityCam@@3HA	4	0		RestoreCityCam
005E0D40	?PLAYER@@3PAVmmPlayer@@A	288008	0		PLAYER
00627248	?Instance@mmReplayManager@@0PAV1@A	996	0	mmReplayManager	Instance
0062762C	?bDebugPivot@RadialGauge@@0_NA	4	0	RadialGauge	bDebugPivot
00627630	?Instance@dgBangerActiveManager@@1PAV1@A	64	0	dgBangerActiveManager	Instance
00627670	?Instance@dgBangerDataManager@@1PAV1@A	8	0	dgBangerDataManager	Instance
00627678	?Instance@dgBangerManager@@1PAV1@A	8	0	dgBangerManager	Instance
00627680	?sm_Instance@dgTreeRenderer@@0PAV1@A	8	0	dgTreeRenderer	sm_Instance
00627688	?sm_ActiveGlassInstance@dgGlassInstance@@0PAPAV1@A	76	0	dgGlassInstance	sm_ActiveGlassInstance
006276D4	?sm_GlassParticles@dgGlassInstance@@0PAVptxGlass@@A	20	0	dgGlassInstance	sm_GlassParticles
006276E8	?sm_Texture@dgGlassInstance@@0PAVgfxTexture@@A	4	0	dgGlassInstance	sm_Texture
006276EC	?EnableTextureVariantHandler@@3_NA	12	0		EnableTextureVariantHandler
006276F8	?Instance@dgStatePack@@2PAU1@A	8	0	dgStatePack	Instance
00627700	?sm_LastPvsRoom@cityLevel@@0HA	4136	0	cityLevel	sm_LastPvsRoom
00628728	?sm_Sky@cityLevel@@0VlvlSky@@A	168	0	cityLevel	sm_Sky
006287D0	?sm_WarpCount@@3HA	8	0		sm_WarpCount
006287D8	?KeyLight@@3UgfxLight@@A	104	0		KeyLight
00628840	?Fill1Light@@3UgfxLight@@A	104	0		Fill1Light
006288A8	?Fill2Light@@3UgfxLight@@A	112	0		Fill2Light
00628918	?sm_FirstWarp@@3PAGA	4112	0		sm_FirstWarp
00629928	?SDL@cityLevel@@0VlvlSDL@@A	112	0	cityLevel	SDL
00629998	?sm_Lighting@cityLevel@@0VVector3@@A	16	0	cityLevel	sm_Lighting
006299A8	?TIMEWEATHERS@@3PAY0BA@VcityTimeWeatherLighting@@A	1216	0		TIMEWEATHERS
00629E68	?sm_WarpList@@3PAU__unnamed@@A	4096	0		sm_WarpList
0062AE68	?sm_PvsBuffer@cityLevel@@0PAEA	520	0	cityLevel	sm_PvsBuffer
0062B070	?sm_EnablePVS@@3_NA	4	0		sm_EnablePVS
0062B074	?sm_PVS@@3PAPAEA	5	0		sm_PVS
0062B079	?LAME_WHEELS@@3_NA	23	0		LAME_WHEELS
0062B090	?sm_CamPos@sdlCommon@@2VVector3@@A	12	0	sdlCommon	sm_CamPos
0062B09C	?sm_Count@sdlPoly@@1HA	4	0	sdlPoly	sm_Count
0062B0A0	?sm_LightTable@sdlCommon@@2PAIA	24840	0	sdlCommon	sm_LightTable
006311A8	?sm_Instance@sdlCommon@@0PAV1@A	8	0	sdlCommon	sm_Instance
006311B0	?sm_SDL@cityPropulator@@0PAVlvlSDL@@A	976	0	cityPropulator	sm_SDL
00631580	?m_Current@lvlAiMap@@2UlvlAiCurrent@@A	8	0	lvlAiMap	m_Current
00631588	?m_RoadCount@lvlAiMap@@2IA	4	0	lvlAiMap	m_RoadCount
0063158C	?m_AiRoads@lvlAiMap@@2PAVlvlAiRoad@@A	4	0	lvlAiMap	m_AiRoads
00631590	?Instances@fxShardManager@@1PAPAV1@A	160	0	fxShardManager	Instances
00631630	?NumInstances@fxShardManager@@1HA	8	0	fxShardManager	NumInstances
00631638	?SLH@@3VHashTable@@A	64	0		SLH
00631678	?sm_SubTaskName@lvlProgress@@0PAPADA	149284	0	lvlProgress	sm_SubTaskName
00655D9C	?sm_Singleton@lvlLevel@@1PAV1@A	4	0	lvlLevel	sm_Singleton
00655DA0	?sm_PhysicsMode@lvlLevel@@1_NA	31804	0	lvlLevel	sm_PhysicsMode
0065D9DC	?m_pInst@dgPhysManager@@2PAV1@A	4	0	dgPhysManager	m_pInst
0065D9E0	?PlayerInst@dgPhysManager@@2PAVlvlInstance@@A	14704	0	dgPhysManager	PlayerInst
00661350	?Instance@lvlMaterialMgr@@3PAV1@A	388	0	lvlMaterialMgr	Instance
006614D4	?ExecPath@@3PADA	612	0		ExecPath
00661738	?ROOT@@3VasRoot@@A	76	0		ROOT
00661784	?Instance@asCullManager@@1PAV1@A	4	0	asCullManager	Instance
00661788	?SuperQ@eqEventHandler@@2PAV1@A	32	0	eqEventHandler	SuperQ
006617A8	?RootFrame@asLinearCS@@0V1@A	128	0	asLinearCS	RootFrame
00661828	?FrameStack@asLinearCS@@0PAPAV1@A	132	0	asLinearCS	FrameStack
006618AC	?CurrentMatrix@asLinearCS@@0PAVMatrix34@@A	124	0	asLinearCS	CurrentMatrix
00661928	?vglCloudMapEnable@@3IA	8	0		vglCloudMapEnable
00661930	?vglOffset@@3VMatrix44@@A	64	0		vglOffset
00661970	?vglVertex@@3P6AXMMM@ZA	4	0		vglVertex
00661974	?vglCurrentColor@@3IA	76	0		vglCurrentColor
006619C0	vglNumBatches	4	0		vglNumBatches
006619C4	vglTextures	256	0		vglTextures
00661AC4	vglListThing	128	0		vglListThing
00661B44	vglVertexBuffer	131072	0		vglVertexBuffer
00681B44	vglVertexFVF	4	0		vglVertexFVF
00681B48	vglPrimListThing	4096	0		vglPrimListThing
00682B48	?vglVCT1@@3PAUvglVCT1_t@@A	4	0		vglVCT1
00682B4C	?vglCurrentNZ@@3MA	4	0		vglCurrentNZ
00682B50	?vglCurrentNX@@3MA	4	0		vglCurrentNX
00682B54	?vglCurrentNY@@3MA	4	0		vglCurrentNY
00682B58	?vglCount@@3HA	4	0		vglCount
00682B5C	?vglCurrentT@@3MA	4	0		vglCurrentT
00682B60	?vglCurrentS@@3MA	4	0		vglCurrentS
00682B64	?vglUseCloudMap@@3_NA	4	0		vglUseCloudMap
00682B68	?vglVNT1@@3PAUvglVNT1_t@@A	12	0		vglVNT1
00682B74	?vglCloudMapTexture@@3PAVgfxTexture@@A	4	0		vglCloudMapTexture
00682B78	vglDrawMode	12	0		vglDrawMode
00682B84	vglCountThing	1044	0		vglCountThing
00682F98	?mtxstack@@3PAVMatrix44@@A	4	0		mtxstack
00682F9C	?lpdsBack2@@3PAUIDirectDrawSurface7@@A	4	0		lpdsBack2
00682FA0	?hwndParent@@3PAUHWND__@@A	4	0		hwndParent
00682FA4	?lpdsZ@@3PAUIDirectDrawSurface7@@A	4	0		lpdsZ
00682FA8	?interfaceNames@@3PAY0CA@DA	256	0		interfaceNames
006830A8	?lpDD@@3PAUIDirectDraw7@@A	4	0		lpDD
006830AC	?lpD3D@@3PAUIDirect3D7@@A	4	0		lpD3D
006830B0	?lpdsFront@@3PAUIDirectDrawSurface7@@A	8	0		lpdsFront
006830B8	?hwndMain@@3PAUHWND__@@A	4	0		hwndMain
006830BC	?lpdsBack@@3PAUIDirectDrawSurface7@@A	8	0		lpdsBack
006830C4	?lpClip@@3PAUIDirectDrawClipper@@A	4	0		lpClip
006830C8	?lpD3DDev@@3PAUIDirect3DDevice7@@A	4	0		lpD3DDev
006830CC	?lpdsRend@@3PAUIDirectDrawSurface7@@A	4	0		lpdsRend
006830D0	?inWindow@@3_NA	1	0		inWindow
006830D1	?isMaximized@@3_NA	1	0		isMaximized
006830D2	?tripleBuffer@@3_NA	1	0		tripleBuffer
006830D3	?useReference@@3_NA	1	0		useReference
006830D4	?useSoftware@@3_NA	1	0		useSoftware
006830D5	?useAgeSoftware@@3_NA	1	0		useAgeSoftware
006830D6	?useBlade@@3_NA	1	0		useBlade
006830D7	?useSysMem@@3_NA	1	0		useSysMem
006830D8	?useInterface@@3HA	4	0		useInterface
006830DC	?interfaceCount@@3HA	8	0		interfaceCount
006830E4	?m_ZDepth@gfxPipeline@@0HA	4	0	gfxPipeline	m_ZDepth
006830E8	?gfxLostCallback@@3P6AXXZA	4	0		gfxLostCallback
006830EC	?m_X@gfxPipeline@@0HA	4	0	gfxPipeline	m_X
006830F0	?ATOM_class@@3UATOM@@A	4	0		ATOM_class
006830F4	?m_fWidth@gfxPipeline@@0MA	4	0	gfxPipeline	m_fWidth
006830F8	?m_ColorDepth@gfxPipeline@@0HA	4	0	gfxPipeline	m_ColorDepth
006830FC	?VP@gfxPipeline@@2PAVgfxViewport@@A	4	0	gfxPipeline	VP
00683100	?m_iHeight@gfxPipeline@@0HA	4	0	gfxPipeline	m_iHeight
00683104	?gfxDebug@@3HA	4	0		gfxDebug
00683108	iconId	4	0		iconId
0068310C	?OrthoVP@gfxPipeline@@2PAVgfxViewport@@A	4	0	gfxPipeline	OrthoVP
00683110	?m_Y@gfxPipeline@@0HA	4	0	gfxPipeline	m_Y
00683114	?m_EvtFlags@gfxPipeline@@0IA	12	0	gfxPipeline	m_EvtFlags
00683120	?m_fHeight@gfxPipeline@@0MA	4	0	gfxPipeline	m_fHeight
00683124	?m_Viewport@gfxPipeline@@0PAVgfxViewport@@A	4	0	gfxPipeline	m_Viewport
00683128	?m_iWidth@gfxPipeline@@0HA	8	0	gfxPipeline	m_iWidth
00683130	?gfxInterfaces@@3PAUgfxInterface@@A	4992	0		gfxInterfaces
006844B0	?gfxMinScreenWidth@@3HA	4	0		gfxMinScreenWidth
006844B4	?g_VisualizeZ@@3_NA	4	0		g_VisualizeZ
006844B8	?gfxRestoreCallback@@3P6AXXZA	4	0		gfxRestoreCallback
006844BC	?lpInterfaceGUID@@3PAU_GUID@@A	4	0		lpInterfaceGUID
006844C0	?gfxInterfaceCount@@3HA	4	0		gfxInterfaceCount
006844C4	?g_Tex565@@3_NA	4	0		g_Tex565
006844C8	?gfxInterfaceChoice@@3HA	4	0		gfxInterfaceChoice
006844CC	?gfxMinScreenHeight@@3HA	4	0		gfxMinScreenHeight
006844D0	?g_Tex555@@3_NA	4	0		g_Tex555
006844D4	?gfxInterfaceEnumIdx@@3HA	4	0		gfxInterfaceEnumIdx
006844D8	?gfxMaxScreenHeight@@3HA	8	0		gfxMaxScreenHeight
006844E0	?sInterfaceGUID@@3U_GUID@@A	16	0		sInterfaceGUID
006844F0	?gfxDDEnumCallback@@3P6GHPAU_GUID@@PADPADPAX@ZA	4	0		gfxDDEnumCallback
006844F4	?m_RenderTarget@gfxPipeline@@0PBVgfxTexture@@B	4	0	gfxPipeline	m_RenderTarget
006844F8	?useNativeVBs@@3_NA	4	0		useNativeVBs
006844FC	?gfxMaxScreenWidth@@3HA	4	0		gfxMaxScreenWidth
00684500	?sm_UseInternal@@3_NA	1	0		sm_UseInternal
00684501	?useHWTnL@@3_NA	23	0		useHWTnL
00684518	?lpDDCreate@@3P6GJPAUGUID@@PAXABUIID@@PAUIUnknown@@@ZA	5	0		lpDDCreate
0068451D	?novblank@@3_NA	3	0		novblank
00684520	?sm_First@gfxVertexBuffer@@2PAU1@A	4	0	gfxVertexBuffer	sm_First
00684524	?sm_UseInternalCache@gfxTexture@@0_NA	4	0	gfxTexture	sm_UseInternalCache
00684528	?sm_CurrentTime@gfxTextureCacheEntry@@0IA	4	0	gfxTextureCacheEntry	sm_CurrentTime
0068452C	?sm_FirstPool@gfxTexture@@0PAVgfxTextureCachePool@@A	2056	0	gfxTexture	sm_FirstPool
00684D34	?sm_EnableSetLOD@gfxTexture@@2_NA	1	0	gfxTexture	sm_EnableSetLOD
00684D35	?sm_LOD@gfxTexture@@0EA	1	0	gfxTexture	sm_LOD
00684D36	?sm_Allow32@gfxTexture@@2_NA	2	0	gfxTexture	sm_Allow32
00684D38	?sm_First@gfxTexture@@0PAV1@A	4	0	gfxTexture	sm_First
00684D3C	?sm_FirstActive@gfxTexture@@0PAV1@A	4	0	gfxTexture	sm_FirstActive
00684D40	?sm_First@gfxBitmap@@0PAV1@A	4	0	gfxBitmap	sm_First
00684D44	?sm_Use565@gfxImage@@2_NA	4	0	gfxImage	sm_Use565
00684D48	?sm_Font@gfxImage@@2PAV1@A	4	0	gfxImage	sm_Font
00684D4C	tga_palette	768	0		tga_palette
0068504C	tex_palette	1024	0		tex_palette
0068544C	?gLoadImageMem@@3HA	4	0		gLoadImageMem
00685450	?g_Allow8BitImages@@3_NA	4	0		g_Allow8BitImages
00685454	font_texture	4	0		font_texture
00685458	font_width	4	0		font_width
0068545C	font_height	4	0		font_height
00685460	?sm_Camera@gfxRenderState@@0VMatrix44@@A	64	0	gfxRenderState	sm_Camera
006854A0	?LASTRSTATE@@3VgfxRenderStateData@@A	80	0		LASTRSTATE
006854F0	?sm_SupportsBlendWithOne@gfxRenderState@@0_NA	8	0	gfxRenderState	sm_SupportsBlendWithOne
006854F8	?sm_Composite@gfxRenderState@@0VMatrix44@@A	64	0	gfxRenderState	sm_Composite
00685538	?sm_World@gfxRenderState@@0VMatrix44@@A	64	0	gfxRenderState	sm_World
00685578	?Sun@gfxLight@@2U1@A	168	0	gfxLight	Sun
00685620	?sm_FullComposite@gfxRenderState@@0VMatrix44@@A	64	0	gfxRenderState	sm_FullComposite
00685660	?sm_View@gfxRenderState@@0VMatrix44@@A	64	0	gfxRenderState	sm_View
006856A0	?RSTATE@@3VgfxRenderState@@A	152	0		RSTATE
00685738	?sm_Modelview@gfxRenderState@@0VMatrix44@@A	64	0	gfxRenderState	sm_Modelview
00685778	?m_Touched@gfxRenderState@@0HA	4	0	gfxRenderState	m_Touched
0068577C	?sm_MaxBlendMatrices@gfxRenderState@@0HA	12	0	gfxRenderState	sm_MaxBlendMatrices
00685788	?sm_MaxTextures@gfxRenderState@@0HA	4	0	gfxRenderState	sm_MaxTextures
0068578C	?FadeValue@gfxPipeline@@0MA	4	0	gfxPipeline	FadeValue
00685790	?StartFadeColor@gfxPipeline@@0IA	4	0	gfxPipeline	StartFadeColor
00685794	?EndFadeColor@gfxPipeline@@0IA	4	0	gfxPipeline	EndFadeColor
00685798	?FadeSpeed@gfxPipeline@@0MA	4	0	gfxPipeline	FadeSpeed
0068579C	?FadeColor@gfxPipeline@@0IA	4	0	gfxPipeline	FadeColor
006857A0	?TexHash@@3VHashTable@@A	24	0		TexHash
006857B8	?BitmapHash@@3VHashTable@@A	24	0		BitmapHash
006857D0	gfxTexReduceSize	4	0		gfxTexReduceSize
006857D4	?gfxLoadImageTime@@3MA	4	0		gfxLoadImageTime
006857D8	?gfxForceLVERTEX@@3_NA	4	0		gfxForceLVERTEX
006857DC	?sm_TexCoordScale@gfxPacket@@1MA	1284	0	gfxPacket	sm_TexCoordScale
00685CE0	?sm_VertScale@gfxPacket@@1MA	4	0	gfxPacket	sm_VertScale
00685CE4	?vbtableCount@@3HA	114700	0		vbtableCount
006A1CF0	?vblist@@3PAPAUIDirect3DVertexBuffer7@@A	1032	0		vblist
006A20F8	?MovieHash@@3VHashTable@@A	24	0		MovieHash
006A2110	?sm_First@gfxTextureMovie@@1PAV1@A	2384	0	gfxTextureMovie	sm_First
006A2A60	?lpD3DDevSoftware@@3PAUIDirect3DDevice7@@A	3604	0		lpD3DDevSoftware
006A3874	keybDI	4	0		keybDI
006A3878	keybDev	8	0		keybDev
006A3880	?lpDI@@3PAUIDirectInputA@@A	56	0		lpDI
006A38B8	mouseDev	20	0		mouseDev
006A38CC	?m_dX@ioMouse@@0HA	4	0	ioMouse	m_dX
006A38D0	?m_UseWindow@ioMouse@@0_NA	4	0	ioMouse	m_UseWindow
006A38D4	?m_InvHeight@ioMouse@@0MA	4	0	ioMouse	m_InvHeight
006A38D8	?m_Y@ioMouse@@0HA	4	0	ioMouse	m_Y
006A38DC	?m_X@ioMouse@@0HA	4	0	ioMouse	m_X
006A38E0	?m_Buttons@ioMouse@@0IA	4	0	ioMouse	m_Buttons
006A38E4	?m_LastButtons@ioMouse@@0IA	4	0	ioMouse	m_LastButtons
006A38E8	?m_dZ@ioMouse@@0HA	4	0	ioMouse	m_dZ
006A38EC	?m_InvWidth@ioMouse@@0MA	4	0	ioMouse	m_InvWidth
006A38F0	?m_dY@ioMouse@@0HA	4	0	ioMouse	m_dY
006A38F4	?m_WindowButtons@ioMouse@@0IA	4	0	ioMouse	m_WindowButtons
006A38F8	mouseDI	8	0		mouseDI
006A3900	?PADS@ioPad@@0PAV1@A	97	0	ioPad	PADS
006A3961	?sm_UseKeymap@ioPad@@0_NA	7	0	ioPad	sm_UseKeymap
006A3968	?STICKS@ioJoystick@@0PAV1@A	320	0	ioJoystick	STICKS
006A3AA8	?joyDebug@@3HA	4	0		joyDebug
006A3AAC	?StickCount@ioJoystick@@0HA	4	0	ioJoystick	StickCount
006A3AB0	?LogRandomCalls@@3P6AXXZA	4	0		LogRandomCalls
006A3AB4	?saveSeed@@3HA	4	0		saveSeed
006A3AB8	?oldLog@@3P6AXXZA	4	0		oldLog
006A3ABC	?secondarySeed@@3HA	4	0		secondarySeed
006A3AC0	?gRandSeed@@3HA	204	0		gRandSeed
006A3B8C	?sm_Path@datAssetManager@@0PADA	128	0	datAssetManager	sm_Path
006A3C0C	?assetDebug@@3HA	4	0		assetDebug
006A3C10	?ArgHash@datArgParser@@0VHashTable@@A	24	0	datArgParser	ArgHash
006A3C28	?Argv@datArgParser@@2PAPADA	8	0	datArgParser	Argv
006A3C30	?Argc@datArgParser@@2HA	4	0	datArgParser	Argc
006A3C34	?datCurrentMemoryAlign@@3HA	4	0		datCurrentMemoryAlign
006A3C38	?datCurrentMemoryBucket@@3HA	4	0		datCurrentMemoryBucket
006A3C3C	?PrevElapsedTime@datTimeManager@@0MA	4	0	datTimeManager	PrevElapsedTime
006A3C40	?ElapsedTime@datTimeManager@@0MA	4	0	datTimeManager	ElapsedTime
006A3C44	?TempOverSampleAmount@datTimeManager@@0HA	4	0	datTimeManager	TempOverSampleAmount
006A3C48	?Time@datTimeManager@@0VTimer@@A	4	0	datTimeManager	Time
006A3C4C	?TempSeconds@datTimeManager@@0MA	4	0	datTimeManager	TempSeconds
006A3C50	?FrameCount@datTimeManager@@0IA	4	0	datTimeManager	FrameCount
006A3C54	?ShowFrame@datTimeManager@@0_NA	1	0	datTimeManager	ShowFrame
006A3C55	?FrameStep@datTimeManager@@0_NA	3	0	datTimeManager	FrameStep
006A3C58	?Mode@datTimeManager@@0W4EnumTimeMode@1@A	4	0	datTimeManager	Mode
006A3C5C	?TempOverSampling@datTimeManager@@0_NA	4	0	datTimeManager	TempOverSampling
006A3C60	?First@HashTable@@0PAV1@A	148	0	HashTable	First
006A3CF4	dwPriorityClass	4	0		dwPriorityClass
006A3CF8	nPriority	8	0		nPriority
006A3D00	?TicksToSeconds@Timer@@2MA	4	0	Timer	TicksToSeconds
006A3D04	?TicksToMilliseconds@Timer@@0MA	12	0	Timer	TicksToMilliseconds
006A3D10	?NullCallback@@3VdatCallback@@A	40	0		NullCallback
006A3D38	?gFatalMessageHandler@@3P6AXPBD@ZA	4	0		gFatalMessageHandler
006A3D3C	b_popUpErrors	8	0		b_popUpErrors
006A3D44	beforeMsgBoxCB	4	0		beforeMsgBoxCB
006A3D48	afterMsgBoxCB	4	0		afterMsgBoxCB
006A3D4C	?OutputSent@datOutput@@0_NA	364	0	datOutput	OutputSent
006A3EB8	?sm_Streams@Stream@@0PAV1@A	4	0	Stream	sm_Streams
006A3EBC	?sm_Buffers@Stream@@0PAY0BAAA@DA	49176	0	Stream	sm_Buffers
006AFED4	?EngineSmokeRule@vehCarDamage@@0PAVasBirthRule@@A	4	0	vehCarDamage	EngineSmokeRule
006AFED8	?EngineSmokeRuleRef@vehCarDamage@@0HA	28	0	vehCarDamage	EngineSmokeRuleRef
006AFEF4	?s_CSVCatString@aiAmbientVehicleAudio@@0PADA	20	0	aiAmbientVehicleAudio	s_CSVCatString
006AFF08	?s_ppHornAudioContainer@aiAmbientVehicleAudio@@0PAPAV?$Aud3DManagerData@VvehHornAudio@@@@A	4	0	aiAmbientVehicleAudio	s_ppHornAudioContainer
006AFF0C	?s_ppAudCreatureContainer@aiAmbientVehicleAudio@@0PAPAV?$Aud3DManagerData@VAudCreature@@@@A	4	0	aiAmbientVehicleAudio	s_ppAudCreatureContainer
006AFF10	?s_ppEngineAudioContainer@aiAmbientVehicleAudio@@0PAPAV?$Aud3DManagerData@VaiEngineAudio@@@@A	4	0	aiAmbientVehicleAudio	s_ppEngineAudioContainer
006AFF14	?s_ppAudImpactContainer@aiAmbientVehicleAudio@@0PAPAV?$Aud3DManagerData@VAudImpact@@@@A	4	0	aiAmbientVehicleAudio	s_ppAudImpactContainer
006AFF18	?s_iNumHornAudioContainers@aiAmbientVehicleAudio@@0HA	4	0	aiAmbientVehicleAudio	s_iNumHornAudioContainers
006AFF1C	?s_iNumEngineAudioContainers@aiAmbientVehicleAudio@@0HA	4	0	aiAmbientVehicleAudio	s_iNumEngineAudioContainers
006AFF20	?s_iNumAudCreatureContainers@aiAmbientVehicleAudio@@0HA	4	0	aiAmbientVehicleAudio	s_iNumAudCreatureContainers
006AFF24	?s_iNumAudImpactContainers@aiAmbientVehicleAudio@@0HA	4	0	aiAmbientVehicleAudio	s_iNumAudImpactContainers
006AFF28	?s_iVoiceFileNum@aiAmbientVehicleAudio@@0HA	12	0	aiAmbientVehicleAudio	s_iVoiceFileNum
006AFF34	?s_iNumPoliceNames@vehCarAudioContainer@@0HA	4	0	vehCarAudioContainer	s_iNumPoliceNames
006AFF38	?s_iNumSemiNames@vehCarAudioContainer@@0HA	8	0	vehCarAudioContainer	s_iNumSemiNames
006AFF40	?s_acSirenCSVName@vehCarAudioContainer@@0PADA	96	0	vehCarAudioContainer	s_acSirenCSVName
006AFFA0	?s_bTypesRegistered@vehCarAudioContainer@@0_NA	1	0	vehCarAudioContainer	s_bTypesRegistered
006AFFA1	?s_bAlwaysNitro@vehCarAudioContainer@@0_NA	3	0	vehCarAudioContainer	s_bAlwaysNitro
006AFFA4	?s_ppSemiName@vehCarAudioContainer@@0PAPADA	4	0	vehCarAudioContainer	s_ppSemiName
006AFFA8	?s_ppPoliceName@vehCarAudioContainer@@0PAPADA	4	0	vehCarAudioContainer	s_ppPoliceName
006AFFAC	?Rule@vehWheelPtx@@2PAPAVasBirthRule@@A	52	0	vehWheelPtx	Rule
006AFFE0	?_fCopUpdate@@3MA	4	0		_fCopUpdate
006AFFE4	?s_iNumCopsPursuingPlayer@vehPoliceCarAudio@@0HA	328	0	vehPoliceCarAudio	s_iNumCopsPursuingPlayer
006B012C	?Instance@MenuManager@@2PAV1@A	4	0	MenuManager	Instance
006B0130	menu_fg_color	160	0		menu_fg_color
006B01D0	hObject	600	0		hObject
006B0428	?gfxRendererChoice@@3HA	36	0		gfxRendererChoice
006B044C	?interfaceChoice@@3HA	8	0		interfaceChoice
006B0454	?mmCpuSpeed@@3IA	20	0		mmCpuSpeed
006B0468	?NeedFullShutdown@@3_NA	256	0		NeedFullShutdown
006B0568	hHandle	88	0		hHandle
006B05C0	?CircuitData@RaceMenuBase@@2VmmRaceData@@A	1208	0	RaceMenuBase	CircuitData
006B0A78	?RaceData@RaceMenuBase@@2VmmRaceData@@A	1208	0	RaceMenuBase	RaceData
006B0F30	?BlitzData@RaceMenuBase@@2VmmRaceData@@A	1332	0	RaceMenuBase	BlitzData
006B1464	?s_pAgeAudioManager@AudSoundBase@@0PAVaudManager@@A	4	0	AudSoundBase	s_pAgeAudioManager
006B1468	?s_pacDefSubPath@AudSoundBase@@0PADA	4	0	AudSoundBase	s_pacDefSubPath
006B146C	?s_pacDefExtension@AudSoundBase@@0PADA	8	0	AudSoundBase	s_pacDefExtension
006B1474	?AUDMGRPTR@@3PAVAudManagerBase@@A	4	0		AUDMGRPTR
006B1478	?AUDMUSICPTR@@3PAVAudStreamingMusic@@A	28	0		AUDMUSICPTR
006B1494	?AUD3DOBJMGRPTR@@3PAVAud3DObjectManager@@A	316	0		AUD3DOBJMGRPTR
006B15D0	?MMAUDMGRPTR@@3PAVAudManager@@A	28	0		MMAUDMGRPTR
006B15EC	?MUSICMANAGERPTR@@3PAVMMDMusicManager@@A	36	0		MUSICMANAGERPTR
006B1610	?MMSTATE@@3VmmStatePack@@A	4	0		MMSTATE
006B1614	raceId	4	0		raceId
006B1618	trafficDensity	4	0		trafficDensity
006B161C	pedestrianDensity	4	0		pedestrianDensity
006B1620	copDensity	4	0		copDensity
006B1624	opponentDensity	56	0		opponentDensity
006B165C	gfxTextureQuality	8	0		gfxTextureQuality
006B1664	timeOfDay	4	0		timeOfDay
006B1668	weatherType	8	0		weatherType
006B1670	audioFlags	4	0		audioFlags
006B1674	pedestriansEnabled	8	0		pedestriansEnabled
006B167C	cityName	40	0		cityName
006B16A4	cityName2	40	0		cityName2
006B16CC	replayName	40	0		replayName
006B16F4	vehicleId	4	0		vehicleId
006B16F8	inputDevice	40	0		inputDevice
006B1720	vehicleName	80	0		vehicleName
006B1770	vehiclePaintjob	4	0		vehiclePaintjob
006B1774	netName	84	0		netName
006B17C8	splashScreen	8	0		splashScreen
006B17D0	soundFxVolume	4	0		soundFxVolume
006B17D4	audioBalance	4	0		audioBalance
006B17D8	musicVolume	4	0		musicVolume
006B17DC	numAudioChannels	22	0		numAudioChannels
006B17F2	audDeviceName	200	0		audDeviceName
006B18BA	hasMusicCD	10	0		hasMusicCD
006B18C4	cnr_team	4	0		cnr_team
006B18C8	cnr_timeLimit	4	0		cnr_timeLimit
006B18CC	cnr_pointLimit	4	0		cnr_pointLimit
006B18D0	cnr_goldMass	179	0		cnr_goldMass
006B1983	iconState	3	0		iconState
006B1986	bHudOrient	1	0		bHudOrient
006B1987	bHudZoomIn	9	0		bHudZoomIn
006B1990	gfxFarClip	4	0		gfxFarClip
006B1994	gfxEnableSky	4	0		gfxEnableSky
006B1998	gxLightQuality	4	0		gxLightQuality
006B199C	gfxUsePortals	4	0		gfxUsePortals
006B19A0	gfxObjectDetail	4	0		gfxObjectDetail
006B19A4	gfxUseEnvMap	4	0		gfxUseEnvMap
006B19A8	gfxCloudShadows	4	0		gfxCloudShadows
006B19AC	bCheating	8	0		bCheating
006B19B4	unlockRewards	7	0		unlockRewards
006B19BB	useDialup	1	0		useDialup
006B19BC	useIME	4	0		useIME
006B19C0	imeContext	8	0		imeContext
006B19C8	netStartArray	48	0		netStartArray
006B19F8	?MMCURRPLAYER@@3VmmPlayerData@@A	680	0		MMCURRPLAYER
006B1CA0	?CityListPtr@@3PAVmmCityList@@A	8	0		CityListPtr
006B1CA8	?VehicleListPtr@@3PAVmmVehList@@A	40	0		VehicleListPtr
006B1CD0	?SizeOf@mmRecord@@2HA	4	0	mmRecord	SizeOf
006B1CD4	?SizeOf@mmPlayerRecord@@2HA	24	0	mmPlayerRecord	SizeOf
006B1CEC	?IODev@@3PAVmmIODev@@A	4	0		IODev
006B1CF0	?GameInputPtr@@3PAVmmInput@@A	52	0		GameInputPtr
006B1D24	Buffer	64	0		Buffer
006B1D64	hInstance	92	0		hInstance
006B1DC0	string_buffer	4096	0		string_buffer
006B2DC0	string_index	80	0		string_index
006B2E10	?AIMAP@@3VaiMap@@A	492	0		AIMAP
006B2FFC	?ObjCount@aiTrafficLightSet@@0FA	8	0	aiTrafficLightSet	ObjCount
006B3004	?s_iFemaleFileNum@aiPedAudio@@0HA	16	0	aiPedAudio	s_iFemaleFileNum
006B3014	?s_CSVCatString@aiPedAudio@@0PADA	12	0	aiPedAudio	s_CSVCatString
006B3020	?s_iMaleFileNum@aiPedAudio@@0HA	396	0	aiPedAudio	s_iMaleFileNum
006B31AC	?Instance@aiVehicleManager@@2PAV1@A	1980	0	aiVehicleManager	Instance
006B3968	?NETMGR@@3VasNetwork@@A	2208	0		NETMGR
006B4208	?sm_LogOpen@zipFile@@2_NA	1184	0	zipFile	sm_LogOpen
006B46A8	?Current@memMemoryAllocator@@0PAV1@A	4	0	memMemoryAllocator	Current
006B46AC	?First@memMemoryAllocator@@0PAV1@A	16	0	memMemoryAllocator	First
006B46BC	?SAILBOAT@@3PAVgizSailboatMgr@@A	132	0		SAILBOAT
006B4740	?Instance@pedRagdollMgr@@2PAV1@A	56	0	pedRagdollMgr	Instance
006B4778	Filename	280	0		Filename
006B4890	__osver	4	0		__osver
006B4894	_winver	4	0		_winver
006B4898	__winmajor	4	0		__winmajor
006B489C	__winminor	4	0		__winminor
006B48A0	___argc	4	0		___argc
006B48A4	___argv	92	0		___argv
006B4900	lpFindFileData	4	0		lpFindFileData
006B4904	hFindFile	28	0		hFindFile
006B4920	lp	72	0		lp
006B4968	TimeZoneInformation	252	0		TimeZoneInformation
006B4A64	Locale	16	0		Locale
006B4A74	CodePage	80	0		CodePage
006B4AC4	lpTopLevelExceptionFilter	180	0		lpTopLevelExceptionFilter
006B4B78	blendSet	36	0		blendSet
006B4B9C	ltGlowTexture	12	0		ltGlowTexture
006B4BA8	numActiveLights	28	0		numActiveLights
006B4BC4	gfxViewportThing1	8	0		gfxViewportThing1
006B4BCC	gfxTextureRT	4	0		gfxTextureRT
006B4BD0	gfxViewportThing2	28	0		gfxViewportThing2
006B4BEC	?_fCableCarUpdate@@3MA	56	0		_fCableCarUpdate
006B4C24	?audDebug@@3HA	8	0		audDebug
006B4C2C	?DSGlobalPtr@@3PAVDirSnd@@A	12	0		DSGlobalPtr
006B4C38	___sbh_sizeHeaderList	4	0		___sbh_sizeHeaderList
006B4C3C	___sbh_indGroupDefer	4	0		___sbh_indGroupDefer
006B4C40	___sbh_pHeaderScan	4	0		___sbh_pHeaderScan
006B4C44	___sbh_pHeaderDefer	4	0		___sbh_pHeaderDefer
006B4C48	___sbh_cntHeaderList	4	0		___sbh_cntHeaderList
006B4C4C	___sbh_pHeaderList	4	0		___sbh_pHeaderList
006B4C50	__crtheap	272	0		__crtheap
006B4D60	uNumber	548	0		uNumber
006B4F84	___mblcid	28	0		___mblcid
006B4FA0	__bufin	4096	0		__bufin
006B5FA0	__nstream	4	0		__nstream
006B5FA4	__acmdln	4	0		__acmdln
006B5FA8	___env_initialized	4	0		___env_initialized
006B5FAC	___mbctype_initialized	4	0		___mbctype_initialized
006B5FB0	___onexitend	4	0		___onexitend
006B5FB4	___onexitbegin	0	0		___onexitbegin
